service_date,time_band,vehicles,trips,source_file,source_period,source_granularity,source_generated_at
2026-07-01,0hs,6,9,Dados de Utilização do Transporte Municipal/Julho_2026/Mensal/Mensal_Resumo_FxHr_202607.html,Julho_2026,monthly,2026-08-04T14:37:00
2026-07-01,10hs,42,62,Dados de Utilização do Transporte Municipal/Julho_2026/Mensal/Mensal_Resumo_FxHr_202607.html,Julho_2026,monthly,2026-08-04T14:37:00
2026-07-01,11hs,41,68,Dados de Utilização do Transporte Municipal/Julho_2026/Mensal/Mensal_Resumo_FxHr_202607.html,Julho_2026,monthly,2026-08-04T14:37:00
2026-07-01,12hs,45,83,Dados de Utilização do Transporte Municipal/Julho_2026/Mensal/Mensal_Resumo_FxHr_202607.html,Julho_2026,monthly,2026-08-04T14:37:00
2026-07-01,13hs,44,85,Dados de Utilização do Transporte Municipal/Julho_2026/Mensal/Mensal_Resumo_FxHr_202607.html,Julho_2026,monthly,2026-08-04T14:37:00
2026-07-01,14hs,44,84,Dados de Utilização do Transporte Municipal/Julho_2026/Mensal/Mensal_Resumo_FxHr_202607.html,Julho_2026,monthly,2026-08-04T14:37:00
2026-07-01,15hs,42,74,Dados de Utilização do Transporte Municipal/Julho_2026/Mensal/Mensal_Resumo_FxHr_202607.html,Julho_2026,monthly,2026-08-04T14:37:00
2026-07-01,16hs,44,77,Dados de Utilização do Transporte Municipal/Julho_2026/Mensal/Mensal_Resumo_FxHr_202607.html,Julho_2026,monthly,2026-08-04T14:37:00
2026-07-01,17hs,44,77,Dados de Utilização do Transporte Municipal/Julho_2026/Mensal/Mensal_Resumo_FxHr_202607.html,Julho_2026,monthly,2026-08-04T14:37:00
2026-07-01,18hs,44,82,Dados de Utilização do Transporte Municipal/Julho_2026/Mensal/Mensal_Resumo_FxHr_202607.html,Julho_2026,monthly,2026-08-04T14:37:00
2026-07-01,19hs,41,66,Dados de Utilização do Transporte Municipal/Julho_2026/Mensal/Mensal_Resumo_FxHr_202607.html,Julho_2026,monthly,2026-08-04T14:37:00
2026-07-01,20hs,39,59,Dados de Utilização do Transporte Municipal/Julho_2026/Mensal/Mensal_Resumo_FxHr_202607.html,Julho_2026,monthly,2026-08-04T14:37:00
2026-07-01,21hs,41,69,Dados de Utilização do Transporte Municipal/Julho_2026/Mensal/Mensal_Resumo_FxHr_202607.html,Julho_2026,monthly,2026-08-04T14:37:00
2026-07-01,22hs,25,53,Dados de Utilização do Transporte Municipal/Julho_2026/Mensal/Mensal_Resumo_FxHr_202607.html,Julho_2026,monthly,2026-08-04T14:37:00
2026-07-01,23hs,21,40,Dados de Utilização do Transporte Municipal/Julho_2026/Mensal/Mensal_Resumo_FxHr_202607.html,Julho_2026,monthly,2026-08-04T14:37:00
2026-07-01,4hs,14,18,Dados de Utilização do Transporte Municipal/Julho_2026/Mensal/Mensal_Resumo_FxHr_202607.html,Julho_2026,monthly,2026-08-04T14:37:00
2026-07-01,5hs,35,66,Dados de Utilização do Transporte Municipal/Julho_2026/Mensal/Mensal_Resumo_FxHr_202607.html,Julho_2026,monthly,2026-08-04T14:37:00
2026-07-01,6hs,44,89,Dados de Utilização do Transporte Municipal/Julho_2026/Mensal/Mensal_Resumo_FxHr_202607.html,Julho_2026,monthly,2026-08-04T14:37:00
2026-07-01,7hs,44,83,Dados de Utilização do Transporte Municipal/Julho_2026/Mensal/Mensal_Resumo_FxHr_202607.html,Julho_2026,monthly,2026-08-04T14:37:00
2026-07-01,8hs,44,81,Dados de Utilização do Transporte Municipal/Julho_2026/Mensal/Mensal_Resumo_FxHr_202607.html,Julho_2026,monthly,2026-08-04T14:37:00
2026-07-01,9hs,39,67,Dados de Utilização do Transporte Municipal/Julho_2026/Mensal/Mensal_Resumo_FxHr_202607.html,Julho_2026,monthly,2026-08-04T14:37:00
2026-07-02,0hs,6,9,Dados de Utilização do Transporte Municipal/Julho_2026/Mensal/Mensal_Resumo_FxHr_202607.html,Julho_2026,monthly,2026-08-04T14:37:00
2026-07-02,10hs,42,62,Dados de Utilização do Transporte Municipal/Julho_2026/Mensal/Mensal_Resumo_FxHr_202607.html,Julho_2026,monthly,2026-08-04T14:37:00
2026-07-02,11hs,41,70,Dados de Utilização do Transporte Municipal/Julho_2026/Mensal/Mensal_Resumo_FxHr_202607.html,Julho_2026,monthly,2026-08-04T14:37:00
2026-07-02,12hs,44,82,Dados de Utilização do Transporte Municipal/Julho_2026/Mensal/Mensal_Resumo_FxHr_202607.html,Julho_2026,monthly,2026-08-04T14:37:00
2026-07-02,13hs,44,84,Dados de Utilização do Transporte Municipal/Julho_2026/Mensal/Mensal_Resumo_FxHr_202607.html,Julho_2026,monthly,2026-08-04T14:37:00
2026-07-02,14hs,44,86,Dados de Utilização do Transporte Municipal/Julho_2026/Mensal/Mensal_Resumo_FxHr_202607.html,Julho_2026,monthly,2026-08-04T14:37:00
2026-07-02,15hs,43,74,Dados de Utilização do Transporte Municipal/Julho_2026/Mensal/Mensal_Resumo_FxHr_202607.html,Julho_2026,monthly,2026-08-04T14:37:00
2026-07-02,16hs,44,77,Dados de Utilização do Transporte Municipal/Julho_2026/Mensal/Mensal_Resumo_FxHr_202607.html,Julho_2026,monthly,2026-08-04T14:37:00
2026-07-02,17hs,44,80,Dados de Utilização do Transporte Municipal/Julho_2026/Mensal/Mensal_Resumo_FxHr_202607.html,Julho_2026,monthly,2026-08-04T14:37:00
2026-07-02,18hs,44,80,Dados de Utilização do Transporte Municipal/Julho_2026/Mensal/Mensal_Resumo_FxHr_202607.html,Julho_2026,monthly,2026-08-04T14:37:00
2026-07-02,19hs,41,68,Dados de Utilização do Transporte Municipal/Julho_2026/Mensal/Mensal_Resumo_FxHr_202607.html,Julho_2026,monthly,2026-08-04T14:37:00
2026-07-02,20hs,37,57,Dados de Utilização do Transporte Municipal/Julho_2026/Mensal/Mensal_Resumo_FxHr_202607.html,Julho_2026,monthly,2026-08-04T14:37:00
2026-07-02,21hs,41,69,Dados de Utilização do Transporte Municipal/Julho_2026/Mensal/Mensal_Resumo_FxHr_202607.html,Julho_2026,monthly,2026-08-04T14:37:00
2026-07-02,22hs,25,53,Dados de Utilização do Transporte Municipal/Julho_2026/Mensal/Mensal_Resumo_FxHr_202607.html,Julho_2026,monthly,2026-08-04T14:37:00
2026-07-02,23hs,21,40,Dados de Utilização do Transporte Municipal/Julho_2026/Mensal/Mensal_Resumo_FxHr_202607.html,Julho_2026,monthly,2026-08-04T14:37:00
2026-07-02,4hs,13,17,Dados de Utilização do Transporte Municipal/Julho_2026/Mensal/Mensal_Resumo_FxHr_202607.html,Julho_2026,monthly,2026-08-04T14:37:00
2026-07-02,5hs,35,68,Dados de Utilização do Transporte Municipal/Julho_2026/Mensal/Mensal_Resumo_FxHr_202607.html,Julho_2026,monthly,2026-08-04T14:37:00
2026-07-02,6hs,44,85,Dados de Utilização do Transporte Municipal/Julho_2026/Mensal/Mensal_Resumo_FxHr_202607.html,Julho_2026,monthly,2026-08-04T14:37:00
2026-07-02,7hs,44,85,Dados de Utilização do Transporte Municipal/Julho_2026/Mensal/Mensal_Resumo_FxHr_202607.html,Julho_2026,monthly,2026-08-04T14:37:00
2026-07-02,8hs,44,82,Dados de Utilização do Transporte Municipal/Julho_2026/Mensal/Mensal_Resumo_FxHr_202607.html,Julho_2026,monthly,2026-08-04T14:37:00
2026-07-02,9hs,39,66,Dados de Utilização do Transporte Municipal/Julho_2026/Mensal/Mensal_Resumo_FxHr_202607.html,Julho_2026,monthly,2026-08-04T14:37:00
2026-07-03,0hs,6,9,Dados de Utilização do Transporte Municipal/Julho_2026/Mensal/Mensal_Resumo_FxHr_202607.html,Julho_2026,monthly,2026-08-04T14:37:00
2026-07-03,10hs,42,63,Dados de Utilização do Transporte Municipal/Julho_2026/Mensal/Mensal_Resumo_FxHr_202607.html,Julho_2026,monthly,2026-08-04T14:37:00
2026-07-03,11hs,41,69,Dados de Utilização do Transporte Municipal/Julho_2026/Mensal/Mensal_Resumo_FxHr_202607.html,Julho_2026,monthly,2026-08-04T14:37:00
2026-07-03,12hs,44,83,Dados de Utilização do Transporte Municipal/Julho_2026/Mensal/Mensal_Resumo_FxHr_202607.html,Julho_2026,monthly,2026-08-04T14:37:00
2026-07-03,13hs,43,85,Dados de Utilização do Transporte Municipal/Julho_2026/Mensal/Mensal_Resumo_FxHr_202607.html,Julho_2026,monthly,2026-08-04T14:37:00
2026-07-03,14hs,44,84,Dados de Utilização do Transporte Municipal/Julho_2026/Mensal/Mensal_Resumo_FxHr_202607.html,Julho_2026,monthly,2026-08-04T14:37:00
2026-07-03,15hs,43,76,Dados de Utilização do Transporte Municipal/Julho_2026/Mensal/Mensal_Resumo_FxHr_202607.html,Julho_2026,monthly,2026-08-04T14:37:00
2026-07-03,16hs,44,80,Dados de Utilização do Transporte Municipal/Julho_2026/Mensal/Mensal_Resumo_FxHr_202607.html,Julho_2026,monthly,2026-08-04T14:37:00
2026-07-03,17hs,44,78,Dados de Utilização do Transporte Municipal/Julho_2026/Mensal/Mensal_Resumo_FxHr_202607.html,Julho_2026,monthly,2026-08-04T14:37:00
2026-07-03,18hs,44,81,Dados de Utilização do Transporte Municipal/Julho_2026/Mensal/Mensal_Resumo_FxHr_202607.html,Julho_2026,monthly,2026-08-04T14:37:00
2026-07-03,19hs,40,64,Dados de Utilização do Transporte Municipal/Julho_2026/Mensal/Mensal_Resumo_FxHr_202607.html,Julho_2026,monthly,2026-08-04T14:37:00
2026-07-03,20hs,39,59,Dados de Utilização do Transporte Municipal/Julho_2026/Mensal/Mensal_Resumo_FxHr_202607.html,Julho_2026,monthly,2026-08-04T14:37:00
2026-07-03,21hs,41,69,Dados de Utilização do Transporte Municipal/Julho_2026/Mensal/Mensal_Resumo_FxHr_202607.html,Julho_2026,monthly,2026-08-04T14:37:00
2026-07-03,22hs,25,54,Dados de Utilização do Transporte Municipal/Julho_2026/Mensal/Mensal_Resumo_FxHr_202607.html,Julho_2026,monthly,2026-08-04T14:37:00
2026-07-03,23hs,21,39,Dados de Utilização do Transporte Municipal/Julho_2026/Mensal/Mensal_Resumo_FxHr_202607.html,Julho_2026,monthly,2026-08-04T14:37:00
2026-07-03,4hs,13,17,Dados de Utilização do Transporte Municipal/Julho_2026/Mensal/Mensal_Resumo_FxHr_202607.html,Julho_2026,monthly,2026-08-04T14:37:00
2026-07-03,5hs,35,69,Dados de Utilização do Transporte Municipal/Julho_2026/Mensal/Mensal_Resumo_FxHr_202607.html,Julho_2026,monthly,2026-08-04T14:37:00
2026-07-03,6hs,44,85,Dados de Utilização do Transporte Municipal/Julho_2026/Mensal/Mensal_Resumo_FxHr_202607.html,Julho_2026,monthly,2026-08-04T14:37:00
2026-07-03,7hs,44,84,Dados de Utilização do Transporte Municipal/Julho_2026/Mensal/Mensal_Resumo_FxHr_202607.html,Julho_2026,monthly,2026-08-04T14:37:00
2026-07-03,8hs,44,81,Dados de Utilização do Transporte Municipal/Julho_2026/Mensal/Mensal_Resumo_FxHr_202607.html,Julho_2026,monthly,2026-08-04T14:37:00
2026-07-03,9hs,39,65,Dados de Utilização do Transporte Municipal/Julho_2026/Mensal/Mensal_Resumo_FxHr_202607.html,Julho_2026,monthly,2026-08-04T14:37:00
2026-07-04,0hs,4,5,Dados de Utilização do Transporte Municipal/Julho_2026/Mensal/Mensal_Resumo_FxHr_202607.html,Julho_2026,monthly,2026-08-04T14:37:00
2026-07-04,10hs,33,52,Dados de Utilização do Transporte Municipal/Julho_2026/Mensal/Mensal_Resumo_FxHr_202607.html,Julho_2026,monthly,2026-08-04T14:37:00
2026-07-04,11hs,34,61,Dados de Utilização do Transporte Municipal/Julho_2026/Mensal/Mensal_Resumo_FxHr_202607.html,Julho_2026,monthly,2026-08-04T14:37:00
2026-07-04,12hs,35,60,Dados de Utilização do Transporte Municipal/Julho_2026/Mensal/Mensal_Resumo_FxHr_202607.html,Julho_2026,monthly,2026-08-04T14:37:00
2026-07-04,13hs,32,60,Dados de Utilização do Transporte Municipal/Julho_2026/Mensal/Mensal_Resumo_FxHr_202607.html,Julho_2026,monthly,2026-08-04T14:37:00
2026-07-04,14hs,32,54,Dados de Utilização do Transporte Municipal/Julho_2026/Mensal/Mensal_Resumo_FxHr_202607.html,Julho_2026,monthly,2026-08-04T14:37:00
2026-07-04,15hs,30,62,Dados de Utilização do Transporte Municipal/Julho_2026/Mensal/Mensal_Resumo_FxHr_202607.html,Julho_2026,monthly,2026-08-04T14:37:00
2026-07-04,16hs,31,59,Dados de Utilização do Transporte Municipal/Julho_2026/Mensal/Mensal_Resumo_FxHr_202607.html,Julho_2026,monthly,2026-08-04T14:37:00
2026-07-04,17hs,31,66,Dados de Utilização do Transporte Municipal/Julho_2026/Mensal/Mensal_Resumo_FxHr_202607.html,Julho_2026,monthly,2026-08-04T14:37:00
2026-07-04,18hs,31,57,Dados de Utilização do Transporte Municipal/Julho_2026/Mensal/Mensal_Resumo_FxHr_202607.html,Julho_2026,monthly,2026-08-04T14:37:00
2026-07-04,19hs,31,51,Dados de Utilização do Transporte Municipal/Julho_2026/Mensal/Mensal_Resumo_FxHr_202607.html,Julho_2026,monthly,2026-08-04T14:37:00
2026-07-04,20hs,28,49,Dados de Utilização do Transporte Municipal/Julho_2026/Mensal/Mensal_Resumo_FxHr_202607.html,Julho_2026,monthly,2026-08-04T14:37:00
2026-07-04,21hs,26,50,Dados de Utilização do Transporte Municipal/Julho_2026/Mensal/Mensal_Resumo_FxHr_202607.html,Julho_2026,monthly,2026-08-04T14:37:00
2026-07-04,22hs,22,43,Dados de Utilização do Transporte Municipal/Julho_2026/Mensal/Mensal_Resumo_FxHr_202607.html,Julho_2026,monthly,2026-08-04T14:37:00
2026-07-04,23hs,16,29,Dados de Utilização do Transporte Municipal/Julho_2026/Mensal/Mensal_Resumo_FxHr_202607.html,Julho_2026,monthly,2026-08-04T14:37:00
2026-07-04,4hs,10,14,Dados de Utilização do Transporte Municipal/Julho_2026/Mensal/Mensal_Resumo_FxHr_202607.html,Julho_2026,monthly,2026-08-04T14:37:00
2026-07-04,5hs,26,56,Dados de Utilização do Transporte Municipal/Julho_2026/Mensal/Mensal_Resumo_FxHr_202607.html,Julho_2026,monthly,2026-08-04T14:37:00
2026-07-04,6hs,35,73,Dados de Utilização do Transporte Municipal/Julho_2026/Mensal/Mensal_Resumo_FxHr_202607.html,Julho_2026,monthly,2026-08-04T14:37:00
2026-07-04,7hs,35,73,Dados de Utilização do Transporte Municipal/Julho_2026/Mensal/Mensal_Resumo_FxHr_202607.html,Julho_2026,monthly,2026-08-04T14:37:00
2026-07-04,8hs,35,69,Dados de Utilização do Transporte Municipal/Julho_2026/Mensal/Mensal_Resumo_FxHr_202607.html,Julho_2026,monthly,2026-08-04T14:37:00
2026-07-04,9hs,33,53,Dados de Utilização do Transporte Municipal/Julho_2026/Mensal/Mensal_Resumo_FxHr_202607.html,Julho_2026,monthly,2026-08-04T14:37:00
2026-07-05,0hs,3,3,Dados de Utilização do Transporte Municipal/Julho_2026/Mensal/Mensal_Resumo_FxHr_202607.html,Julho_2026,monthly,2026-08-04T14:37:00
2026-07-05,10hs,22,40,Dados de Utilização do Transporte Municipal/Julho_2026/Mensal/Mensal_Resumo_FxHr_202607.html,Julho_2026,monthly,2026-08-04T14:37:00
2026-07-05,11hs,22,44,Dados de Utilização do Transporte Municipal/Julho_2026/Mensal/Mensal_Resumo_FxHr_202607.html,Julho_2026,monthly,2026-08-04T14:37:00
2026-07-05,12hs,22,50,Dados de Utilização do Transporte Municipal/Julho_2026/Mensal/Mensal_Resumo_FxHr_202607.html,Julho_2026,monthly,2026-08-04T14:37:00
2026-07-05,13hs,25,48,Dados de Utilização do Transporte Municipal/Julho_2026/Mensal/Mensal_Resumo_FxHr_202607.html,Julho_2026,monthly,2026-08-04T14:37:00
2026-07-05,14hs,22,49,Dados de Utilização do Transporte Municipal/Julho_2026/Mensal/Mensal_Resumo_FxHr_202607.html,Julho_2026,monthly,2026-08-04T14:37:00
2026-07-05,15hs,22,52,Dados de Utilização do Transporte Municipal/Julho_2026/Mensal/Mensal_Resumo_FxHr_202607.html,Julho_2026,monthly,2026-08-04T14:37:00
2026-07-05,16hs,21,47,Dados de Utilização do Transporte Municipal/Julho_2026/Mensal/Mensal_Resumo_FxHr_202607.html,Julho_2026,monthly,2026-08-04T14:37:00
2026-07-05,17hs,22,52,Dados de Utilização do Transporte Municipal/Julho_2026/Mensal/Mensal_Resumo_FxHr_202607.html,Julho_2026,monthly,2026-08-04T14:37:00
2026-07-05,18hs,22,40,Dados de Utilização do Transporte Municipal/Julho_2026/Mensal/Mensal_Resumo_FxHr_202607.html,Julho_2026,monthly,2026-08-04T14:37:00
2026-07-05,19hs,22,37,Dados de Utilização do Transporte Municipal/Julho_2026/Mensal/Mensal_Resumo_FxHr_202607.html,Julho_2026,monthly,2026-08-04T14:37:00
2026-07-05,20hs,21,40,Dados de Utilização do Transporte Municipal/Julho_2026/Mensal/Mensal_Resumo_FxHr_202607.html,Julho_2026,monthly,2026-08-04T14:37:00
2026-07-05,21hs,20,42,Dados de Utilização do Transporte Municipal/Julho_2026/Mensal/Mensal_Resumo_FxHr_202607.html,Julho_2026,monthly,2026-08-04T14:37:00
2026-07-05,22hs,16,34,Dados de Utilização do Transporte Municipal/Julho_2026/Mensal/Mensal_Resumo_FxHr_202607.html,Julho_2026,monthly,2026-08-04T14:37:00
2026-07-05,23hs,10,18,Dados de Utilização do Transporte Municipal/Julho_2026/Mensal/Mensal_Resumo_FxHr_202607.html,Julho_2026,monthly,2026-08-04T14:37:00
2026-07-05,4hs,9,11,Dados de Utilização do Transporte Municipal/Julho_2026/Mensal/Mensal_Resumo_FxHr_202607.html,Julho_2026,monthly,2026-08-04T14:37:00
2026-07-05,5hs,19,44,Dados de Utilização do Transporte Municipal/Julho_2026/Mensal/Mensal_Resumo_FxHr_202607.html,Julho_2026,monthly,2026-08-04T14:37:00
2026-07-05,6hs,21,51,Dados de Utilização do Transporte Municipal/Julho_2026/Mensal/Mensal_Resumo_FxHr_202607.html,Julho_2026,monthly,2026-08-04T14:37:00
2026-07-05,7hs,22,54,Dados de Utilização do Transporte Municipal/Julho_2026/Mensal/Mensal_Resumo_FxHr_202607.html,Julho_2026,monthly,2026-08-04T14:37:00
2026-07-05,8hs,22,46,Dados de Utilização do Transporte Municipal/Julho_2026/Mensal/Mensal_Resumo_FxHr_202607.html,Julho_2026,monthly,2026-08-04T14:37:00
2026-07-05,9hs,21,40,Dados de Utilização do Transporte Municipal/Julho_2026/Mensal/Mensal_Resumo_FxHr_202607.html,Julho_2026,monthly,2026-08-04T14:37:00
2026-07-06,0hs,6,9,Dados de Utilização do Transporte Municipal/Julho_2026/Mensal/Mensal_Resumo_FxHr_202607.html,Julho_2026,monthly,2026-08-04T14:37:00
2026-07-06,10hs,42,62,Dados de Utilização do Transporte Municipal/Julho_2026/Mensal/Mensal_Resumo_FxHr_202607.html,Julho_2026,monthly,2026-08-04T14:37:00
2026-07-06,11hs,41,71,Dados de Utilização do Transporte Municipal/Julho_2026/Mensal/Mensal_Resumo_FxHr_202607.html,Julho_2026,monthly,2026-08-04T14:37:00
2026-07-06,12hs,45,81,Dados de Utilização do Transporte Municipal/Julho_2026/Mensal/Mensal_Resumo_FxHr_202607.html,Julho_2026,monthly,2026-08-04T14:37:00
2026-07-06,13hs,44,85,Dados de Utilização do Transporte Municipal/Julho_2026/Mensal/Mensal_Resumo_FxHr_202607.html,Julho_2026,monthly,2026-08-04T14:37:00
2026-07-06,14hs,45,85,Dados de Utilização do Transporte Municipal/Julho_2026/Mensal/Mensal_Resumo_FxHr_202607.html,Julho_2026,monthly,2026-08-04T14:37:00
2026-07-06,15hs,43,74,Dados de Utilização do Transporte Municipal/Julho_2026/Mensal/Mensal_Resumo_FxHr_202607.html,Julho_2026,monthly,2026-08-04T14:37:00
2026-07-06,16hs,44,80,Dados de Utilização do Transporte Municipal/Julho_2026/Mensal/Mensal_Resumo_FxHr_202607.html,Julho_2026,monthly,2026-08-04T14:37:00
2026-07-06,17hs,44,80,Dados de Utilização do Transporte Municipal/Julho_2026/Mensal/Mensal_Resumo_FxHr_202607.html,Julho_2026,monthly,2026-08-04T14:37:00
2026-07-06,18hs,43,75,Dados de Utilização do Transporte Municipal/Julho_2026/Mensal/Mensal_Resumo_FxHr_202607.html,Julho_2026,monthly,2026-08-04T14:37:00
2026-07-06,19hs,40,65,Dados de Utilização do Transporte Municipal/Julho_2026/Mensal/Mensal_Resumo_FxHr_202607.html,Julho_2026,monthly,2026-08-04T14:37:00
2026-07-06,20hs,39,59,Dados de Utilização do Transporte Municipal/Julho_2026/Mensal/Mensal_Resumo_FxHr_202607.html,Julho_2026,monthly,2026-08-04T14:37:00
2026-07-06,21hs,41,69,Dados de Utilização do Transporte Municipal/Julho_2026/Mensal/Mensal_Resumo_FxHr_202607.html,Julho_2026,monthly,2026-08-04T14:37:00
2026-07-06,22hs,25,54,Dados de Utilização do Transporte Municipal/Julho_2026/Mensal/Mensal_Resumo_FxHr_202607.html,Julho_2026,monthly,2026-08-04T14:37:00
2026-07-06,23hs,21,39,Dados de Utilização do Transporte Municipal/Julho_2026/Mensal/Mensal_Resumo_FxHr_202607.html,Julho_2026,monthly,2026-08-04T14:37:00
2026-07-06,4hs,14,18,Dados de Utilização do Transporte Municipal/Julho_2026/Mensal/Mensal_Resumo_FxHr_202607.html,Julho_2026,monthly,2026-08-04T14:37:00
2026-07-06,5hs,35,67,Dados de Utilização do Transporte Municipal/Julho_2026/Mensal/Mensal_Resumo_FxHr_202607.html,Julho_2026,monthly,2026-08-04T14:37:00
2026-07-06,6hs,44,86,Dados de Utilização do Transporte Municipal/Julho_2026/Mensal/Mensal_Resumo_FxHr_202607.html,Julho_2026,monthly,2026-08-04T14:37:00
2026-07-06,7hs,44,84,Dados de Utilização do Transporte Municipal/Julho_2026/Mensal/Mensal_Resumo_FxHr_202607.html,Julho_2026,monthly,2026-08-04T14:37:00
2026-07-06,8hs,44,83,Dados de Utilização do Transporte Municipal/Julho_2026/Mensal/Mensal_Resumo_FxHr_202607.html,Julho_2026,monthly,2026-08-04T14:37:00
2026-07-06,9hs,39,65,Dados de Utilização do Transporte Municipal/Julho_2026/Mensal/Mensal_Resumo_FxHr_202607.html,Julho_2026,monthly,2026-08-04T14:37:00
2026-07-07,0hs,6,9,Dados de Utilização do Transporte Municipal/Julho_2026/Mensal/Mensal_Resumo_FxHr_202607.html,Julho_2026,monthly,2026-08-04T14:37:00
2026-07-07,10hs,42,61,Dados de Utilização do Transporte Municipal/Julho_2026/Mensal/Mensal_Resumo_FxHr_202607.html,Julho_2026,monthly,2026-08-04T14:37:00
2026-07-07,11hs,41,68,Dados de Utilização do Transporte Municipal/Julho_2026/Mensal/Mensal_Resumo_FxHr_202607.html,Julho_2026,monthly,2026-08-04T14:37:00
2026-07-07,12hs,44,84,Dados de Utilização do Transporte Municipal/Julho_2026/Mensal/Mensal_Resumo_FxHr_202607.html,Julho_2026,monthly,2026-08-04T14:37:00
2026-07-07,13hs,44,84,Dados de Utilização do Transporte Municipal/Julho_2026/Mensal/Mensal_Resumo_FxHr_202607.html,Julho_2026,monthly,2026-08-04T14:37:00
2026-07-07,14hs,44,86,Dados de Utilização do Transporte Municipal/Julho_2026/Mensal/Mensal_Resumo_FxHr_202607.html,Julho_2026,monthly,2026-08-04T14:37:00
2026-07-07,15hs,43,73,Dados de Utilização do Transporte Municipal/Julho_2026/Mensal/Mensal_Resumo_FxHr_202607.html,Julho_2026,monthly,2026-08-04T14:37:00
2026-07-07,16hs,44,81,Dados de Utilização do Transporte Municipal/Julho_2026/Mensal/Mensal_Resumo_FxHr_202607.html,Julho_2026,monthly,2026-08-04T14:37:00
2026-07-07,17hs,44,79,Dados de Utilização do Transporte Municipal/Julho_2026/Mensal/Mensal_Resumo_FxHr_202607.html,Julho_2026,monthly,2026-08-04T14:37:00
2026-07-07,18hs,44,78,Dados de Utilização do Transporte Municipal/Julho_2026/Mensal/Mensal_Resumo_FxHr_202607.html,Julho_2026,monthly,2026-08-04T14:37:00
2026-07-07,19hs,41,66,Dados de Utilização do Transporte Municipal/Julho_2026/Mensal/Mensal_Resumo_FxHr_202607.html,Julho_2026,monthly,2026-08-04T14:37:00
2026-07-07,20hs,39,59,Dados de Utilização do Transporte Municipal/Julho_2026/Mensal/Mensal_Resumo_FxHr_202607.html,Julho_2026,monthly,2026-08-04T14:37:00
2026-07-07,21hs,41,69,Dados de Utilização do Transporte Municipal/Julho_2026/Mensal/Mensal_Resumo_FxHr_202607.html,Julho_2026,monthly,2026-08-04T14:37:00
2026-07-07,22hs,26,54,Dados de Utilização do Transporte Municipal/Julho_2026/Mensal/Mensal_Resumo_FxHr_202607.html,Julho_2026,monthly,2026-08-04T14:37:00
2026-07-07,23hs,21,39,Dados de Utilização do Transporte Municipal/Julho_2026/Mensal/Mensal_Resumo_FxHr_202607.html,Julho_2026,monthly,2026-08-04T14:37:00
2026-07-07,4hs,13,17,Dados de Utilização do Transporte Municipal/Julho_2026/Mensal/Mensal_Resumo_FxHr_202607.html,Julho_2026,monthly,2026-08-04T14:37:00
2026-07-07,5hs,35,69,Dados de Utilização do Transporte Municipal/Julho_2026/Mensal/Mensal_Resumo_FxHr_202607.html,Julho_2026,monthly,2026-08-04T14:37:00
2026-07-07,6hs,44,84,Dados de Utilização do Transporte Municipal/Julho_2026/Mensal/Mensal_Resumo_FxHr_202607.html,Julho_2026,monthly,2026-08-04T14:37:00
2026-07-07,7hs,45,85,Dados de Utilização do Transporte Municipal/Julho_2026/Mensal/Mensal_Resumo_FxHr_202607.html,Julho_2026,monthly,2026-08-04T14:37:00
2026-07-07,8hs,44,83,Dados de Utilização do Transporte Municipal/Julho_2026/Mensal/Mensal_Resumo_FxHr_202607.html,Julho_2026,monthly,2026-08-04T14:37:00
2026-07-07,9hs,39,66,Dados de Utilização do Transporte Municipal/Julho_2026/Mensal/Mensal_Resumo_FxHr_202607.html,Julho_2026,monthly,2026-08-04T14:37:00
2026-07-08,0hs,6,9,Dados de Utilização do Transporte Municipal/Julho_2026/Mensal/Mensal_Resumo_FxHr_202607.html,Julho_2026,monthly,2026-08-04T14:37:00
2026-07-08,10hs,42,64,Dados de Utilização do Transporte Municipal/Julho_2026/Mensal/Mensal_Resumo_FxHr_202607.html,Julho_2026,monthly,2026-08-04T14:37:00
2026-07-08,11hs,41,69,Dados de Utilização do Transporte Municipal/Julho_2026/Mensal/Mensal_Resumo_FxHr_202607.html,Julho_2026,monthly,2026-08-04T14:37:00
2026-07-08,12hs,44,82,Dados de Utilização do Transporte Municipal/Julho_2026/Mensal/Mensal_Resumo_FxHr_202607.html,Julho_2026,monthly,2026-08-04T14:37:00
2026-07-08,13hs,44,85,Dados de Utilização do Transporte Municipal/Julho_2026/Mensal/Mensal_Resumo_FxHr_202607.html,Julho_2026,monthly,2026-08-04T14:37:00
2026-07-08,14hs,44,86,Dados de Utilização do Transporte Municipal/Julho_2026/Mensal/Mensal_Resumo_FxHr_202607.html,Julho_2026,monthly,2026-08-04T14:37:00
2026-07-08,15hs,42,73,Dados de Utilização do Transporte Municipal/Julho_2026/Mensal/Mensal_Resumo_FxHr_202607.html,Julho_2026,monthly,2026-08-04T14:37:00
2026-07-08,16hs,44,81,Dados de Utilização do Transporte Municipal/Julho_2026/Mensal/Mensal_Resumo_FxHr_202607.html,Julho_2026,monthly,2026-08-04T14:37:00
2026-07-08,17hs,44,75,Dados de Utilização do Transporte Municipal/Julho_2026/Mensal/Mensal_Resumo_FxHr_202607.html,Julho_2026,monthly,2026-08-04T14:37:00
2026-07-08,18hs,44,81,Dados de Utilização do Transporte Municipal/Julho_2026/Mensal/Mensal_Resumo_FxHr_202607.html,Julho_2026,monthly,2026-08-04T14:37:00
2026-07-08,19hs,41,66,Dados de Utilização do Transporte Municipal/Julho_2026/Mensal/Mensal_Resumo_FxHr_202607.html,Julho_2026,monthly,2026-08-04T14:37:00
2026-07-08,20hs,39,60,Dados de Utilização do Transporte Municipal/Julho_2026/Mensal/Mensal_Resumo_FxHr_202607.html,Julho_2026,monthly,2026-08-04T14:37:00
2026-07-08,21hs,41,69,Dados de Utilização do Transporte Municipal/Julho_2026/Mensal/Mensal_Resumo_FxHr_202607.html,Julho_2026,monthly,2026-08-04T14:37:00
2026-07-08,22hs,25,54,Dados de Utilização do Transporte Municipal/Julho_2026/Mensal/Mensal_Resumo_FxHr_202607.html,Julho_2026,monthly,2026-08-04T14:37:00
2026-07-08,23hs,21,38,Dados de Utilização do Transporte Municipal/Julho_2026/Mensal/Mensal_Resumo_FxHr_202607.html,Julho_2026,monthly,2026-08-04T14:37:00
2026-07-08,4hs,13,17,Dados de Utilização do Transporte Municipal/Julho_2026/Mensal/Mensal_Resumo_FxHr_202607.html,Julho_2026,monthly,2026-08-04T14:37:00
2026-07-08,5hs,35,69,Dados de Utilização do Transporte Municipal/Julho_2026/Mensal/Mensal_Resumo_FxHr_202607.html,Julho_2026,monthly,2026-08-04T14:37:00
2026-07-08,6hs,44,85,Dados de Utilização do Transporte Municipal/Julho_2026/Mensal/Mensal_Resumo_FxHr_202607.html,Julho_2026,monthly,2026-08-04T14:37:00
2026-07-08,7hs,44,83,Dados de Utilização do Transporte Municipal/Julho_2026/Mensal/Mensal_Resumo_FxHr_202607.html,Julho_2026,monthly,2026-08-04T14:37:00
2026-07-08,8hs,44,83,Dados de Utilização do Transporte Municipal/Julho_2026/Mensal/Mensal_Resumo_FxHr_202607.html,Julho_2026,monthly,2026-08-04T14:37:00
2026-07-08,9hs,39,63,Dados de Utilização do Transporte Municipal/Julho_2026/Mensal/Mensal_Resumo_FxHr_202607.html,Julho_2026,monthly,2026-08-04T14:37:00
2026-07-09,0hs,3,3,Dados de Utilização do Transporte Municipal/Julho_2026/Mensal/Mensal_Resumo_FxHr_202607.html,Julho_2026,monthly,2026-08-04T14:37:00
2026-07-09,10hs,22,38,Dados de Utilização do Transporte Municipal/Julho_2026/Mensal/Mensal_Resumo_FxHr_202607.html,Julho_2026,monthly,2026-08-04T14:37:00
2026-07-09,11hs,22,45,Dados de Utilização do Transporte Municipal/Julho_2026/Mensal/Mensal_Resumo_FxHr_202607.html,Julho_2026,monthly,2026-08-04T14:37:00
2026-07-09,12hs,22,51,Dados de Utilização do Transporte Municipal/Julho_2026/Mensal/Mensal_Resumo_FxHr_202607.html,Julho_2026,monthly,2026-08-04T14:37:00
2026-07-09,13hs,25,48,Dados de Utilização do Transporte Municipal/Julho_2026/Mensal/Mensal_Resumo_FxHr_202607.html,Julho_2026,monthly,2026-08-04T14:37:00
2026-07-09,14hs,22,48,Dados de Utilização do Transporte Municipal/Julho_2026/Mensal/Mensal_Resumo_FxHr_202607.html,Julho_2026,monthly,2026-08-04T14:37:00
2026-07-09,15hs,22,52,Dados de Utilização do Transporte Municipal/Julho_2026/Mensal/Mensal_Resumo_FxHr_202607.html,Julho_2026,monthly,2026-08-04T14:37:00
2026-07-09,16hs,21,47,Dados de Utilização do Transporte Municipal/Julho_2026/Mensal/Mensal_Resumo_FxHr_202607.html,Julho_2026,monthly,2026-08-04T14:37:00
2026-07-09,17hs,22,49,Dados de Utilização do Transporte Municipal/Julho_2026/Mensal/Mensal_Resumo_FxHr_202607.html,Julho_2026,monthly,2026-08-04T14:37:00
2026-07-09,18hs,22,44,Dados de Utilização do Transporte Municipal/Julho_2026/Mensal/Mensal_Resumo_FxHr_202607.html,Julho_2026,monthly,2026-08-04T14:37:00
2026-07-09,19hs,22,37,Dados de Utilização do Transporte Municipal/Julho_2026/Mensal/Mensal_Resumo_FxHr_202607.html,Julho_2026,monthly,2026-08-04T14:37:00
2026-07-09,20hs,20,40,Dados de Utilização do Transporte Municipal/Julho_2026/Mensal/Mensal_Resumo_FxHr_202607.html,Julho_2026,monthly,2026-08-04T14:37:00
2026-07-09,21hs,20,43,Dados de Utilização do Transporte Municipal/Julho_2026/Mensal/Mensal_Resumo_FxHr_202607.html,Julho_2026,monthly,2026-08-04T14:37:00
2026-07-09,22hs,16,33,Dados de Utilização do Transporte Municipal/Julho_2026/Mensal/Mensal_Resumo_FxHr_202607.html,Julho_2026,monthly,2026-08-04T14:37:00
2026-07-09,23hs,10,18,Dados de Utilização do Transporte Municipal/Julho_2026/Mensal/Mensal_Resumo_FxHr_202607.html,Julho_2026,monthly,2026-08-04T14:37:00
2026-07-09,4hs,8,9,Dados de Utilização do Transporte Municipal/Julho_2026/Mensal/Mensal_Resumo_FxHr_202607.html,Julho_2026,monthly,2026-08-04T14:37:00
2026-07-09,5hs,19,46,Dados de Utilização do Transporte Municipal/Julho_2026/Mensal/Mensal_Resumo_FxHr_202607.html,Julho_2026,monthly,2026-08-04T14:37:00
2026-07-09,6hs,21,48,Dados de Utilização do Transporte Municipal/Julho_2026/Mensal/Mensal_Resumo_FxHr_202607.html,Julho_2026,monthly,2026-08-04T14:37:00
2026-07-09,7hs,22,56,Dados de Utilização do Transporte Municipal/Julho_2026/Mensal/Mensal_Resumo_FxHr_202607.html,Julho_2026,monthly,2026-08-04T14:37:00
2026-07-09,8hs,22,46,Dados de Utilização do Transporte Municipal/Julho_2026/Mensal/Mensal_Resumo_FxHr_202607.html,Julho_2026,monthly,2026-08-04T14:37:00
2026-07-09,9hs,22,41,Dados de Utilização do Transporte Municipal/Julho_2026/Mensal/Mensal_Resumo_FxHr_202607.html,Julho_2026,monthly,2026-08-04T14:37:00
2026-07-10,0hs,4,4,Dados de Utilização do Transporte Municipal/Julho_2026/Mensal/Mensal_Resumo_FxHr_202607.html,Julho_2026,monthly,2026-08-04T14:37:00
2026-07-10,10hs,33,52,Dados de Utilização do Transporte Municipal/Julho_2026/Mensal/Mensal_Resumo_FxHr_202607.html,Julho_2026,monthly,2026-08-04T14:37:00
2026-07-10,11hs,34,60,Dados de Utilização do Transporte Municipal/Julho_2026/Mensal/Mensal_Resumo_FxHr_202607.html,Julho_2026,monthly,2026-08-04T14:37:00
2026-07-10,12hs,35,59,Dados de Utilização do Transporte Municipal/Julho_2026/Mensal/Mensal_Resumo_FxHr_202607.html,Julho_2026,monthly,2026-08-04T14:37:00
2026-07-10,13hs,32,60,Dados de Utilização do Transporte Municipal/Julho_2026/Mensal/Mensal_Resumo_FxHr_202607.html,Julho_2026,monthly,2026-08-04T14:37:00
2026-07-10,14hs,32,54,Dados de Utilização do Transporte Municipal/Julho_2026/Mensal/Mensal_Resumo_FxHr_202607.html,Julho_2026,monthly,2026-08-04T14:37:00
2026-07-10,15hs,31,61,Dados de Utilização do Transporte Municipal/Julho_2026/Mensal/Mensal_Resumo_FxHr_202607.html,Julho_2026,monthly,2026-08-04T14:37:00
2026-07-10,16hs,31,62,Dados de Utilização do Transporte Municipal/Julho_2026/Mensal/Mensal_Resumo_FxHr_202607.html,Julho_2026,monthly,2026-08-04T14:37:00
2026-07-10,17hs,31,62,Dados de Utilização do Transporte Municipal/Julho_2026/Mensal/Mensal_Resumo_FxHr_202607.html,Julho_2026,monthly,2026-08-04T14:37:00
2026-07-10,18hs,31,59,Dados de Utilização do Transporte Municipal/Julho_2026/Mensal/Mensal_Resumo_FxHr_202607.html,Julho_2026,monthly,2026-08-04T14:37:00
2026-07-10,19hs,31,53,Dados de Utilização do Transporte Municipal/Julho_2026/Mensal/Mensal_Resumo_FxHr_202607.html,Julho_2026,monthly,2026-08-04T14:37:00
2026-07-10,20hs,28,47,Dados de Utilização do Transporte Municipal/Julho_2026/Mensal/Mensal_Resumo_FxHr_202607.html,Julho_2026,monthly,2026-08-04T14:37:00
2026-07-10,21hs,26,52,Dados de Utilização do Transporte Municipal/Julho_2026/Mensal/Mensal_Resumo_FxHr_202607.html,Julho_2026,monthly,2026-08-04T14:37:00
2026-07-10,22hs,22,42,Dados de Utilização do Transporte Municipal/Julho_2026/Mensal/Mensal_Resumo_FxHr_202607.html,Julho_2026,monthly,2026-08-04T14:37:00
2026-07-10,23hs,16,30,Dados de Utilização do Transporte Municipal/Julho_2026/Mensal/Mensal_Resumo_FxHr_202607.html,Julho_2026,monthly,2026-08-04T14:37:00
2026-07-10,4hs,10,14,Dados de Utilização do Transporte Municipal/Julho_2026/Mensal/Mensal_Resumo_FxHr_202607.html,Julho_2026,monthly,2026-08-04T14:37:00
2026-07-10,5hs,27,56,Dados de Utilização do Transporte Municipal/Julho_2026/Mensal/Mensal_Resumo_FxHr_202607.html,Julho_2026,monthly,2026-08-04T14:37:00
2026-07-10,6hs,35,72,Dados de Utilização do Transporte Municipal/Julho_2026/Mensal/Mensal_Resumo_FxHr_202607.html,Julho_2026,monthly,2026-08-04T14:37:00
2026-07-10,7hs,36,73,Dados de Utilização do Transporte Municipal/Julho_2026/Mensal/Mensal_Resumo_FxHr_202607.html,Julho_2026,monthly,2026-08-04T14:37:00
2026-07-10,8hs,35,69,Dados de Utilização do Transporte Municipal/Julho_2026/Mensal/Mensal_Resumo_FxHr_202607.html,Julho_2026,monthly,2026-08-04T14:37:00
2026-07-10,9hs,33,54,Dados de Utilização do Transporte Municipal/Julho_2026/Mensal/Mensal_Resumo_FxHr_202607.html,Julho_2026,monthly,2026-08-04T14:37:00
2026-07-11,0hs,4,4,Dados de Utilização do Transporte Municipal/Julho_2026/Mensal/Mensal_Resumo_FxHr_202607.html,Julho_2026,monthly,2026-08-04T14:37:00
2026-07-11,10hs,33,52,Dados de Utilização do Transporte Municipal/Julho_2026/Mensal/Mensal_Resumo_FxHr_202607.html,Julho_2026,monthly,2026-08-04T14:37:00
2026-07-11,11hs,34,60,Dados de Utilização do Transporte Municipal/Julho_2026/Mensal/Mensal_Resumo_FxHr_202607.html,Julho_2026,monthly,2026-08-04T14:37:00
2026-07-11,12hs,35,62,Dados de Utilização do Transporte Municipal/Julho_2026/Mensal/Mensal_Resumo_FxHr_202607.html,Julho_2026,monthly,2026-08-04T14:37:00
2026-07-11,13hs,34,60,Dados de Utilização do Transporte Municipal/Julho_2026/Mensal/Mensal_Resumo_FxHr_202607.html,Julho_2026,monthly,2026-08-04T14:37:00
2026-07-11,14hs,33,57,Dados de Utilização do Transporte Municipal/Julho_2026/Mensal/Mensal_Resumo_FxHr_202607.html,Julho_2026,monthly,2026-08-04T14:37:00
2026-07-11,15hs,30,62,Dados de Utilização do Transporte Municipal/Julho_2026/Mensal/Mensal_Resumo_FxHr_202607.html,Julho_2026,monthly,2026-08-04T14:37:00
2026-07-11,16hs,31,60,Dados de Utilização do Transporte Municipal/Julho_2026/Mensal/Mensal_Resumo_FxHr_202607.html,Julho_2026,monthly,2026-08-04T14:37:00
2026-07-11,17hs,31,65,Dados de Utilização do Transporte Municipal/Julho_2026/Mensal/Mensal_Resumo_FxHr_202607.html,Julho_2026,monthly,2026-08-04T14:37:00
2026-07-11,18hs,31,57,Dados de Utilização do Transporte Municipal/Julho_2026/Mensal/Mensal_Resumo_FxHr_202607.html,Julho_2026,monthly,2026-08-04T14:37:00
2026-07-11,19hs,30,53,Dados de Utilização do Transporte Municipal/Julho_2026/Mensal/Mensal_Resumo_FxHr_202607.html,Julho_2026,monthly,2026-08-04T14:37:00
2026-07-11,20hs,27,45,Dados de Utilização do Transporte Municipal/Julho_2026/Mensal/Mensal_Resumo_FxHr_202607.html,Julho_2026,monthly,2026-08-04T14:37:00
2026-07-11,21hs,26,50,Dados de Utilização do Transporte Municipal/Julho_2026/Mensal/Mensal_Resumo_FxHr_202607.html,Julho_2026,monthly,2026-08-04T14:37:00
2026-07-11,22hs,22,44,Dados de Utilização do Transporte Municipal/Julho_2026/Mensal/Mensal_Resumo_FxHr_202607.html,Julho_2026,monthly,2026-08-04T14:37:00
2026-07-11,23hs,16,29,Dados de Utilização do Transporte Municipal/Julho_2026/Mensal/Mensal_Resumo_FxHr_202607.html,Julho_2026,monthly,2026-08-04T14:37:00
2026-07-11,4hs,10,14,Dados de Utilização do Transporte Municipal/Julho_2026/Mensal/Mensal_Resumo_FxHr_202607.html,Julho_2026,monthly,2026-08-04T14:37:00
2026-07-11,5hs,26,54,Dados de Utilização do Transporte Municipal/Julho_2026/Mensal/Mensal_Resumo_FxHr_202607.html,Julho_2026,monthly,2026-08-04T14:37:00
2026-07-11,6hs,35,73,Dados de Utilização do Transporte Municipal/Julho_2026/Mensal/Mensal_Resumo_FxHr_202607.html,Julho_2026,monthly,2026-08-04T14:37:00
2026-07-11,7hs,35,74,Dados de Utilização do Transporte Municipal/Julho_2026/Mensal/Mensal_Resumo_FxHr_202607.html,Julho_2026,monthly,2026-08-04T14:37:00
2026-07-11,8hs,34,69,Dados de Utilização do Transporte Municipal/Julho_2026/Mensal/Mensal_Resumo_FxHr_202607.html,Julho_2026,monthly,2026-08-04T14:37:00
2026-07-11,9hs,33,53,Dados de Utilização do Transporte Municipal/Julho_2026/Mensal/Mensal_Resumo_FxHr_202607.html,Julho_2026,monthly,2026-08-04T14:37:00
2026-07-12,0hs,3,3,Dados de Utilização do Transporte Municipal/Julho_2026/Mensal/Mensal_Resumo_FxHr_202607.html,Julho_2026,monthly,2026-08-04T14:37:00
2026-07-12,10hs,22,39,Dados de Utilização do Transporte Municipal/Julho_2026/Mensal/Mensal_Resumo_FxHr_202607.html,Julho_2026,monthly,2026-08-04T14:37:00
2026-07-12,11hs,22,44,Dados de Utilização do Transporte Municipal/Julho_2026/Mensal/Mensal_Resumo_FxHr_202607.html,Julho_2026,monthly,2026-08-04T14:37:00
2026-07-12,12hs,22,49,Dados de Utilização do Transporte Municipal/Julho_2026/Mensal/Mensal_Resumo_FxHr_202607.html,Julho_2026,monthly,2026-08-04T14:37:00
2026-07-12,13hs,25,49,Dados de Utilização do Transporte Municipal/Julho_2026/Mensal/Mensal_Resumo_FxHr_202607.html,Julho_2026,monthly,2026-08-04T14:37:00
2026-07-12,14hs,22,47,Dados de Utilização do Transporte Municipal/Julho_2026/Mensal/Mensal_Resumo_FxHr_202607.html,Julho_2026,monthly,2026-08-04T14:37:00
2026-07-12,15hs,22,53,Dados de Utilização do Transporte Municipal/Julho_2026/Mensal/Mensal_Resumo_FxHr_202607.html,Julho_2026,monthly,2026-08-04T14:37:00
2026-07-12,16hs,21,49,Dados de Utilização do Transporte Municipal/Julho_2026/Mensal/Mensal_Resumo_FxHr_202607.html,Julho_2026,monthly,2026-08-04T14:37:00
2026-07-12,17hs,22,50,Dados de Utilização do Transporte Municipal/Julho_2026/Mensal/Mensal_Resumo_FxHr_202607.html,Julho_2026,monthly,2026-08-04T14:37:00
2026-07-12,18hs,22,39,Dados de Utilização do Transporte Municipal/Julho_2026/Mensal/Mensal_Resumo_FxHr_202607.html,Julho_2026,monthly,2026-08-04T14:37:00
2026-07-12,19hs,22,37,Dados de Utilização do Transporte Municipal/Julho_2026/Mensal/Mensal_Resumo_FxHr_202607.html,Julho_2026,monthly,2026-08-04T14:37:00
2026-07-12,20hs,20,41,Dados de Utilização do Transporte Municipal/Julho_2026/Mensal/Mensal_Resumo_FxHr_202607.html,Julho_2026,monthly,2026-08-04T14:37:00
2026-07-12,21hs,19,41,Dados de Utilização do Transporte Municipal/Julho_2026/Mensal/Mensal_Resumo_FxHr_202607.html,Julho_2026,monthly,2026-08-04T14:37:00
2026-07-12,22hs,16,34,Dados de Utilização do Transporte Municipal/Julho_2026/Mensal/Mensal_Resumo_FxHr_202607.html,Julho_2026,monthly,2026-08-04T14:37:00
2026-07-12,23hs,10,18,Dados de Utilização do Transporte Municipal/Julho_2026/Mensal/Mensal_Resumo_FxHr_202607.html,Julho_2026,monthly,2026-08-04T14:37:00
2026-07-12,4hs,9,11,Dados de Utilização do Transporte Municipal/Julho_2026/Mensal/Mensal_Resumo_FxHr_202607.html,Julho_2026,monthly,2026-08-04T14:37:00
2026-07-12,5hs,19,44,Dados de Utilização do Transporte Municipal/Julho_2026/Mensal/Mensal_Resumo_FxHr_202607.html,Julho_2026,monthly,2026-08-04T14:37:00
2026-07-12,6hs,21,50,Dados de Utilização do Transporte Municipal/Julho_2026/Mensal/Mensal_Resumo_FxHr_202607.html,Julho_2026,monthly,2026-08-04T14:37:00
2026-07-12,7hs,22,56,Dados de Utilização do Transporte Municipal/Julho_2026/Mensal/Mensal_Resumo_FxHr_202607.html,Julho_2026,monthly,2026-08-04T14:37:00
2026-07-12,8hs,22,46,Dados de Utilização do Transporte Municipal/Julho_2026/Mensal/Mensal_Resumo_FxHr_202607.html,Julho_2026,monthly,2026-08-04T14:37:00
2026-07-12,9hs,21,40,Dados de Utilização do Transporte Municipal/Julho_2026/Mensal/Mensal_Resumo_FxHr_202607.html,Julho_2026,monthly,2026-08-04T14:37:00
2026-07-13,0hs,6,9,Dados de Utilização do Transporte Municipal/Julho_2026/Mensal/Mensal_Resumo_FxHr_202607.html,Julho_2026,monthly,2026-08-04T14:37:00
2026-07-13,10hs,42,63,Dados de Utilização do Transporte Municipal/Julho_2026/Mensal/Mensal_Resumo_FxHr_202607.html,Julho_2026,monthly,2026-08-04T14:37:00
2026-07-13,11hs,41,67,Dados de Utilização do Transporte Municipal/Julho_2026/Mensal/Mensal_Resumo_FxHr_202607.html,Julho_2026,monthly,2026-08-04T14:37:00
2026-07-13,12hs,44,86,Dados de Utilização do Transporte Municipal/Julho_2026/Mensal/Mensal_Resumo_FxHr_202607.html,Julho_2026,monthly,2026-08-04T14:37:00
2026-07-13,13hs,43,81,Dados de Utilização do Transporte Municipal/Julho_2026/Mensal/Mensal_Resumo_FxHr_202607.html,Julho_2026,monthly,2026-08-04T14:37:00
2026-07-13,14hs,44,88,Dados de Utilização do Transporte Municipal/Julho_2026/Mensal/Mensal_Resumo_FxHr_202607.html,Julho_2026,monthly,2026-08-04T14:37:00
2026-07-13,15hs,43,74,Dados de Utilização do Transporte Municipal/Julho_2026/Mensal/Mensal_Resumo_FxHr_202607.html,Julho_2026,monthly,2026-08-04T14:37:00
2026-07-13,16hs,44,79,Dados de Utilização do Transporte Municipal/Julho_2026/Mensal/Mensal_Resumo_FxHr_202607.html,Julho_2026,monthly,2026-08-04T14:37:00
2026-07-13,17hs,44,80,Dados de Utilização do Transporte Municipal/Julho_2026/Mensal/Mensal_Resumo_FxHr_202607.html,Julho_2026,monthly,2026-08-04T14:37:00
2026-07-13,18hs,44,79,Dados de Utilização do Transporte Municipal/Julho_2026/Mensal/Mensal_Resumo_FxHr_202607.html,Julho_2026,monthly,2026-08-04T14:37:00
2026-07-13,19hs,40,65,Dados de Utilização do Transporte Municipal/Julho_2026/Mensal/Mensal_Resumo_FxHr_202607.html,Julho_2026,monthly,2026-08-04T14:37:00
2026-07-13,20hs,39,59,Dados de Utilização do Transporte Municipal/Julho_2026/Mensal/Mensal_Resumo_FxHr_202607.html,Julho_2026,monthly,2026-08-04T14:37:00
2026-07-13,21hs,41,69,Dados de Utilização do Transporte Municipal/Julho_2026/Mensal/Mensal_Resumo_FxHr_202607.html,Julho_2026,monthly,2026-08-04T14:37:00
2026-07-13,22hs,25,53,Dados de Utilização do Transporte Municipal/Julho_2026/Mensal/Mensal_Resumo_FxHr_202607.html,Julho_2026,monthly,2026-08-04T14:37:00
2026-07-13,23hs,21,40,Dados de Utilização do Transporte Municipal/Julho_2026/Mensal/Mensal_Resumo_FxHr_202607.html,Julho_2026,monthly,2026-08-04T14:37:00
2026-07-13,4hs,13,17,Dados de Utilização do Transporte Municipal/Julho_2026/Mensal/Mensal_Resumo_FxHr_202607.html,Julho_2026,monthly,2026-08-04T14:37:00
2026-07-13,5hs,35,66,Dados de Utilização do Transporte Municipal/Julho_2026/Mensal/Mensal_Resumo_FxHr_202607.html,Julho_2026,monthly,2026-08-04T14:37:00
2026-07-13,6hs,44,88,Dados de Utilização do Transporte Municipal/Julho_2026/Mensal/Mensal_Resumo_FxHr_202607.html,Julho_2026,monthly,2026-08-04T14:37:00
2026-07-13,7hs,44,84,Dados de Utilização do Transporte Municipal/Julho_2026/Mensal/Mensal_Resumo_FxHr_202607.html,Julho_2026,monthly,2026-08-04T14:37:00
2026-07-13,8hs,44,82,Dados de Utilização do Transporte Municipal/Julho_2026/Mensal/Mensal_Resumo_FxHr_202607.html,Julho_2026,monthly,2026-08-04T14:37:00
2026-07-13,9hs,39,65,Dados de Utilização do Transporte Municipal/Julho_2026/Mensal/Mensal_Resumo_FxHr_202607.html,Julho_2026,monthly,2026-08-04T14:37:00
2026-07-14,0hs,6,8,Dados de Utilização do Transporte Municipal/Julho_2026/Mensal/Mensal_Resumo_FxHr_202607.html,Julho_2026,monthly,2026-08-04T14:37:00
2026-07-14,10hs,42,64,Dados de Utilização do Transporte Municipal/Julho_2026/Mensal/Mensal_Resumo_FxHr_202607.html,Julho_2026,monthly,2026-08-04T14:37:00
2026-07-14,11hs,41,69,Dados de Utilização do Transporte Municipal/Julho_2026/Mensal/Mensal_Resumo_FxHr_202607.html,Julho_2026,monthly,2026-08-04T14:37:00
2026-07-14,12hs,44,84,Dados de Utilização do Transporte Municipal/Julho_2026/Mensal/Mensal_Resumo_FxHr_202607.html,Julho_2026,monthly,2026-08-04T14:37:00
2026-07-14,13hs,43,81,Dados de Utilização do Transporte Municipal/Julho_2026/Mensal/Mensal_Resumo_FxHr_202607.html,Julho_2026,monthly,2026-08-04T14:37:00
2026-07-14,14hs,44,86,Dados de Utilização do Transporte Municipal/Julho_2026/Mensal/Mensal_Resumo_FxHr_202607.html,Julho_2026,monthly,2026-08-04T14:37:00
2026-07-14,15hs,43,76,Dados de Utilização do Transporte Municipal/Julho_2026/Mensal/Mensal_Resumo_FxHr_202607.html,Julho_2026,monthly,2026-08-04T14:37:00
2026-07-14,16hs,44,75,Dados de Utilização do Transporte Municipal/Julho_2026/Mensal/Mensal_Resumo_FxHr_202607.html,Julho_2026,monthly,2026-08-04T14:37:00
2026-07-14,17hs,43,81,Dados de Utilização do Transporte Municipal/Julho_2026/Mensal/Mensal_Resumo_FxHr_202607.html,Julho_2026,monthly,2026-08-04T14:37:00
2026-07-14,18hs,44,79,Dados de Utilização do Transporte Municipal/Julho_2026/Mensal/Mensal_Resumo_FxHr_202607.html,Julho_2026,monthly,2026-08-04T14:37:00
2026-07-14,19hs,41,66,Dados de Utilização do Transporte Municipal/Julho_2026/Mensal/Mensal_Resumo_FxHr_202607.html,Julho_2026,monthly,2026-08-04T14:37:00
2026-07-14,20hs,39,59,Dados de Utilização do Transporte Municipal/Julho_2026/Mensal/Mensal_Resumo_FxHr_202607.html,Julho_2026,monthly,2026-08-04T14:37:00
2026-07-14,21hs,41,69,Dados de Utilização do Transporte Municipal/Julho_2026/Mensal/Mensal_Resumo_FxHr_202607.html,Julho_2026,monthly,2026-08-04T14:37:00
2026-07-14,22hs,25,53,Dados de Utilização do Transporte Municipal/Julho_2026/Mensal/Mensal_Resumo_FxHr_202607.html,Julho_2026,monthly,2026-08-04T14:37:00
2026-07-14,23hs,21,41,Dados de Utilização do Transporte Municipal/Julho_2026/Mensal/Mensal_Resumo_FxHr_202607.html,Julho_2026,monthly,2026-08-04T14:37:00
2026-07-14,4hs,12,16,Dados de Utilização do Transporte Municipal/Julho_2026/Mensal/Mensal_Resumo_FxHr_202607.html,Julho_2026,monthly,2026-08-04T14:37:00
2026-07-14,5hs,35,68,Dados de Utilização do Transporte Municipal/Julho_2026/Mensal/Mensal_Resumo_FxHr_202607.html,Julho_2026,monthly,2026-08-04T14:37:00
2026-07-14,6hs,44,86,Dados de Utilização do Transporte Municipal/Julho_2026/Mensal/Mensal_Resumo_FxHr_202607.html,Julho_2026,monthly,2026-08-04T14:37:00
2026-07-14,7hs,44,85,Dados de Utilização do Transporte Municipal/Julho_2026/Mensal/Mensal_Resumo_FxHr_202607.html,Julho_2026,monthly,2026-08-04T14:37:00
2026-07-14,8hs,44,83,Dados de Utilização do Transporte Municipal/Julho_2026/Mensal/Mensal_Resumo_FxHr_202607.html,Julho_2026,monthly,2026-08-04T14:37:00
2026-07-14,9hs,39,63,Dados de Utilização do Transporte Municipal/Julho_2026/Mensal/Mensal_Resumo_FxHr_202607.html,Julho_2026,monthly,2026-08-04T14:37:00
2026-07-15,0hs,5,7,Dados de Utilização do Transporte Municipal/Julho_2026/Mensal/Mensal_Resumo_FxHr_202607.html,Julho_2026,monthly,2026-08-04T14:37:00
2026-07-15,10hs,40,57,Dados de Utilização do Transporte Municipal/Julho_2026/Mensal/Mensal_Resumo_FxHr_202607.html,Julho_2026,monthly,2026-08-04T14:37:00
2026-07-15,11hs,44,65,Dados de Utilização do Transporte Municipal/Julho_2026/Mensal/Mensal_Resumo_FxHr_202607.html,Julho_2026,monthly,2026-08-04T14:37:00
2026-07-15,12hs,47,81,Dados de Utilização do Transporte Municipal/Julho_2026/Mensal/Mensal_Resumo_FxHr_202607.html,Julho_2026,monthly,2026-08-04T14:37:00
2026-07-15,13hs,45,71,Dados de Utilização do Transporte Municipal/Julho_2026/Mensal/Mensal_Resumo_FxHr_202607.html,Julho_2026,monthly,2026-08-04T14:37:00
2026-07-15,14hs,44,71,Dados de Utilização do Transporte Municipal/Julho_2026/Mensal/Mensal_Resumo_FxHr_202607.html,Julho_2026,monthly,2026-08-04T14:37:00
2026-07-15,15hs,47,70,Dados de Utilização do Transporte Municipal/Julho_2026/Mensal/Mensal_Resumo_FxHr_202607.html,Julho_2026,monthly,2026-08-04T14:37:00
2026-07-15,16hs,47,68,Dados de Utilização do Transporte Municipal/Julho_2026/Mensal/Mensal_Resumo_FxHr_202607.html,Julho_2026,monthly,2026-08-04T14:37:00
2026-07-15,17hs,48,73,Dados de Utilização do Transporte Municipal/Julho_2026/Mensal/Mensal_Resumo_FxHr_202607.html,Julho_2026,monthly,2026-08-04T14:37:00
2026-07-15,18hs,47,71,Dados de Utilização do Transporte Municipal/Julho_2026/Mensal/Mensal_Resumo_FxHr_202607.html,Julho_2026,monthly,2026-08-04T14:37:00
2026-07-15,19hs,43,66,Dados de Utilização do Transporte Municipal/Julho_2026/Mensal/Mensal_Resumo_FxHr_202607.html,Julho_2026,monthly,2026-08-04T14:37:00
2026-07-15,20hs,42,58,Dados de Utilização do Transporte Municipal/Julho_2026/Mensal/Mensal_Resumo_FxHr_202607.html,Julho_2026,monthly,2026-08-04T14:37:00
2026-07-15,21hs,41,63,Dados de Utilização do Transporte Municipal/Julho_2026/Mensal/Mensal_Resumo_FxHr_202607.html,Julho_2026,monthly,2026-08-04T14:37:00
2026-07-15,22hs,31,52,Dados de Utilização do Transporte Municipal/Julho_2026/Mensal/Mensal_Resumo_FxHr_202607.html,Julho_2026,monthly,2026-08-04T14:37:00
2026-07-15,23hs,21,35,Dados de Utilização do Transporte Municipal/Julho_2026/Mensal/Mensal_Resumo_FxHr_202607.html,Julho_2026,monthly,2026-08-04T14:37:00
2026-07-15,4hs,11,13,Dados de Utilização do Transporte Municipal/Julho_2026/Mensal/Mensal_Resumo_FxHr_202607.html,Julho_2026,monthly,2026-08-04T14:37:00
2026-07-15,5hs,34,61,Dados de Utilização do Transporte Municipal/Julho_2026/Mensal/Mensal_Resumo_FxHr_202607.html,Julho_2026,monthly,2026-08-04T14:37:00
2026-07-15,6hs,47,79,Dados de Utilização do Transporte Municipal/Julho_2026/Mensal/Mensal_Resumo_FxHr_202607.html,Julho_2026,monthly,2026-08-04T14:37:00
2026-07-15,7hs,47,81,Dados de Utilização do Transporte Municipal/Julho_2026/Mensal/Mensal_Resumo_FxHr_202607.html,Julho_2026,monthly,2026-08-04T14:37:00
2026-07-15,8hs,47,78,Dados de Utilização do Transporte Municipal/Julho_2026/Mensal/Mensal_Resumo_FxHr_202607.html,Julho_2026,monthly,2026-08-04T14:37:00
2026-07-15,9hs,38,57,Dados de Utilização do Transporte Municipal/Julho_2026/Mensal/Mensal_Resumo_FxHr_202607.html,Julho_2026,monthly,2026-08-04T14:37:00
2026-07-16,0hs,5,7,Dados de Utilização do Transporte Municipal/Julho_2026/Mensal/Mensal_Resumo_FxHr_202607.html,Julho_2026,monthly,2026-08-04T14:37:00
2026-07-16,10hs,40,57,Dados de Utilização do Transporte Municipal/Julho_2026/Mensal/Mensal_Resumo_FxHr_202607.html,Julho_2026,monthly,2026-08-04T14:37:00
2026-07-16,11hs,43,64,Dados de Utilização do Transporte Municipal/Julho_2026/Mensal/Mensal_Resumo_FxHr_202607.html,Julho_2026,monthly,2026-08-04T14:37:00
2026-07-16,12hs,47,79,Dados de Utilização do Transporte Municipal/Julho_2026/Mensal/Mensal_Resumo_FxHr_202607.html,Julho_2026,monthly,2026-08-04T14:37:00
2026-07-16,13hs,45,75,Dados de Utilização do Transporte Municipal/Julho_2026/Mensal/Mensal_Resumo_FxHr_202607.html,Julho_2026,monthly,2026-08-04T14:37:00
2026-07-16,14hs,43,68,Dados de Utilização do Transporte Municipal/Julho_2026/Mensal/Mensal_Resumo_FxHr_202607.html,Julho_2026,monthly,2026-08-04T14:37:00
2026-07-16,15hs,47,69,Dados de Utilização do Transporte Municipal/Julho_2026/Mensal/Mensal_Resumo_FxHr_202607.html,Julho_2026,monthly,2026-08-04T14:37:00
2026-07-16,16hs,47,68,Dados de Utilização do Transporte Municipal/Julho_2026/Mensal/Mensal_Resumo_FxHr_202607.html,Julho_2026,monthly,2026-08-04T14:37:00
2026-07-16,17hs,47,71,Dados de Utilização do Transporte Municipal/Julho_2026/Mensal/Mensal_Resumo_FxHr_202607.html,Julho_2026,monthly,2026-08-04T14:37:00
2026-07-16,18hs,47,71,Dados de Utilização do Transporte Municipal/Julho_2026/Mensal/Mensal_Resumo_FxHr_202607.html,Julho_2026,monthly,2026-08-04T14:37:00
2026-07-16,19hs,44,66,Dados de Utilização do Transporte Municipal/Julho_2026/Mensal/Mensal_Resumo_FxHr_202607.html,Julho_2026,monthly,2026-08-04T14:37:00
2026-07-16,20hs,43,60,Dados de Utilização do Transporte Municipal/Julho_2026/Mensal/Mensal_Resumo_FxHr_202607.html,Julho_2026,monthly,2026-08-04T14:37:00
2026-07-16,21hs,41,62,Dados de Utilização do Transporte Municipal/Julho_2026/Mensal/Mensal_Resumo_FxHr_202607.html,Julho_2026,monthly,2026-08-04T14:37:00
2026-07-16,22hs,31,53,Dados de Utilização do Transporte Municipal/Julho_2026/Mensal/Mensal_Resumo_FxHr_202607.html,Julho_2026,monthly,2026-08-04T14:37:00
2026-07-16,23hs,21,35,Dados de Utilização do Transporte Municipal/Julho_2026/Mensal/Mensal_Resumo_FxHr_202607.html,Julho_2026,monthly,2026-08-04T14:37:00
2026-07-16,4hs,13,16,Dados de Utilização do Transporte Municipal/Julho_2026/Mensal/Mensal_Resumo_FxHr_202607.html,Julho_2026,monthly,2026-08-04T14:37:00
2026-07-16,5hs,34,59,Dados de Utilização do Transporte Municipal/Julho_2026/Mensal/Mensal_Resumo_FxHr_202607.html,Julho_2026,monthly,2026-08-04T14:37:00
2026-07-16,6hs,47,85,Dados de Utilização do Transporte Municipal/Julho_2026/Mensal/Mensal_Resumo_FxHr_202607.html,Julho_2026,monthly,2026-08-04T14:37:00
2026-07-16,7hs,47,80,Dados de Utilização do Transporte Municipal/Julho_2026/Mensal/Mensal_Resumo_FxHr_202607.html,Julho_2026,monthly,2026-08-04T14:37:00
2026-07-16,8hs,47,72,Dados de Utilização do Transporte Municipal/Julho_2026/Mensal/Mensal_Resumo_FxHr_202607.html,Julho_2026,monthly,2026-08-04T14:37:00
2026-07-16,9hs,38,58,Dados de Utilização do Transporte Municipal/Julho_2026/Mensal/Mensal_Resumo_FxHr_202607.html,Julho_2026,monthly,2026-08-04T14:37:00
2026-07-17,0hs,5,7,Dados de Utilização do Transporte Municipal/Julho_2026/Mensal/Mensal_Resumo_FxHr_202607.html,Julho_2026,monthly,2026-08-04T14:37:00
2026-07-17,10hs,41,57,Dados de Utilização do Transporte Municipal/Julho_2026/Mensal/Mensal_Resumo_FxHr_202607.html,Julho_2026,monthly,2026-08-04T14:37:00
2026-07-17,11hs,44,64,Dados de Utilização do Transporte Municipal/Julho_2026/Mensal/Mensal_Resumo_FxHr_202607.html,Julho_2026,monthly,2026-08-04T14:37:00
2026-07-17,12hs,47,81,Dados de Utilização do Transporte Municipal/Julho_2026/Mensal/Mensal_Resumo_FxHr_202607.html,Julho_2026,monthly,2026-08-04T14:37:00
2026-07-17,13hs,45,73,Dados de Utilização do Transporte Municipal/Julho_2026/Mensal/Mensal_Resumo_FxHr_202607.html,Julho_2026,monthly,2026-08-04T14:37:00
2026-07-17,14hs,44,71,Dados de Utilização do Transporte Municipal/Julho_2026/Mensal/Mensal_Resumo_FxHr_202607.html,Julho_2026,monthly,2026-08-04T14:37:00
2026-07-17,15hs,47,68,Dados de Utilização do Transporte Municipal/Julho_2026/Mensal/Mensal_Resumo_FxHr_202607.html,Julho_2026,monthly,2026-08-04T14:37:00
2026-07-17,16hs,47,68,Dados de Utilização do Transporte Municipal/Julho_2026/Mensal/Mensal_Resumo_FxHr_202607.html,Julho_2026,monthly,2026-08-04T14:37:00
2026-07-17,17hs,46,64,Dados de Utilização do Transporte Municipal/Julho_2026/Mensal/Mensal_Resumo_FxHr_202607.html,Julho_2026,monthly,2026-08-04T14:37:00
2026-07-17,18hs,47,70,Dados de Utilização do Transporte Municipal/Julho_2026/Mensal/Mensal_Resumo_FxHr_202607.html,Julho_2026,monthly,2026-08-04T14:37:00
2026-07-17,19hs,46,72,Dados de Utilização do Transporte Municipal/Julho_2026/Mensal/Mensal_Resumo_FxHr_202607.html,Julho_2026,monthly,2026-08-04T14:37:00
2026-07-17,20hs,42,60,Dados de Utilização do Transporte Municipal/Julho_2026/Mensal/Mensal_Resumo_FxHr_202607.html,Julho_2026,monthly,2026-08-04T14:37:00
2026-07-17,21hs,40,63,Dados de Utilização do Transporte Municipal/Julho_2026/Mensal/Mensal_Resumo_FxHr_202607.html,Julho_2026,monthly,2026-08-04T14:37:00
2026-07-17,22hs,31,54,Dados de Utilização do Transporte Municipal/Julho_2026/Mensal/Mensal_Resumo_FxHr_202607.html,Julho_2026,monthly,2026-08-04T14:37:00
2026-07-17,23hs,21,34,Dados de Utilização do Transporte Municipal/Julho_2026/Mensal/Mensal_Resumo_FxHr_202607.html,Julho_2026,monthly,2026-08-04T14:37:00
2026-07-17,4hs,14,17,Dados de Utilização do Transporte Municipal/Julho_2026/Mensal/Mensal_Resumo_FxHr_202607.html,Julho_2026,monthly,2026-08-04T14:37:00
2026-07-17,5hs,35,60,Dados de Utilização do Transporte Municipal/Julho_2026/Mensal/Mensal_Resumo_FxHr_202607.html,Julho_2026,monthly,2026-08-04T14:37:00
2026-07-17,6hs,47,84,Dados de Utilização do Transporte Municipal/Julho_2026/Mensal/Mensal_Resumo_FxHr_202607.html,Julho_2026,monthly,2026-08-04T14:37:00
2026-07-17,7hs,47,81,Dados de Utilização do Transporte Municipal/Julho_2026/Mensal/Mensal_Resumo_FxHr_202607.html,Julho_2026,monthly,2026-08-04T14:37:00
2026-07-17,8hs,47,74,Dados de Utilização do Transporte Municipal/Julho_2026/Mensal/Mensal_Resumo_FxHr_202607.html,Julho_2026,monthly,2026-08-04T14:37:00
2026-07-17,9hs,39,57,Dados de Utilização do Transporte Municipal/Julho_2026/Mensal/Mensal_Resumo_FxHr_202607.html,Julho_2026,monthly,2026-08-04T14:37:00
2026-07-18,0hs,3,3,Dados de Utilização do Transporte Municipal/Julho_2026/Mensal/Mensal_Resumo_FxHr_202607.html,Julho_2026,monthly,2026-08-04T14:37:00
2026-07-18,10hs,30,44,Dados de Utilização do Transporte Municipal/Julho_2026/Mensal/Mensal_Resumo_FxHr_202607.html,Julho_2026,monthly,2026-08-04T14:37:00
2026-07-18,11hs,34,53,Dados de Utilização do Transporte Municipal/Julho_2026/Mensal/Mensal_Resumo_FxHr_202607.html,Julho_2026,monthly,2026-08-04T14:37:00
2026-07-18,12hs,34,55,Dados de Utilização do Transporte Municipal/Julho_2026/Mensal/Mensal_Resumo_FxHr_202607.html,Julho_2026,monthly,2026-08-04T14:37:00
2026-07-18,13hs,30,51,Dados de Utilização do Transporte Municipal/Julho_2026/Mensal/Mensal_Resumo_FxHr_202607.html,Julho_2026,monthly,2026-08-04T14:37:00
2026-07-18,14hs,30,46,Dados de Utilização do Transporte Municipal/Julho_2026/Mensal/Mensal_Resumo_FxHr_202607.html,Julho_2026,monthly,2026-08-04T14:37:00
2026-07-18,15hs,32,46,Dados de Utilização do Transporte Municipal/Julho_2026/Mensal/Mensal_Resumo_FxHr_202607.html,Julho_2026,monthly,2026-08-04T14:37:00
2026-07-18,16hs,31,53,Dados de Utilização do Transporte Municipal/Julho_2026/Mensal/Mensal_Resumo_FxHr_202607.html,Julho_2026,monthly,2026-08-04T14:37:00
2026-07-18,17hs,31,50,Dados de Utilização do Transporte Municipal/Julho_2026/Mensal/Mensal_Resumo_FxHr_202607.html,Julho_2026,monthly,2026-08-04T14:37:00
2026-07-18,18hs,31,48,Dados de Utilização do Transporte Municipal/Julho_2026/Mensal/Mensal_Resumo_FxHr_202607.html,Julho_2026,monthly,2026-08-04T14:37:00
2026-07-18,19hs,29,39,Dados de Utilização do Transporte Municipal/Julho_2026/Mensal/Mensal_Resumo_FxHr_202607.html,Julho_2026,monthly,2026-08-04T14:37:00
2026-07-18,20hs,27,44,Dados de Utilização do Transporte Municipal/Julho_2026/Mensal/Mensal_Resumo_FxHr_202607.html,Julho_2026,monthly,2026-08-04T14:37:00
2026-07-18,21hs,30,47,Dados de Utilização do Transporte Municipal/Julho_2026/Mensal/Mensal_Resumo_FxHr_202607.html,Julho_2026,monthly,2026-08-04T14:37:00
2026-07-18,22hs,20,43,Dados de Utilização do Transporte Municipal/Julho_2026/Mensal/Mensal_Resumo_FxHr_202607.html,Julho_2026,monthly,2026-08-04T14:37:00
2026-07-18,23hs,16,27,Dados de Utilização do Transporte Municipal/Julho_2026/Mensal/Mensal_Resumo_FxHr_202607.html,Julho_2026,monthly,2026-08-04T14:37:00
2026-07-18,4hs,10,13,Dados de Utilização do Transporte Municipal/Julho_2026/Mensal/Mensal_Resumo_FxHr_202607.html,Julho_2026,monthly,2026-08-04T14:37:00
2026-07-18,5hs,22,44,Dados de Utilização do Transporte Municipal/Julho_2026/Mensal/Mensal_Resumo_FxHr_202607.html,Julho_2026,monthly,2026-08-04T14:37:00
2026-07-18,6hs,31,58,Dados de Utilização do Transporte Municipal/Julho_2026/Mensal/Mensal_Resumo_FxHr_202607.html,Julho_2026,monthly,2026-08-04T14:37:00
2026-07-18,7hs,33,60,Dados de Utilização do Transporte Municipal/Julho_2026/Mensal/Mensal_Resumo_FxHr_202607.html,Julho_2026,monthly,2026-08-04T14:37:00
2026-07-18,8hs,32,53,Dados de Utilização do Transporte Municipal/Julho_2026/Mensal/Mensal_Resumo_FxHr_202607.html,Julho_2026,monthly,2026-08-04T14:37:00
2026-07-18,9hs,31,47,Dados de Utilização do Transporte Municipal/Julho_2026/Mensal/Mensal_Resumo_FxHr_202607.html,Julho_2026,monthly,2026-08-04T14:37:00
2026-07-19,0hs,3,3,Dados de Utilização do Transporte Municipal/Julho_2026/Mensal/Mensal_Resumo_FxHr_202607.html,Julho_2026,monthly,2026-08-04T14:37:00
2026-07-19,10hs,21,33,Dados de Utilização do Transporte Municipal/Julho_2026/Mensal/Mensal_Resumo_FxHr_202607.html,Julho_2026,monthly,2026-08-04T14:37:00
2026-07-19,11hs,21,37,Dados de Utilização do Transporte Municipal/Julho_2026/Mensal/Mensal_Resumo_FxHr_202607.html,Julho_2026,monthly,2026-08-04T14:37:00
2026-07-19,12hs,21,43,Dados de Utilização do Transporte Municipal/Julho_2026/Mensal/Mensal_Resumo_FxHr_202607.html,Julho_2026,monthly,2026-08-04T14:37:00
2026-07-19,13hs,23,40,Dados de Utilização do Transporte Municipal/Julho_2026/Mensal/Mensal_Resumo_FxHr_202607.html,Julho_2026,monthly,2026-08-04T14:37:00
2026-07-19,14hs,21,34,Dados de Utilização do Transporte Municipal/Julho_2026/Mensal/Mensal_Resumo_FxHr_202607.html,Julho_2026,monthly,2026-08-04T14:37:00
2026-07-19,15hs,21,39,Dados de Utilização do Transporte Municipal/Julho_2026/Mensal/Mensal_Resumo_FxHr_202607.html,Julho_2026,monthly,2026-08-04T14:37:00
2026-07-19,16hs,21,42,Dados de Utilização do Transporte Municipal/Julho_2026/Mensal/Mensal_Resumo_FxHr_202607.html,Julho_2026,monthly,2026-08-04T14:37:00
2026-07-19,17hs,21,44,Dados de Utilização do Transporte Municipal/Julho_2026/Mensal/Mensal_Resumo_FxHr_202607.html,Julho_2026,monthly,2026-08-04T14:37:00
2026-07-19,18hs,20,32,Dados de Utilização do Transporte Municipal/Julho_2026/Mensal/Mensal_Resumo_FxHr_202607.html,Julho_2026,monthly,2026-08-04T14:37:00
2026-07-19,19hs,21,35,Dados de Utilização do Transporte Municipal/Julho_2026/Mensal/Mensal_Resumo_FxHr_202607.html,Julho_2026,monthly,2026-08-04T14:37:00
2026-07-19,20hs,20,40,Dados de Utilização do Transporte Municipal/Julho_2026/Mensal/Mensal_Resumo_FxHr_202607.html,Julho_2026,monthly,2026-08-04T14:37:00
2026-07-19,21hs,20,36,Dados de Utilização do Transporte Municipal/Julho_2026/Mensal/Mensal_Resumo_FxHr_202607.html,Julho_2026,monthly,2026-08-04T14:37:00
2026-07-19,22hs,14,28,Dados de Utilização do Transporte Municipal/Julho_2026/Mensal/Mensal_Resumo_FxHr_202607.html,Julho_2026,monthly,2026-08-04T14:37:00
2026-07-19,23hs,10,18,Dados de Utilização do Transporte Municipal/Julho_2026/Mensal/Mensal_Resumo_FxHr_202607.html,Julho_2026,monthly,2026-08-04T14:37:00
2026-07-19,4hs,8,8,Dados de Utilização do Transporte Municipal/Julho_2026/Mensal/Mensal_Resumo_FxHr_202607.html,Julho_2026,monthly,2026-08-04T14:37:00
2026-07-19,5hs,17,40,Dados de Utilização do Transporte Municipal/Julho_2026/Mensal/Mensal_Resumo_FxHr_202607.html,Julho_2026,monthly,2026-08-04T14:37:00
2026-07-19,6hs,21,41,Dados de Utilização do Transporte Municipal/Julho_2026/Mensal/Mensal_Resumo_FxHr_202607.html,Julho_2026,monthly,2026-08-04T14:37:00
2026-07-19,7hs,21,43,Dados de Utilização do Transporte Municipal/Julho_2026/Mensal/Mensal_Resumo_FxHr_202607.html,Julho_2026,monthly,2026-08-04T14:37:00
2026-07-19,8hs,20,39,Dados de Utilização do Transporte Municipal/Julho_2026/Mensal/Mensal_Resumo_FxHr_202607.html,Julho_2026,monthly,2026-08-04T14:37:00
2026-07-19,9hs,20,33,Dados de Utilização do Transporte Municipal/Julho_2026/Mensal/Mensal_Resumo_FxHr_202607.html,Julho_2026,monthly,2026-08-04T14:37:00
2026-07-20,0hs,5,7,Dados de Utilização do Transporte Municipal/Julho_2026/Mensal/Mensal_Resumo_FxHr_202607.html,Julho_2026,monthly,2026-08-04T14:37:00
2026-07-20,10hs,41,55,Dados de Utilização do Transporte Municipal/Julho_2026/Mensal/Mensal_Resumo_FxHr_202607.html,Julho_2026,monthly,2026-08-04T14:37:00
2026-07-20,11hs,44,65,Dados de Utilização do Transporte Municipal/Julho_2026/Mensal/Mensal_Resumo_FxHr_202607.html,Julho_2026,monthly,2026-08-04T14:37:00
2026-07-20,12hs,47,81,Dados de Utilização do Transporte Municipal/Julho_2026/Mensal/Mensal_Resumo_FxHr_202607.html,Julho_2026,monthly,2026-08-04T14:37:00
2026-07-20,13hs,45,73,Dados de Utilização do Transporte Municipal/Julho_2026/Mensal/Mensal_Resumo_FxHr_202607.html,Julho_2026,monthly,2026-08-04T14:37:00
2026-07-20,14hs,44,73,Dados de Utilização do Transporte Municipal/Julho_2026/Mensal/Mensal_Resumo_FxHr_202607.html,Julho_2026,monthly,2026-08-04T14:37:00
2026-07-20,15hs,47,67,Dados de Utilização do Transporte Municipal/Julho_2026/Mensal/Mensal_Resumo_FxHr_202607.html,Julho_2026,monthly,2026-08-04T14:37:00
2026-07-20,16hs,47,67,Dados de Utilização do Transporte Municipal/Julho_2026/Mensal/Mensal_Resumo_FxHr_202607.html,Julho_2026,monthly,2026-08-04T14:37:00
2026-07-20,17hs,47,75,Dados de Utilização do Transporte Municipal/Julho_2026/Mensal/Mensal_Resumo_FxHr_202607.html,Julho_2026,monthly,2026-08-04T14:37:00
2026-07-20,18hs,47,71,Dados de Utilização do Transporte Municipal/Julho_2026/Mensal/Mensal_Resumo_FxHr_202607.html,Julho_2026,monthly,2026-08-04T14:37:00
2026-07-20,19hs,43,62,Dados de Utilização do Transporte Municipal/Julho_2026/Mensal/Mensal_Resumo_FxHr_202607.html,Julho_2026,monthly,2026-08-04T14:37:00
2026-07-20,20hs,42,59,Dados de Utilização do Transporte Municipal/Julho_2026/Mensal/Mensal_Resumo_FxHr_202607.html,Julho_2026,monthly,2026-08-04T14:37:00
2026-07-20,21hs,41,64,Dados de Utilização do Transporte Municipal/Julho_2026/Mensal/Mensal_Resumo_FxHr_202607.html,Julho_2026,monthly,2026-08-04T14:37:00
2026-07-20,22hs,30,52,Dados de Utilização do Transporte Municipal/Julho_2026/Mensal/Mensal_Resumo_FxHr_202607.html,Julho_2026,monthly,2026-08-04T14:37:00
2026-07-20,23hs,21,35,Dados de Utilização do Transporte Municipal/Julho_2026/Mensal/Mensal_Resumo_FxHr_202607.html,Julho_2026,monthly,2026-08-04T14:37:00
2026-07-20,4hs,13,16,Dados de Utilização do Transporte Municipal/Julho_2026/Mensal/Mensal_Resumo_FxHr_202607.html,Julho_2026,monthly,2026-08-04T14:37:00
2026-07-20,5hs,35,61,Dados de Utilização do Transporte Municipal/Julho_2026/Mensal/Mensal_Resumo_FxHr_202607.html,Julho_2026,monthly,2026-08-04T14:37:00
2026-07-20,6hs,47,84,Dados de Utilização do Transporte Municipal/Julho_2026/Mensal/Mensal_Resumo_FxHr_202607.html,Julho_2026,monthly,2026-08-04T14:37:00
2026-07-20,7hs,47,81,Dados de Utilização do Transporte Municipal/Julho_2026/Mensal/Mensal_Resumo_FxHr_202607.html,Julho_2026,monthly,2026-08-04T14:37:00
2026-07-20,8hs,47,74,Dados de Utilização do Transporte Municipal/Julho_2026/Mensal/Mensal_Resumo_FxHr_202607.html,Julho_2026,monthly,2026-08-04T14:37:00
2026-07-20,9hs,40,58,Dados de Utilização do Transporte Municipal/Julho_2026/Mensal/Mensal_Resumo_FxHr_202607.html,Julho_2026,monthly,2026-08-04T14:37:00
2026-07-21,0hs,5,7,Dados de Utilização do Transporte Municipal/Julho_2026/Mensal/Mensal_Resumo_FxHr_202607.html,Julho_2026,monthly,2026-08-04T14:37:00
2026-07-21,10hs,41,56,Dados de Utilização do Transporte Municipal/Julho_2026/Mensal/Mensal_Resumo_FxHr_202607.html,Julho_2026,monthly,2026-08-04T14:37:00
2026-07-21,11hs,45,66,Dados de Utilização do Transporte Municipal/Julho_2026/Mensal/Mensal_Resumo_FxHr_202607.html,Julho_2026,monthly,2026-08-04T14:37:00
2026-07-21,12hs,47,78,Dados de Utilização do Transporte Municipal/Julho_2026/Mensal/Mensal_Resumo_FxHr_202607.html,Julho_2026,monthly,2026-08-04T14:37:00
2026-07-21,13hs,45,71,Dados de Utilização do Transporte Municipal/Julho_2026/Mensal/Mensal_Resumo_FxHr_202607.html,Julho_2026,monthly,2026-08-04T14:37:00
2026-07-21,14hs,44,76,Dados de Utilização do Transporte Municipal/Julho_2026/Mensal/Mensal_Resumo_FxHr_202607.html,Julho_2026,monthly,2026-08-04T14:37:00
2026-07-21,15hs,47,67,Dados de Utilização do Transporte Municipal/Julho_2026/Mensal/Mensal_Resumo_FxHr_202607.html,Julho_2026,monthly,2026-08-04T14:37:00
2026-07-21,16hs,46,66,Dados de Utilização do Transporte Municipal/Julho_2026/Mensal/Mensal_Resumo_FxHr_202607.html,Julho_2026,monthly,2026-08-04T14:37:00
2026-07-21,17hs,47,69,Dados de Utilização do Transporte Municipal/Julho_2026/Mensal/Mensal_Resumo_FxHr_202607.html,Julho_2026,monthly,2026-08-04T14:37:00
2026-07-21,18hs,47,75,Dados de Utilização do Transporte Municipal/Julho_2026/Mensal/Mensal_Resumo_FxHr_202607.html,Julho_2026,monthly,2026-08-04T14:37:00
2026-07-21,19hs,44,64,Dados de Utilização do Transporte Municipal/Julho_2026/Mensal/Mensal_Resumo_FxHr_202607.html,Julho_2026,monthly,2026-08-04T14:37:00
2026-07-21,20hs,43,60,Dados de Utilização do Transporte Municipal/Julho_2026/Mensal/Mensal_Resumo_FxHr_202607.html,Julho_2026,monthly,2026-08-04T14:37:00
2026-07-21,21hs,41,63,Dados de Utilização do Transporte Municipal/Julho_2026/Mensal/Mensal_Resumo_FxHr_202607.html,Julho_2026,monthly,2026-08-04T14:37:00
2026-07-21,22hs,31,53,Dados de Utilização do Transporte Municipal/Julho_2026/Mensal/Mensal_Resumo_FxHr_202607.html,Julho_2026,monthly,2026-08-04T14:37:00
2026-07-21,23hs,21,35,Dados de Utilização do Transporte Municipal/Julho_2026/Mensal/Mensal_Resumo_FxHr_202607.html,Julho_2026,monthly,2026-08-04T14:37:00
2026-07-21,4hs,14,17,Dados de Utilização do Transporte Municipal/Julho_2026/Mensal/Mensal_Resumo_FxHr_202607.html,Julho_2026,monthly,2026-08-04T14:37:00
2026-07-21,5hs,35,61,Dados de Utilização do Transporte Municipal/Julho_2026/Mensal/Mensal_Resumo_FxHr_202607.html,Julho_2026,monthly,2026-08-04T14:37:00
2026-07-21,6hs,47,83,Dados de Utilização do Transporte Municipal/Julho_2026/Mensal/Mensal_Resumo_FxHr_202607.html,Julho_2026,monthly,2026-08-04T14:37:00
2026-07-21,7hs,47,79,Dados de Utilização do Transporte Municipal/Julho_2026/Mensal/Mensal_Resumo_FxHr_202607.html,Julho_2026,monthly,2026-08-04T14:37:00
2026-07-21,8hs,47,75,Dados de Utilização do Transporte Municipal/Julho_2026/Mensal/Mensal_Resumo_FxHr_202607.html,Julho_2026,monthly,2026-08-04T14:37:00
2026-07-21,9hs,40,58,Dados de Utilização do Transporte Municipal/Julho_2026/Mensal/Mensal_Resumo_FxHr_202607.html,Julho_2026,monthly,2026-08-04T14:37:00
2026-07-22,0hs,5,7,Dados de Utilização do Transporte Municipal/Julho_2026/Mensal/Mensal_Resumo_FxHr_202607.html,Julho_2026,monthly,2026-08-04T14:37:00
2026-07-22,10hs,42,58,Dados de Utilização do Transporte Municipal/Julho_2026/Mensal/Mensal_Resumo_FxHr_202607.html,Julho_2026,monthly,2026-08-04T14:37:00
2026-07-22,11hs,44,64,Dados de Utilização do Transporte Municipal/Julho_2026/Mensal/Mensal_Resumo_FxHr_202607.html,Julho_2026,monthly,2026-08-04T14:37:00
2026-07-22,12hs,47,80,Dados de Utilização do Transporte Municipal/Julho_2026/Mensal/Mensal_Resumo_FxHr_202607.html,Julho_2026,monthly,2026-08-04T14:37:00
2026-07-22,13hs,45,72,Dados de Utilização do Transporte Municipal/Julho_2026/Mensal/Mensal_Resumo_FxHr_202607.html,Julho_2026,monthly,2026-08-04T14:37:00
2026-07-22,14hs,43,71,Dados de Utilização do Transporte Municipal/Julho_2026/Mensal/Mensal_Resumo_FxHr_202607.html,Julho_2026,monthly,2026-08-04T14:37:00
2026-07-22,15hs,47,68,Dados de Utilização do Transporte Municipal/Julho_2026/Mensal/Mensal_Resumo_FxHr_202607.html,Julho_2026,monthly,2026-08-04T14:37:00
2026-07-22,16hs,47,68,Dados de Utilização do Transporte Municipal/Julho_2026/Mensal/Mensal_Resumo_FxHr_202607.html,Julho_2026,monthly,2026-08-04T14:37:00
2026-07-22,17hs,47,70,Dados de Utilização do Transporte Municipal/Julho_2026/Mensal/Mensal_Resumo_FxHr_202607.html,Julho_2026,monthly,2026-08-04T14:37:00
2026-07-22,18hs,47,71,Dados de Utilização do Transporte Municipal/Julho_2026/Mensal/Mensal_Resumo_FxHr_202607.html,Julho_2026,monthly,2026-08-04T14:37:00
2026-07-22,19hs,44,66,Dados de Utilização do Transporte Municipal/Julho_2026/Mensal/Mensal_Resumo_FxHr_202607.html,Julho_2026,monthly,2026-08-04T14:37:00
2026-07-22,20hs,44,61,Dados de Utilização do Transporte Municipal/Julho_2026/Mensal/Mensal_Resumo_FxHr_202607.html,Julho_2026,monthly,2026-08-04T14:37:00
2026-07-22,21hs,41,63,Dados de Utilização do Transporte Municipal/Julho_2026/Mensal/Mensal_Resumo_FxHr_202607.html,Julho_2026,monthly,2026-08-04T14:37:00
2026-07-22,22hs,31,52,Dados de Utilização do Transporte Municipal/Julho_2026/Mensal/Mensal_Resumo_FxHr_202607.html,Julho_2026,monthly,2026-08-04T14:37:00
2026-07-22,23hs,21,35,Dados de Utilização do Transporte Municipal/Julho_2026/Mensal/Mensal_Resumo_FxHr_202607.html,Julho_2026,monthly,2026-08-04T14:37:00
2026-07-22,4hs,14,17,Dados de Utilização do Transporte Municipal/Julho_2026/Mensal/Mensal_Resumo_FxHr_202607.html,Julho_2026,monthly,2026-08-04T14:37:00
2026-07-22,5hs,35,60,Dados de Utilização do Transporte Municipal/Julho_2026/Mensal/Mensal_Resumo_FxHr_202607.html,Julho_2026,monthly,2026-08-04T14:37:00
2026-07-22,6hs,47,84,Dados de Utilização do Transporte Municipal/Julho_2026/Mensal/Mensal_Resumo_FxHr_202607.html,Julho_2026,monthly,2026-08-04T14:37:00
2026-07-22,7hs,47,81,Dados de Utilização do Transporte Municipal/Julho_2026/Mensal/Mensal_Resumo_FxHr_202607.html,Julho_2026,monthly,2026-08-04T14:37:00
2026-07-22,8hs,46,70,Dados de Utilização do Transporte Municipal/Julho_2026/Mensal/Mensal_Resumo_FxHr_202607.html,Julho_2026,monthly,2026-08-04T14:37:00
2026-07-22,9hs,38,56,Dados de Utilização do Transporte Municipal/Julho_2026/Mensal/Mensal_Resumo_FxHr_202607.html,Julho_2026,monthly,2026-08-04T14:37:00
2026-07-23,0hs,5,7,Dados de Utilização do Transporte Municipal/Julho_2026/Mensal/Mensal_Resumo_FxHr_202607.html,Julho_2026,monthly,2026-08-04T14:37:00
2026-07-23,10hs,41,56,Dados de Utilização do Transporte Municipal/Julho_2026/Mensal/Mensal_Resumo_FxHr_202607.html,Julho_2026,monthly,2026-08-04T14:37:00
2026-07-23,11hs,44,64,Dados de Utilização do Transporte Municipal/Julho_2026/Mensal/Mensal_Resumo_FxHr_202607.html,Julho_2026,monthly,2026-08-04T14:37:00
2026-07-23,12hs,47,82,Dados de Utilização do Transporte Municipal/Julho_2026/Mensal/Mensal_Resumo_FxHr_202607.html,Julho_2026,monthly,2026-08-04T14:37:00
2026-07-23,13hs,45,73,Dados de Utilização do Transporte Municipal/Julho_2026/Mensal/Mensal_Resumo_FxHr_202607.html,Julho_2026,monthly,2026-08-04T14:37:00
2026-07-23,14hs,43,71,Dados de Utilização do Transporte Municipal/Julho_2026/Mensal/Mensal_Resumo_FxHr_202607.html,Julho_2026,monthly,2026-08-04T14:37:00
2026-07-23,15hs,47,68,Dados de Utilização do Transporte Municipal/Julho_2026/Mensal/Mensal_Resumo_FxHr_202607.html,Julho_2026,monthly,2026-08-04T14:37:00
2026-07-23,16hs,47,67,Dados de Utilização do Transporte Municipal/Julho_2026/Mensal/Mensal_Resumo_FxHr_202607.html,Julho_2026,monthly,2026-08-04T14:37:00
2026-07-23,17hs,47,66,Dados de Utilização do Transporte Municipal/Julho_2026/Mensal/Mensal_Resumo_FxHr_202607.html,Julho_2026,monthly,2026-08-04T14:37:00
2026-07-23,18hs,47,77,Dados de Utilização do Transporte Municipal/Julho_2026/Mensal/Mensal_Resumo_FxHr_202607.html,Julho_2026,monthly,2026-08-04T14:37:00
2026-07-23,19hs,44,65,Dados de Utilização do Transporte Municipal/Julho_2026/Mensal/Mensal_Resumo_FxHr_202607.html,Julho_2026,monthly,2026-08-04T14:37:00
2026-07-23,20hs,44,60,Dados de Utilização do Transporte Municipal/Julho_2026/Mensal/Mensal_Resumo_FxHr_202607.html,Julho_2026,monthly,2026-08-04T14:37:00
2026-07-23,21hs,40,62,Dados de Utilização do Transporte Municipal/Julho_2026/Mensal/Mensal_Resumo_FxHr_202607.html,Julho_2026,monthly,2026-08-04T14:37:00
2026-07-23,22hs,31,53,Dados de Utilização do Transporte Municipal/Julho_2026/Mensal/Mensal_Resumo_FxHr_202607.html,Julho_2026,monthly,2026-08-04T14:37:00
2026-07-23,23hs,21,35,Dados de Utilização do Transporte Municipal/Julho_2026/Mensal/Mensal_Resumo_FxHr_202607.html,Julho_2026,monthly,2026-08-04T14:37:00
2026-07-23,4hs,12,15,Dados de Utilização do Transporte Municipal/Julho_2026/Mensal/Mensal_Resumo_FxHr_202607.html,Julho_2026,monthly,2026-08-04T14:37:00
2026-07-23,5hs,35,63,Dados de Utilização do Transporte Municipal/Julho_2026/Mensal/Mensal_Resumo_FxHr_202607.html,Julho_2026,monthly,2026-08-04T14:37:00
2026-07-23,6hs,47,83,Dados de Utilização do Transporte Municipal/Julho_2026/Mensal/Mensal_Resumo_FxHr_202607.html,Julho_2026,monthly,2026-08-04T14:37:00
2026-07-23,7hs,47,82,Dados de Utilização do Transporte Municipal/Julho_2026/Mensal/Mensal_Resumo_FxHr_202607.html,Julho_2026,monthly,2026-08-04T14:37:00
2026-07-23,8hs,47,72,Dados de Utilização do Transporte Municipal/Julho_2026/Mensal/Mensal_Resumo_FxHr_202607.html,Julho_2026,monthly,2026-08-04T14:37:00
2026-07-23,9hs,40,59,Dados de Utilização do Transporte Municipal/Julho_2026/Mensal/Mensal_Resumo_FxHr_202607.html,Julho_2026,monthly,2026-08-04T14:37:00
2026-07-24,0hs,5,7,Dados de Utilização do Transporte Municipal/Julho_2026/Mensal/Mensal_Resumo_FxHr_202607.html,Julho_2026,monthly,2026-08-04T14:37:00
2026-07-24,10hs,41,58,Dados de Utilização do Transporte Municipal/Julho_2026/Mensal/Mensal_Resumo_FxHr_202607.html,Julho_2026,monthly,2026-08-04T14:37:00
2026-07-24,11hs,44,65,Dados de Utilização do Transporte Municipal/Julho_2026/Mensal/Mensal_Resumo_FxHr_202607.html,Julho_2026,monthly,2026-08-04T14:37:00
2026-07-24,12hs,47,81,Dados de Utilização do Transporte Municipal/Julho_2026/Mensal/Mensal_Resumo_FxHr_202607.html,Julho_2026,monthly,2026-08-04T14:37:00
2026-07-24,13hs,45,71,Dados de Utilização do Transporte Municipal/Julho_2026/Mensal/Mensal_Resumo_FxHr_202607.html,Julho_2026,monthly,2026-08-04T14:37:00
2026-07-24,14hs,44,73,Dados de Utilização do Transporte Municipal/Julho_2026/Mensal/Mensal_Resumo_FxHr_202607.html,Julho_2026,monthly,2026-08-04T14:37:00
2026-07-24,15hs,47,67,Dados de Utilização do Transporte Municipal/Julho_2026/Mensal/Mensal_Resumo_FxHr_202607.html,Julho_2026,monthly,2026-08-04T14:37:00
2026-07-24,16hs,47,63,Dados de Utilização do Transporte Municipal/Julho_2026/Mensal/Mensal_Resumo_FxHr_202607.html,Julho_2026,monthly,2026-08-04T14:37:00
2026-07-24,17hs,47,70,Dados de Utilização do Transporte Municipal/Julho_2026/Mensal/Mensal_Resumo_FxHr_202607.html,Julho_2026,monthly,2026-08-04T14:37:00
2026-07-24,18hs,47,75,Dados de Utilização do Transporte Municipal/Julho_2026/Mensal/Mensal_Resumo_FxHr_202607.html,Julho_2026,monthly,2026-08-04T14:37:00
2026-07-24,19hs,44,63,Dados de Utilização do Transporte Municipal/Julho_2026/Mensal/Mensal_Resumo_FxHr_202607.html,Julho_2026,monthly,2026-08-04T14:37:00
2026-07-24,20hs,44,65,Dados de Utilização do Transporte Municipal/Julho_2026/Mensal/Mensal_Resumo_FxHr_202607.html,Julho_2026,monthly,2026-08-04T14:37:00
2026-07-24,21hs,40,62,Dados de Utilização do Transporte Municipal/Julho_2026/Mensal/Mensal_Resumo_FxHr_202607.html,Julho_2026,monthly,2026-08-04T14:37:00
2026-07-24,22hs,31,53,Dados de Utilização do Transporte Municipal/Julho_2026/Mensal/Mensal_Resumo_FxHr_202607.html,Julho_2026,monthly,2026-08-04T14:37:00
2026-07-24,23hs,21,35,Dados de Utilização do Transporte Municipal/Julho_2026/Mensal/Mensal_Resumo_FxHr_202607.html,Julho_2026,monthly,2026-08-04T14:37:00
2026-07-24,4hs,14,17,Dados de Utilização do Transporte Municipal/Julho_2026/Mensal/Mensal_Resumo_FxHr_202607.html,Julho_2026,monthly,2026-08-04T14:37:00
2026-07-24,5hs,35,61,Dados de Utilização do Transporte Municipal/Julho_2026/Mensal/Mensal_Resumo_FxHr_202607.html,Julho_2026,monthly,2026-08-04T14:37:00
2026-07-24,6hs,47,84,Dados de Utilização do Transporte Municipal/Julho_2026/Mensal/Mensal_Resumo_FxHr_202607.html,Julho_2026,monthly,2026-08-04T14:37:00
2026-07-24,7hs,49,82,Dados de Utilização do Transporte Municipal/Julho_2026/Mensal/Mensal_Resumo_FxHr_202607.html,Julho_2026,monthly,2026-08-04T14:37:00
2026-07-24,8hs,47,71,Dados de Utilização do Transporte Municipal/Julho_2026/Mensal/Mensal_Resumo_FxHr_202607.html,Julho_2026,monthly,2026-08-04T14:37:00
2026-07-24,9hs,38,57,Dados de Utilização do Transporte Municipal/Julho_2026/Mensal/Mensal_Resumo_FxHr_202607.html,Julho_2026,monthly,2026-08-04T14:37:00
2026-07-25,0hs,3,3,Dados de Utilização do Transporte Municipal/Julho_2026/Mensal/Mensal_Resumo_FxHr_202607.html,Julho_2026,monthly,2026-08-04T14:37:00
2026-07-25,10hs,30,44,Dados de Utilização do Transporte Municipal/Julho_2026/Mensal/Mensal_Resumo_FxHr_202607.html,Julho_2026,monthly,2026-08-04T14:37:00
2026-07-25,11hs,34,53,Dados de Utilização do Transporte Municipal/Julho_2026/Mensal/Mensal_Resumo_FxHr_202607.html,Julho_2026,monthly,2026-08-04T14:37:00
2026-07-25,12hs,35,56,Dados de Utilização do Transporte Municipal/Julho_2026/Mensal/Mensal_Resumo_FxHr_202607.html,Julho_2026,monthly,2026-08-04T14:37:00
2026-07-25,13hs,30,50,Dados de Utilização do Transporte Municipal/Julho_2026/Mensal/Mensal_Resumo_FxHr_202607.html,Julho_2026,monthly,2026-08-04T14:37:00
2026-07-25,14hs,29,45,Dados de Utilização do Transporte Municipal/Julho_2026/Mensal/Mensal_Resumo_FxHr_202607.html,Julho_2026,monthly,2026-08-04T14:37:00
2026-07-25,15hs,32,47,Dados de Utilização do Transporte Municipal/Julho_2026/Mensal/Mensal_Resumo_FxHr_202607.html,Julho_2026,monthly,2026-08-04T14:37:00
2026-07-25,16hs,32,54,Dados de Utilização do Transporte Municipal/Julho_2026/Mensal/Mensal_Resumo_FxHr_202607.html,Julho_2026,monthly,2026-08-04T14:37:00
2026-07-25,17hs,31,49,Dados de Utilização do Transporte Municipal/Julho_2026/Mensal/Mensal_Resumo_FxHr_202607.html,Julho_2026,monthly,2026-08-04T14:37:00
2026-07-25,18hs,31,50,Dados de Utilização do Transporte Municipal/Julho_2026/Mensal/Mensal_Resumo_FxHr_202607.html,Julho_2026,monthly,2026-08-04T14:37:00
2026-07-25,19hs,29,39,Dados de Utilização do Transporte Municipal/Julho_2026/Mensal/Mensal_Resumo_FxHr_202607.html,Julho_2026,monthly,2026-08-04T14:37:00
2026-07-25,20hs,26,41,Dados de Utilização do Transporte Municipal/Julho_2026/Mensal/Mensal_Resumo_FxHr_202607.html,Julho_2026,monthly,2026-08-04T14:37:00
2026-07-25,21hs,30,48,Dados de Utilização do Transporte Municipal/Julho_2026/Mensal/Mensal_Resumo_FxHr_202607.html,Julho_2026,monthly,2026-08-04T14:37:00
2026-07-25,22hs,20,43,Dados de Utilização do Transporte Municipal/Julho_2026/Mensal/Mensal_Resumo_FxHr_202607.html,Julho_2026,monthly,2026-08-04T14:37:00
2026-07-25,23hs,16,27,Dados de Utilização do Transporte Municipal/Julho_2026/Mensal/Mensal_Resumo_FxHr_202607.html,Julho_2026,monthly,2026-08-04T14:37:00
2026-07-25,4hs,12,15,Dados de Utilização do Transporte Municipal/Julho_2026/Mensal/Mensal_Resumo_FxHr_202607.html,Julho_2026,monthly,2026-08-04T14:37:00
2026-07-25,5hs,22,45,Dados de Utilização do Transporte Municipal/Julho_2026/Mensal/Mensal_Resumo_FxHr_202607.html,Julho_2026,monthly,2026-08-04T14:37:00
2026-07-25,6hs,31,56,Dados de Utilização do Transporte Municipal/Julho_2026/Mensal/Mensal_Resumo_FxHr_202607.html,Julho_2026,monthly,2026-08-04T14:37:00
2026-07-25,7hs,33,59,Dados de Utilização do Transporte Municipal/Julho_2026/Mensal/Mensal_Resumo_FxHr_202607.html,Julho_2026,monthly,2026-08-04T14:37:00
2026-07-25,8hs,32,52,Dados de Utilização do Transporte Municipal/Julho_2026/Mensal/Mensal_Resumo_FxHr_202607.html,Julho_2026,monthly,2026-08-04T14:37:00
2026-07-25,9hs,32,48,Dados de Utilização do Transporte Municipal/Julho_2026/Mensal/Mensal_Resumo_FxHr_202607.html,Julho_2026,monthly,2026-08-04T14:37:00
2026-07-26,0hs,3,4,Dados de Utilização do Transporte Municipal/Julho_2026/Mensal/Mensal_Resumo_FxHr_202607.html,Julho_2026,monthly,2026-08-04T14:37:00
2026-07-26,10hs,21,32,Dados de Utilização do Transporte Municipal/Julho_2026/Mensal/Mensal_Resumo_FxHr_202607.html,Julho_2026,monthly,2026-08-04T14:37:00
2026-07-26,11hs,21,36,Dados de Utilização do Transporte Municipal/Julho_2026/Mensal/Mensal_Resumo_FxHr_202607.html,Julho_2026,monthly,2026-08-04T14:37:00
2026-07-26,12hs,21,47,Dados de Utilização do Transporte Municipal/Julho_2026/Mensal/Mensal_Resumo_FxHr_202607.html,Julho_2026,monthly,2026-08-04T14:37:00
2026-07-26,13hs,23,36,Dados de Utilização do Transporte Municipal/Julho_2026/Mensal/Mensal_Resumo_FxHr_202607.html,Julho_2026,monthly,2026-08-04T14:37:00
2026-07-26,14hs,19,35,Dados de Utilização do Transporte Municipal/Julho_2026/Mensal/Mensal_Resumo_FxHr_202607.html,Julho_2026,monthly,2026-08-04T14:37:00
2026-07-26,15hs,20,40,Dados de Utilização do Transporte Municipal/Julho_2026/Mensal/Mensal_Resumo_FxHr_202607.html,Julho_2026,monthly,2026-08-04T14:37:00
2026-07-26,16hs,20,40,Dados de Utilização do Transporte Municipal/Julho_2026/Mensal/Mensal_Resumo_FxHr_202607.html,Julho_2026,monthly,2026-08-04T14:37:00
2026-07-26,17hs,21,44,Dados de Utilização do Transporte Municipal/Julho_2026/Mensal/Mensal_Resumo_FxHr_202607.html,Julho_2026,monthly,2026-08-04T14:37:00
2026-07-26,18hs,21,33,Dados de Utilização do Transporte Municipal/Julho_2026/Mensal/Mensal_Resumo_FxHr_202607.html,Julho_2026,monthly,2026-08-04T14:37:00
2026-07-26,19hs,21,34,Dados de Utilização do Transporte Municipal/Julho_2026/Mensal/Mensal_Resumo_FxHr_202607.html,Julho_2026,monthly,2026-08-04T14:37:00
2026-07-26,20hs,21,41,Dados de Utilização do Transporte Municipal/Julho_2026/Mensal/Mensal_Resumo_FxHr_202607.html,Julho_2026,monthly,2026-08-04T14:37:00
2026-07-26,21hs,20,36,Dados de Utilização do Transporte Municipal/Julho_2026/Mensal/Mensal_Resumo_FxHr_202607.html,Julho_2026,monthly,2026-08-04T14:37:00
2026-07-26,22hs,14,28,Dados de Utilização do Transporte Municipal/Julho_2026/Mensal/Mensal_Resumo_FxHr_202607.html,Julho_2026,monthly,2026-08-04T14:37:00
2026-07-26,23hs,10,17,Dados de Utilização do Transporte Municipal/Julho_2026/Mensal/Mensal_Resumo_FxHr_202607.html,Julho_2026,monthly,2026-08-04T14:37:00
2026-07-26,4hs,8,8,Dados de Utilização do Transporte Municipal/Julho_2026/Mensal/Mensal_Resumo_FxHr_202607.html,Julho_2026,monthly,2026-08-04T14:37:00
2026-07-26,5hs,17,39,Dados de Utilização do Transporte Municipal/Julho_2026/Mensal/Mensal_Resumo_FxHr_202607.html,Julho_2026,monthly,2026-08-04T14:37:00
2026-07-26,6hs,21,39,Dados de Utilização do Transporte Municipal/Julho_2026/Mensal/Mensal_Resumo_FxHr_202607.html,Julho_2026,monthly,2026-08-04T14:37:00
2026-07-26,7hs,21,44,Dados de Utilização do Transporte Municipal/Julho_2026/Mensal/Mensal_Resumo_FxHr_202607.html,Julho_2026,monthly,2026-08-04T14:37:00
2026-07-26,8hs,20,38,Dados de Utilização do Transporte Municipal/Julho_2026/Mensal/Mensal_Resumo_FxHr_202607.html,Julho_2026,monthly,2026-08-04T14:37:00
2026-07-26,9hs,20,34,Dados de Utilização do Transporte Municipal/Julho_2026/Mensal/Mensal_Resumo_FxHr_202607.html,Julho_2026,monthly,2026-08-04T14:37:00
2026-07-27,0hs,5,7,Dados de Utilização do Transporte Municipal/Julho_2026/Mensal/Mensal_Resumo_FxHr_202607.html,Julho_2026,monthly,2026-08-04T14:37:00
2026-07-27,10hs,37,54,Dados de Utilização do Transporte Municipal/Julho_2026/Mensal/Mensal_Resumo_FxHr_202607.html,Julho_2026,monthly,2026-08-04T14:37:00
2026-07-27,11hs,37,52,Dados de Utilização do Transporte Municipal/Julho_2026/Mensal/Mensal_Resumo_FxHr_202607.html,Julho_2026,monthly,2026-08-04T14:37:00
2026-07-27,12hs,41,66,Dados de Utilização do Transporte Municipal/Julho_2026/Mensal/Mensal_Resumo_FxHr_202607.html,Julho_2026,monthly,2026-08-04T14:37:00
2026-07-27,13hs,39,65,Dados de Utilização do Transporte Municipal/Julho_2026/Mensal/Mensal_Resumo_FxHr_202607.html,Julho_2026,monthly,2026-08-04T14:37:00
2026-07-27,14hs,40,66,Dados de Utilização do Transporte Municipal/Julho_2026/Mensal/Mensal_Resumo_FxHr_202607.html,Julho_2026,monthly,2026-08-04T14:37:00
2026-07-27,15hs,38,55,Dados de Utilização do Transporte Municipal/Julho_2026/Mensal/Mensal_Resumo_FxHr_202607.html,Julho_2026,monthly,2026-08-04T14:37:00
2026-07-27,16hs,40,62,Dados de Utilização do Transporte Municipal/Julho_2026/Mensal/Mensal_Resumo_FxHr_202607.html,Julho_2026,monthly,2026-08-04T14:37:00
2026-07-27,17hs,41,67,Dados de Utilização do Transporte Municipal/Julho_2026/Mensal/Mensal_Resumo_FxHr_202607.html,Julho_2026,monthly,2026-08-04T14:37:00
2026-07-27,18hs,41,63,Dados de Utilização do Transporte Municipal/Julho_2026/Mensal/Mensal_Resumo_FxHr_202607.html,Julho_2026,monthly,2026-08-04T14:37:00
2026-07-27,19hs,37,53,Dados de Utilização do Transporte Municipal/Julho_2026/Mensal/Mensal_Resumo_FxHr_202607.html,Julho_2026,monthly,2026-08-04T14:37:00
2026-07-27,20hs,35,51,Dados de Utilização do Transporte Municipal/Julho_2026/Mensal/Mensal_Resumo_FxHr_202607.html,Julho_2026,monthly,2026-08-04T14:37:00
2026-07-27,21hs,40,65,Dados de Utilização do Transporte Municipal/Julho_2026/Mensal/Mensal_Resumo_FxHr_202607.html,Julho_2026,monthly,2026-08-04T14:37:00
2026-07-27,22hs,24,45,Dados de Utilização do Transporte Municipal/Julho_2026/Mensal/Mensal_Resumo_FxHr_202607.html,Julho_2026,monthly,2026-08-04T14:37:00
2026-07-27,23hs,18,32,Dados de Utilização do Transporte Municipal/Julho_2026/Mensal/Mensal_Resumo_FxHr_202607.html,Julho_2026,monthly,2026-08-04T14:37:00
2026-07-27,4hs,11,14,Dados de Utilização do Transporte Municipal/Julho_2026/Mensal/Mensal_Resumo_FxHr_202607.html,Julho_2026,monthly,2026-08-04T14:37:00
2026-07-27,5hs,29,52,Dados de Utilização do Transporte Municipal/Julho_2026/Mensal/Mensal_Resumo_FxHr_202607.html,Julho_2026,monthly,2026-08-04T14:37:00
2026-07-27,6hs,40,72,Dados de Utilização do Transporte Municipal/Julho_2026/Mensal/Mensal_Resumo_FxHr_202607.html,Julho_2026,monthly,2026-08-04T14:37:00
2026-07-27,7hs,40,72,Dados de Utilização do Transporte Municipal/Julho_2026/Mensal/Mensal_Resumo_FxHr_202607.html,Julho_2026,monthly,2026-08-04T14:37:00
2026-07-27,8hs,41,66,Dados de Utilização do Transporte Municipal/Julho_2026/Mensal/Mensal_Resumo_FxHr_202607.html,Julho_2026,monthly,2026-08-04T14:37:00
2026-07-27,9hs,37,54,Dados de Utilização do Transporte Municipal/Julho_2026/Mensal/Mensal_Resumo_FxHr_202607.html,Julho_2026,monthly,2026-08-04T14:37:00
2026-07-28,0hs,3,3,Dados de Utilização do Transporte Municipal/Julho_2026/Mensal/Mensal_Resumo_FxHr_202607.html,Julho_2026,monthly,2026-08-04T14:37:00
2026-07-28,10hs,30,43,Dados de Utilização do Transporte Municipal/Julho_2026/Mensal/Mensal_Resumo_FxHr_202607.html,Julho_2026,monthly,2026-08-04T14:37:00
2026-07-28,11hs,34,53,Dados de Utilização do Transporte Municipal/Julho_2026/Mensal/Mensal_Resumo_FxHr_202607.html,Julho_2026,monthly,2026-08-04T14:37:00
2026-07-28,12hs,35,58,Dados de Utilização do Transporte Municipal/Julho_2026/Mensal/Mensal_Resumo_FxHr_202607.html,Julho_2026,monthly,2026-08-04T14:37:00
2026-07-28,13hs,30,49,Dados de Utilização do Transporte Municipal/Julho_2026/Mensal/Mensal_Resumo_FxHr_202607.html,Julho_2026,monthly,2026-08-04T14:37:00
2026-07-28,14hs,30,46,Dados de Utilização do Transporte Municipal/Julho_2026/Mensal/Mensal_Resumo_FxHr_202607.html,Julho_2026,monthly,2026-08-04T14:37:00
2026-07-28,15hs,32,45,Dados de Utilização do Transporte Municipal/Julho_2026/Mensal/Mensal_Resumo_FxHr_202607.html,Julho_2026,monthly,2026-08-04T14:37:00
2026-07-28,16hs,31,53,Dados de Utilização do Transporte Municipal/Julho_2026/Mensal/Mensal_Resumo_FxHr_202607.html,Julho_2026,monthly,2026-08-04T14:37:00
2026-07-28,17hs,31,51,Dados de Utilização do Transporte Municipal/Julho_2026/Mensal/Mensal_Resumo_FxHr_202607.html,Julho_2026,monthly,2026-08-04T14:37:00
2026-07-28,18hs,31,46,Dados de Utilização do Transporte Municipal/Julho_2026/Mensal/Mensal_Resumo_FxHr_202607.html,Julho_2026,monthly,2026-08-04T14:37:00
2026-07-28,19hs,29,40,Dados de Utilização do Transporte Municipal/Julho_2026/Mensal/Mensal_Resumo_FxHr_202607.html,Julho_2026,monthly,2026-08-04T14:37:00
2026-07-28,20hs,27,44,Dados de Utilização do Transporte Municipal/Julho_2026/Mensal/Mensal_Resumo_FxHr_202607.html,Julho_2026,monthly,2026-08-04T14:37:00
2026-07-28,21hs,30,47,Dados de Utilização do Transporte Municipal/Julho_2026/Mensal/Mensal_Resumo_FxHr_202607.html,Julho_2026,monthly,2026-08-04T14:37:00
2026-07-28,22hs,20,43,Dados de Utilização do Transporte Municipal/Julho_2026/Mensal/Mensal_Resumo_FxHr_202607.html,Julho_2026,monthly,2026-08-04T14:37:00
2026-07-28,23hs,15,26,Dados de Utilização do Transporte Municipal/Julho_2026/Mensal/Mensal_Resumo_FxHr_202607.html,Julho_2026,monthly,2026-08-04T14:37:00
2026-07-28,4hs,10,13,Dados de Utilização do Transporte Municipal/Julho_2026/Mensal/Mensal_Resumo_FxHr_202607.html,Julho_2026,monthly,2026-08-04T14:37:00
2026-07-28,5hs,22,47,Dados de Utilização do Transporte Municipal/Julho_2026/Mensal/Mensal_Resumo_FxHr_202607.html,Julho_2026,monthly,2026-08-04T14:37:00
2026-07-28,6hs,31,58,Dados de Utilização do Transporte Municipal/Julho_2026/Mensal/Mensal_Resumo_FxHr_202607.html,Julho_2026,monthly,2026-08-04T14:37:00
2026-07-28,7hs,33,57,Dados de Utilização do Transporte Municipal/Julho_2026/Mensal/Mensal_Resumo_FxHr_202607.html,Julho_2026,monthly,2026-08-04T14:37:00
2026-07-28,8hs,32,54,Dados de Utilização do Transporte Municipal/Julho_2026/Mensal/Mensal_Resumo_FxHr_202607.html,Julho_2026,monthly,2026-08-04T14:37:00
2026-07-28,9hs,32,47,Dados de Utilização do Transporte Municipal/Julho_2026/Mensal/Mensal_Resumo_FxHr_202607.html,Julho_2026,monthly,2026-08-04T14:37:00
2026-07-29,0hs,5,7,Dados de Utilização do Transporte Municipal/Julho_2026/Mensal/Mensal_Resumo_FxHr_202607.html,Julho_2026,monthly,2026-08-04T14:37:00
2026-07-29,10hs,41,58,Dados de Utilização do Transporte Municipal/Julho_2026/Mensal/Mensal_Resumo_FxHr_202607.html,Julho_2026,monthly,2026-08-04T14:37:00
2026-07-29,11hs,45,69,Dados de Utilização do Transporte Municipal/Julho_2026/Mensal/Mensal_Resumo_FxHr_202607.html,Julho_2026,monthly,2026-08-04T14:37:00
2026-07-29,12hs,47,76,Dados de Utilização do Transporte Municipal/Julho_2026/Mensal/Mensal_Resumo_FxHr_202607.html,Julho_2026,monthly,2026-08-04T14:37:00
2026-07-29,13hs,45,75,Dados de Utilização do Transporte Municipal/Julho_2026/Mensal/Mensal_Resumo_FxHr_202607.html,Julho_2026,monthly,2026-08-04T14:37:00
2026-07-29,14hs,43,71,Dados de Utilização do Transporte Municipal/Julho_2026/Mensal/Mensal_Resumo_FxHr_202607.html,Julho_2026,monthly,2026-08-04T14:37:00
2026-07-29,15hs,47,67,Dados de Utilização do Transporte Municipal/Julho_2026/Mensal/Mensal_Resumo_FxHr_202607.html,Julho_2026,monthly,2026-08-04T14:37:00
2026-07-29,16hs,47,68,Dados de Utilização do Transporte Municipal/Julho_2026/Mensal/Mensal_Resumo_FxHr_202607.html,Julho_2026,monthly,2026-08-04T14:37:00
2026-07-29,17hs,47,70,Dados de Utilização do Transporte Municipal/Julho_2026/Mensal/Mensal_Resumo_FxHr_202607.html,Julho_2026,monthly,2026-08-04T14:37:00
2026-07-29,18hs,47,70,Dados de Utilização do Transporte Municipal/Julho_2026/Mensal/Mensal_Resumo_FxHr_202607.html,Julho_2026,monthly,2026-08-04T14:37:00
2026-07-29,19hs,44,65,Dados de Utilização do Transporte Municipal/Julho_2026/Mensal/Mensal_Resumo_FxHr_202607.html,Julho_2026,monthly,2026-08-04T14:37:00
2026-07-29,20hs,43,61,Dados de Utilização do Transporte Municipal/Julho_2026/Mensal/Mensal_Resumo_FxHr_202607.html,Julho_2026,monthly,2026-08-04T14:37:00
2026-07-29,21hs,41,63,Dados de Utilização do Transporte Municipal/Julho_2026/Mensal/Mensal_Resumo_FxHr_202607.html,Julho_2026,monthly,2026-08-04T14:37:00
2026-07-29,22hs,31,53,Dados de Utilização do Transporte Municipal/Julho_2026/Mensal/Mensal_Resumo_FxHr_202607.html,Julho_2026,monthly,2026-08-04T14:37:00
2026-07-29,23hs,21,35,Dados de Utilização do Transporte Municipal/Julho_2026/Mensal/Mensal_Resumo_FxHr_202607.html,Julho_2026,monthly,2026-08-04T14:37:00
2026-07-29,4hs,12,15,Dados de Utilização do Transporte Municipal/Julho_2026/Mensal/Mensal_Resumo_FxHr_202607.html,Julho_2026,monthly,2026-08-04T14:37:00
2026-07-29,5hs,35,62,Dados de Utilização do Transporte Municipal/Julho_2026/Mensal/Mensal_Resumo_FxHr_202607.html,Julho_2026,monthly,2026-08-04T14:37:00
2026-07-29,6hs,47,84,Dados de Utilização do Transporte Municipal/Julho_2026/Mensal/Mensal_Resumo_FxHr_202607.html,Julho_2026,monthly,2026-08-04T14:37:00
2026-07-29,7hs,47,78,Dados de Utilização do Transporte Municipal/Julho_2026/Mensal/Mensal_Resumo_FxHr_202607.html,Julho_2026,monthly,2026-08-04T14:37:00
2026-07-29,8hs,47,77,Dados de Utilização do Transporte Municipal/Julho_2026/Mensal/Mensal_Resumo_FxHr_202607.html,Julho_2026,monthly,2026-08-04T14:37:00
2026-07-29,9hs,38,55,Dados de Utilização do Transporte Municipal/Julho_2026/Mensal/Mensal_Resumo_FxHr_202607.html,Julho_2026,monthly,2026-08-04T14:37:00
2026-07-30,0hs,5,7,Dados de Utilização do Transporte Municipal/Julho_2026/Mensal/Mensal_Resumo_FxHr_202607.html,Julho_2026,monthly,2026-08-04T14:37:00
2026-07-30,10hs,41,56,Dados de Utilização do Transporte Municipal/Julho_2026/Mensal/Mensal_Resumo_FxHr_202607.html,Julho_2026,monthly,2026-08-04T14:37:00
2026-07-30,11hs,44,63,Dados de Utilização do Transporte Municipal/Julho_2026/Mensal/Mensal_Resumo_FxHr_202607.html,Julho_2026,monthly,2026-08-04T14:37:00
2026-07-30,12hs,47,82,Dados de Utilização do Transporte Municipal/Julho_2026/Mensal/Mensal_Resumo_FxHr_202607.html,Julho_2026,monthly,2026-08-04T14:37:00
2026-07-30,13hs,45,72,Dados de Utilização do Transporte Municipal/Julho_2026/Mensal/Mensal_Resumo_FxHr_202607.html,Julho_2026,monthly,2026-08-04T14:37:00
2026-07-30,14hs,43,72,Dados de Utilização do Transporte Municipal/Julho_2026/Mensal/Mensal_Resumo_FxHr_202607.html,Julho_2026,monthly,2026-08-04T14:37:00
2026-07-30,15hs,47,68,Dados de Utilização do Transporte Municipal/Julho_2026/Mensal/Mensal_Resumo_FxHr_202607.html,Julho_2026,monthly,2026-08-04T14:37:00
2026-07-30,16hs,48,67,Dados de Utilização do Transporte Municipal/Julho_2026/Mensal/Mensal_Resumo_FxHr_202607.html,Julho_2026,monthly,2026-08-04T14:37:00
2026-07-30,17hs,46,66,Dados de Utilização do Transporte Municipal/Julho_2026/Mensal/Mensal_Resumo_FxHr_202607.html,Julho_2026,monthly,2026-08-04T14:37:00
2026-07-30,18hs,47,66,Dados de Utilização do Transporte Municipal/Julho_2026/Mensal/Mensal_Resumo_FxHr_202607.html,Julho_2026,monthly,2026-08-04T14:37:00
2026-07-30,19hs,45,73,Dados de Utilização do Transporte Municipal/Julho_2026/Mensal/Mensal_Resumo_FxHr_202607.html,Julho_2026,monthly,2026-08-04T14:37:00
2026-07-30,20hs,44,61,Dados de Utilização do Transporte Municipal/Julho_2026/Mensal/Mensal_Resumo_FxHr_202607.html,Julho_2026,monthly,2026-08-04T14:37:00
2026-07-30,21hs,41,63,Dados de Utilização do Transporte Municipal/Julho_2026/Mensal/Mensal_Resumo_FxHr_202607.html,Julho_2026,monthly,2026-08-04T14:37:00
2026-07-30,22hs,31,53,Dados de Utilização do Transporte Municipal/Julho_2026/Mensal/Mensal_Resumo_FxHr_202607.html,Julho_2026,monthly,2026-08-04T14:37:00
2026-07-30,23hs,21,35,Dados de Utilização do Transporte Municipal/Julho_2026/Mensal/Mensal_Resumo_FxHr_202607.html,Julho_2026,monthly,2026-08-04T14:37:00
2026-07-30,4hs,14,17,Dados de Utilização do Transporte Municipal/Julho_2026/Mensal/Mensal_Resumo_FxHr_202607.html,Julho_2026,monthly,2026-08-04T14:37:00
2026-07-30,5hs,35,60,Dados de Utilização do Transporte Municipal/Julho_2026/Mensal/Mensal_Resumo_FxHr_202607.html,Julho_2026,monthly,2026-08-04T14:37:00
2026-07-30,6hs,47,84,Dados de Utilização do Transporte Municipal/Julho_2026/Mensal/Mensal_Resumo_FxHr_202607.html,Julho_2026,monthly,2026-08-04T14:37:00
2026-07-30,7hs,47,80,Dados de Utilização do Transporte Municipal/Julho_2026/Mensal/Mensal_Resumo_FxHr_202607.html,Julho_2026,monthly,2026-08-04T14:37:00
2026-07-30,8hs,47,76,Dados de Utilização do Transporte Municipal/Julho_2026/Mensal/Mensal_Resumo_FxHr_202607.html,Julho_2026,monthly,2026-08-04T14:37:00
2026-07-30,9hs,40,57,Dados de Utilização do Transporte Municipal/Julho_2026/Mensal/Mensal_Resumo_FxHr_202607.html,Julho_2026,monthly,2026-08-04T14:37:00
2026-07-31,0hs,5,7,Dados de Utilização do Transporte Municipal/Julho_2026/Mensal/Mensal_Resumo_FxHr_202607.html,Julho_2026,monthly,2026-08-04T14:37:00
2026-07-31,10hs,41,56,Dados de Utilização do Transporte Municipal/Julho_2026/Mensal/Mensal_Resumo_FxHr_202607.html,Julho_2026,monthly,2026-08-04T14:37:00
2026-07-31,11hs,44,66,Dados de Utilização do Transporte Municipal/Julho_2026/Mensal/Mensal_Resumo_FxHr_202607.html,Julho_2026,monthly,2026-08-04T14:37:00
2026-07-31,12hs,46,76,Dados de Utilização do Transporte Municipal/Julho_2026/Mensal/Mensal_Resumo_FxHr_202607.html,Julho_2026,monthly,2026-08-04T14:37:00
2026-07-31,13hs,45,74,Dados de Utilização do Transporte Municipal/Julho_2026/Mensal/Mensal_Resumo_FxHr_202607.html,Julho_2026,monthly,2026-08-04T14:37:00
2026-07-31,14hs,42,72,Dados de Utilização do Transporte Municipal/Julho_2026/Mensal/Mensal_Resumo_FxHr_202607.html,Julho_2026,monthly,2026-08-04T14:37:00
2026-07-31,15hs,47,67,Dados de Utilização do Transporte Municipal/Julho_2026/Mensal/Mensal_Resumo_FxHr_202607.html,Julho_2026,monthly,2026-08-04T14:37:00
2026-07-31,16hs,47,67,Dados de Utilização do Transporte Municipal/Julho_2026/Mensal/Mensal_Resumo_FxHr_202607.html,Julho_2026,monthly,2026-08-04T14:37:00
2026-07-31,17hs,47,71,Dados de Utilização do Transporte Municipal/Julho_2026/Mensal/Mensal_Resumo_FxHr_202607.html,Julho_2026,monthly,2026-08-04T14:37:00
2026-07-31,18hs,47,68,Dados de Utilização do Transporte Municipal/Julho_2026/Mensal/Mensal_Resumo_FxHr_202607.html,Julho_2026,monthly,2026-08-04T14:37:00
2026-07-31,19hs,45,69,Dados de Utilização do Transporte Municipal/Julho_2026/Mensal/Mensal_Resumo_FxHr_202607.html,Julho_2026,monthly,2026-08-04T14:37:00
2026-07-31,20hs,42,59,Dados de Utilização do Transporte Municipal/Julho_2026/Mensal/Mensal_Resumo_FxHr_202607.html,Julho_2026,monthly,2026-08-04T14:37:00
2026-07-31,21hs,41,64,Dados de Utilização do Transporte Municipal/Julho_2026/Mensal/Mensal_Resumo_FxHr_202607.html,Julho_2026,monthly,2026-08-04T14:37:00
2026-07-31,22hs,31,53,Dados de Utilização do Transporte Municipal/Julho_2026/Mensal/Mensal_Resumo_FxHr_202607.html,Julho_2026,monthly,2026-08-04T14:37:00
2026-07-31,23hs,20,34,Dados de Utilização do Transporte Municipal/Julho_2026/Mensal/Mensal_Resumo_FxHr_202607.html,Julho_2026,monthly,2026-08-04T14:37:00
2026-07-31,4hs,14,17,Dados de Utilização do Transporte Municipal/Julho_2026/Mensal/Mensal_Resumo_FxHr_202607.html,Julho_2026,monthly,2026-08-04T14:37:00
2026-07-31,5hs,35,60,Dados de Utilização do Transporte Municipal/Julho_2026/Mensal/Mensal_Resumo_FxHr_202607.html,Julho_2026,monthly,2026-08-04T14:37:00
2026-07-31,6hs,47,84,Dados de Utilização do Transporte Municipal/Julho_2026/Mensal/Mensal_Resumo_FxHr_202607.html,Julho_2026,monthly,2026-08-04T14:37:00
2026-07-31,7hs,47,82,Dados de Utilização do Transporte Municipal/Julho_2026/Mensal/Mensal_Resumo_FxHr_202607.html,Julho_2026,monthly,2026-08-04T14:37:00
2026-07-31,8hs,48,72,Dados de Utilização do Transporte Municipal/Julho_2026/Mensal/Mensal_Resumo_FxHr_202607.html,Julho_2026,monthly,2026-08-04T14:37:00
2026-07-31,9hs,40,59,Dados de Utilização do Transporte Municipal/Julho_2026/Mensal/Mensal_Resumo_FxHr_202607.html,Julho_2026,monthly,2026-08-04T14:37:00
2026-08-01,0hs,3,3,Dados de Utilização do Transporte Municipal/Agosto_2026/Mensal/Mensal_Resumo_FxHr_202608.html,Agosto_2026,monthly,2026-09-04T08:00:00
2026-08-01,10hs,30,43,Dados de Utilização do Transporte Municipal/Agosto_2026/Mensal/Mensal_Resumo_FxHr_202608.html,Agosto_2026,monthly,2026-09-04T08:00:00
2026-08-01,11hs,34,54,Dados de Utilização do Transporte Municipal/Agosto_2026/Mensal/Mensal_Resumo_FxHr_202608.html,Agosto_2026,monthly,2026-09-04T08:00:00
2026-08-01,12hs,35,55,Dados de Utilização do Transporte Municipal/Agosto_2026/Mensal/Mensal_Resumo_FxHr_202608.html,Agosto_2026,monthly,2026-09-04T08:00:00
2026-08-01,13hs,30,51,Dados de Utilização do Transporte Municipal/Agosto_2026/Mensal/Mensal_Resumo_FxHr_202608.html,Agosto_2026,monthly,2026-09-04T08:00:00
2026-08-01,14hs,31,48,Dados de Utilização do Transporte Municipal/Agosto_2026/Mensal/Mensal_Resumo_FxHr_202608.html,Agosto_2026,monthly,2026-09-04T08:00:00
2026-08-01,15hs,32,44,Dados de Utilização do Transporte Municipal/Agosto_2026/Mensal/Mensal_Resumo_FxHr_202608.html,Agosto_2026,monthly,2026-09-04T08:00:00
2026-08-01,16hs,31,52,Dados de Utilização do Transporte Municipal/Agosto_2026/Mensal/Mensal_Resumo_FxHr_202608.html,Agosto_2026,monthly,2026-09-04T08:00:00
2026-08-01,17hs,31,53,Dados de Utilização do Transporte Municipal/Agosto_2026/Mensal/Mensal_Resumo_FxHr_202608.html,Agosto_2026,monthly,2026-09-04T08:00:00
2026-08-01,18hs,31,45,Dados de Utilização do Transporte Municipal/Agosto_2026/Mensal/Mensal_Resumo_FxHr_202608.html,Agosto_2026,monthly,2026-09-04T08:00:00
2026-08-01,19hs,29,42,Dados de Utilização do Transporte Municipal/Agosto_2026/Mensal/Mensal_Resumo_FxHr_202608.html,Agosto_2026,monthly,2026-09-04T08:00:00
2026-08-01,20hs,27,43,Dados de Utilização do Transporte Municipal/Agosto_2026/Mensal/Mensal_Resumo_FxHr_202608.html,Agosto_2026,monthly,2026-09-04T08:00:00
2026-08-01,21hs,30,47,Dados de Utilização do Transporte Municipal/Agosto_2026/Mensal/Mensal_Resumo_FxHr_202608.html,Agosto_2026,monthly,2026-09-04T08:00:00
2026-08-01,22hs,20,42,Dados de Utilização do Transporte Municipal/Agosto_2026/Mensal/Mensal_Resumo_FxHr_202608.html,Agosto_2026,monthly,2026-09-04T08:00:00
2026-08-01,23hs,16,27,Dados de Utilização do Transporte Municipal/Agosto_2026/Mensal/Mensal_Resumo_FxHr_202608.html,Agosto_2026,monthly,2026-09-04T08:00:00
2026-08-01,4hs,11,14,Dados de Utilização do Transporte Municipal/Agosto_2026/Mensal/Mensal_Resumo_FxHr_202608.html,Agosto_2026,monthly,2026-09-04T08:00:00
2026-08-01,5hs,22,44,Dados de Utilização do Transporte Municipal/Agosto_2026/Mensal/Mensal_Resumo_FxHr_202608.html,Agosto_2026,monthly,2026-09-04T08:00:00
2026-08-01,6hs,31,59,Dados de Utilização do Transporte Municipal/Agosto_2026/Mensal/Mensal_Resumo_FxHr_202608.html,Agosto_2026,monthly,2026-09-04T08:00:00
2026-08-01,7hs,33,59,Dados de Utilização do Transporte Municipal/Agosto_2026/Mensal/Mensal_Resumo_FxHr_202608.html,Agosto_2026,monthly,2026-09-04T08:00:00
2026-08-01,8hs,32,53,Dados de Utilização do Transporte Municipal/Agosto_2026/Mensal/Mensal_Resumo_FxHr_202608.html,Agosto_2026,monthly,2026-09-04T08:00:00
2026-08-01,9hs,31,46,Dados de Utilização do Transporte Municipal/Agosto_2026/Mensal/Mensal_Resumo_FxHr_202608.html,Agosto_2026,monthly,2026-09-04T08:00:00
2026-08-02,0hs,3,3,Dados de Utilização do Transporte Municipal/Agosto_2026/Mensal/Mensal_Resumo_FxHr_202608.html,Agosto_2026,monthly,2026-09-04T08:00:00
2026-08-02,10hs,21,33,Dados de Utilização do Transporte Municipal/Agosto_2026/Mensal/Mensal_Resumo_FxHr_202608.html,Agosto_2026,monthly,2026-09-04T08:00:00
2026-08-02,11hs,21,37,Dados de Utilização do Transporte Municipal/Agosto_2026/Mensal/Mensal_Resumo_FxHr_202608.html,Agosto_2026,monthly,2026-09-04T08:00:00
2026-08-02,12hs,21,48,Dados de Utilização do Transporte Municipal/Agosto_2026/Mensal/Mensal_Resumo_FxHr_202608.html,Agosto_2026,monthly,2026-09-04T08:00:00
2026-08-02,13hs,23,36,Dados de Utilização do Transporte Municipal/Agosto_2026/Mensal/Mensal_Resumo_FxHr_202608.html,Agosto_2026,monthly,2026-09-04T08:00:00
2026-08-02,14hs,18,33,Dados de Utilização do Transporte Municipal/Agosto_2026/Mensal/Mensal_Resumo_FxHr_202608.html,Agosto_2026,monthly,2026-09-04T08:00:00
2026-08-02,15hs,19,37,Dados de Utilização do Transporte Municipal/Agosto_2026/Mensal/Mensal_Resumo_FxHr_202608.html,Agosto_2026,monthly,2026-09-04T08:00:00
2026-08-02,16hs,21,39,Dados de Utilização do Transporte Municipal/Agosto_2026/Mensal/Mensal_Resumo_FxHr_202608.html,Agosto_2026,monthly,2026-09-04T08:00:00
2026-08-02,17hs,21,44,Dados de Utilização do Transporte Municipal/Agosto_2026/Mensal/Mensal_Resumo_FxHr_202608.html,Agosto_2026,monthly,2026-09-04T08:00:00
2026-08-02,18hs,21,32,Dados de Utilização do Transporte Municipal/Agosto_2026/Mensal/Mensal_Resumo_FxHr_202608.html,Agosto_2026,monthly,2026-09-04T08:00:00
2026-08-02,19hs,21,34,Dados de Utilização do Transporte Municipal/Agosto_2026/Mensal/Mensal_Resumo_FxHr_202608.html,Agosto_2026,monthly,2026-09-04T08:00:00
2026-08-02,20hs,20,41,Dados de Utilização do Transporte Municipal/Agosto_2026/Mensal/Mensal_Resumo_FxHr_202608.html,Agosto_2026,monthly,2026-09-04T08:00:00
2026-08-02,21hs,20,37,Dados de Utilização do Transporte Municipal/Agosto_2026/Mensal/Mensal_Resumo_FxHr_202608.html,Agosto_2026,monthly,2026-09-04T08:00:00
2026-08-02,22hs,13,27,Dados de Utilização do Transporte Municipal/Agosto_2026/Mensal/Mensal_Resumo_FxHr_202608.html,Agosto_2026,monthly,2026-09-04T08:00:00
2026-08-02,23hs,10,18,Dados de Utilização do Transporte Municipal/Agosto_2026/Mensal/Mensal_Resumo_FxHr_202608.html,Agosto_2026,monthly,2026-09-04T08:00:00
2026-08-02,4hs,9,9,Dados de Utilização do Transporte Municipal/Agosto_2026/Mensal/Mensal_Resumo_FxHr_202608.html,Agosto_2026,monthly,2026-09-04T08:00:00
2026-08-02,5hs,17,38,Dados de Utilização do Transporte Municipal/Agosto_2026/Mensal/Mensal_Resumo_FxHr_202608.html,Agosto_2026,monthly,2026-09-04T08:00:00
2026-08-02,6hs,21,40,Dados de Utilização do Transporte Municipal/Agosto_2026/Mensal/Mensal_Resumo_FxHr_202608.html,Agosto_2026,monthly,2026-09-04T08:00:00
2026-08-02,7hs,21,46,Dados de Utilização do Transporte Municipal/Agosto_2026/Mensal/Mensal_Resumo_FxHr_202608.html,Agosto_2026,monthly,2026-09-04T08:00:00
2026-08-02,8hs,20,39,Dados de Utilização do Transporte Municipal/Agosto_2026/Mensal/Mensal_Resumo_FxHr_202608.html,Agosto_2026,monthly,2026-09-04T08:00:00
2026-08-02,9hs,20,32,Dados de Utilização do Transporte Municipal/Agosto_2026/Mensal/Mensal_Resumo_FxHr_202608.html,Agosto_2026,monthly,2026-09-04T08:00:00
2026-08-03,0hs,5,7,Dados de Utilização do Transporte Municipal/Agosto_2026/Mensal/Mensal_Resumo_FxHr_202608.html,Agosto_2026,monthly,2026-09-04T08:00:00
2026-08-03,10hs,40,55,Dados de Utilização do Transporte Municipal/Agosto_2026/Mensal/Mensal_Resumo_FxHr_202608.html,Agosto_2026,monthly,2026-09-04T08:00:00
2026-08-03,11hs,44,65,Dados de Utilização do Transporte Municipal/Agosto_2026/Mensal/Mensal_Resumo_FxHr_202608.html,Agosto_2026,monthly,2026-09-04T08:00:00
2026-08-03,12hs,47,81,Dados de Utilização do Transporte Municipal/Agosto_2026/Mensal/Mensal_Resumo_FxHr_202608.html,Agosto_2026,monthly,2026-09-04T08:00:00
2026-08-03,13hs,45,74,Dados de Utilização do Transporte Municipal/Agosto_2026/Mensal/Mensal_Resumo_FxHr_202608.html,Agosto_2026,monthly,2026-09-04T08:00:00
2026-08-03,14hs,42,71,Dados de Utilização do Transporte Municipal/Agosto_2026/Mensal/Mensal_Resumo_FxHr_202608.html,Agosto_2026,monthly,2026-09-04T08:00:00
2026-08-03,15hs,46,66,Dados de Utilização do Transporte Municipal/Agosto_2026/Mensal/Mensal_Resumo_FxHr_202608.html,Agosto_2026,monthly,2026-09-04T08:00:00
2026-08-03,16hs,46,68,Dados de Utilização do Transporte Municipal/Agosto_2026/Mensal/Mensal_Resumo_FxHr_202608.html,Agosto_2026,monthly,2026-09-04T08:00:00
2026-08-03,17hs,45,64,Dados de Utilização do Transporte Municipal/Agosto_2026/Mensal/Mensal_Resumo_FxHr_202608.html,Agosto_2026,monthly,2026-09-04T08:00:00
2026-08-03,18hs,47,75,Dados de Utilização do Transporte Municipal/Agosto_2026/Mensal/Mensal_Resumo_FxHr_202608.html,Agosto_2026,monthly,2026-09-04T08:00:00
2026-08-03,19hs,43,61,Dados de Utilização do Transporte Municipal/Agosto_2026/Mensal/Mensal_Resumo_FxHr_202608.html,Agosto_2026,monthly,2026-09-04T08:00:00
2026-08-03,20hs,43,63,Dados de Utilização do Transporte Municipal/Agosto_2026/Mensal/Mensal_Resumo_FxHr_202608.html,Agosto_2026,monthly,2026-09-04T08:00:00
2026-08-03,21hs,41,62,Dados de Utilização do Transporte Municipal/Agosto_2026/Mensal/Mensal_Resumo_FxHr_202608.html,Agosto_2026,monthly,2026-09-04T08:00:00
2026-08-03,22hs,30,52,Dados de Utilização do Transporte Municipal/Agosto_2026/Mensal/Mensal_Resumo_FxHr_202608.html,Agosto_2026,monthly,2026-09-04T08:00:00
2026-08-03,23hs,21,35,Dados de Utilização do Transporte Municipal/Agosto_2026/Mensal/Mensal_Resumo_FxHr_202608.html,Agosto_2026,monthly,2026-09-04T08:00:00
2026-08-03,4hs,12,15,Dados de Utilização do Transporte Municipal/Agosto_2026/Mensal/Mensal_Resumo_FxHr_202608.html,Agosto_2026,monthly,2026-09-04T08:00:00
2026-08-03,5hs,35,64,Dados de Utilização do Transporte Municipal/Agosto_2026/Mensal/Mensal_Resumo_FxHr_202608.html,Agosto_2026,monthly,2026-09-04T08:00:00
2026-08-03,6hs,46,79,Dados de Utilização do Transporte Municipal/Agosto_2026/Mensal/Mensal_Resumo_FxHr_202608.html,Agosto_2026,monthly,2026-09-04T08:00:00
2026-08-03,7hs,47,80,Dados de Utilização do Transporte Municipal/Agosto_2026/Mensal/Mensal_Resumo_FxHr_202608.html,Agosto_2026,monthly,2026-09-04T08:00:00
2026-08-03,8hs,47,75,Dados de Utilização do Transporte Municipal/Agosto_2026/Mensal/Mensal_Resumo_FxHr_202608.html,Agosto_2026,monthly,2026-09-04T08:00:00
2026-08-03,9hs,40,59,Dados de Utilização do Transporte Municipal/Agosto_2026/Mensal/Mensal_Resumo_FxHr_202608.html,Agosto_2026,monthly,2026-09-04T08:00:00
2026-08-04,0hs,5,7,Dados de Utilização do Transporte Municipal/Agosto_2026/Mensal/Mensal_Resumo_FxHr_202608.html,Agosto_2026,monthly,2026-09-04T08:00:00
2026-08-04,10hs,41,58,Dados de Utilização do Transporte Municipal/Agosto_2026/Mensal/Mensal_Resumo_FxHr_202608.html,Agosto_2026,monthly,2026-09-04T08:00:00
2026-08-04,11hs,44,66,Dados de Utilização do Transporte Municipal/Agosto_2026/Mensal/Mensal_Resumo_FxHr_202608.html,Agosto_2026,monthly,2026-09-04T08:00:00
2026-08-04,12hs,47,77,Dados de Utilização do Transporte Municipal/Agosto_2026/Mensal/Mensal_Resumo_FxHr_202608.html,Agosto_2026,monthly,2026-09-04T08:00:00
2026-08-04,13hs,45,75,Dados de Utilização do Transporte Municipal/Agosto_2026/Mensal/Mensal_Resumo_FxHr_202608.html,Agosto_2026,monthly,2026-09-04T08:00:00
2026-08-04,14hs,42,68,Dados de Utilização do Transporte Municipal/Agosto_2026/Mensal/Mensal_Resumo_FxHr_202608.html,Agosto_2026,monthly,2026-09-04T08:00:00
2026-08-04,15hs,47,69,Dados de Utilização do Transporte Municipal/Agosto_2026/Mensal/Mensal_Resumo_FxHr_202608.html,Agosto_2026,monthly,2026-09-04T08:00:00
2026-08-04,16hs,47,68,Dados de Utilização do Transporte Municipal/Agosto_2026/Mensal/Mensal_Resumo_FxHr_202608.html,Agosto_2026,monthly,2026-09-04T08:00:00
2026-08-04,17hs,47,71,Dados de Utilização do Transporte Municipal/Agosto_2026/Mensal/Mensal_Resumo_FxHr_202608.html,Agosto_2026,monthly,2026-09-04T08:00:00
2026-08-04,18hs,47,61,Dados de Utilização do Transporte Municipal/Agosto_2026/Mensal/Mensal_Resumo_FxHr_202608.html,Agosto_2026,monthly,2026-09-04T08:00:00
2026-08-04,19hs,45,75,Dados de Utilização do Transporte Municipal/Agosto_2026/Mensal/Mensal_Resumo_FxHr_202608.html,Agosto_2026,monthly,2026-09-04T08:00:00
2026-08-04,20hs,43,59,Dados de Utilização do Transporte Municipal/Agosto_2026/Mensal/Mensal_Resumo_FxHr_202608.html,Agosto_2026,monthly,2026-09-04T08:00:00
2026-08-04,21hs,41,66,Dados de Utilização do Transporte Municipal/Agosto_2026/Mensal/Mensal_Resumo_FxHr_202608.html,Agosto_2026,monthly,2026-09-04T08:00:00
2026-08-04,22hs,30,51,Dados de Utilização do Transporte Municipal/Agosto_2026/Mensal/Mensal_Resumo_FxHr_202608.html,Agosto_2026,monthly,2026-09-04T08:00:00
2026-08-04,23hs,21,35,Dados de Utilização do Transporte Municipal/Agosto_2026/Mensal/Mensal_Resumo_FxHr_202608.html,Agosto_2026,monthly,2026-09-04T08:00:00
2026-08-04,4hs,13,16,Dados de Utilização do Transporte Municipal/Agosto_2026/Mensal/Mensal_Resumo_FxHr_202608.html,Agosto_2026,monthly,2026-09-04T08:00:00
2026-08-04,5hs,34,59,Dados de Utilização do Transporte Municipal/Agosto_2026/Mensal/Mensal_Resumo_FxHr_202608.html,Agosto_2026,monthly,2026-09-04T08:00:00
2026-08-04,6hs,47,82,Dados de Utilização do Transporte Municipal/Agosto_2026/Mensal/Mensal_Resumo_FxHr_202608.html,Agosto_2026,monthly,2026-09-04T08:00:00
2026-08-04,7hs,46,79,Dados de Utilização do Transporte Municipal/Agosto_2026/Mensal/Mensal_Resumo_FxHr_202608.html,Agosto_2026,monthly,2026-09-04T08:00:00
2026-08-04,8hs,47,74,Dados de Utilização do Transporte Municipal/Agosto_2026/Mensal/Mensal_Resumo_FxHr_202608.html,Agosto_2026,monthly,2026-09-04T08:00:00
2026-08-04,9hs,39,57,Dados de Utilização do Transporte Municipal/Agosto_2026/Mensal/Mensal_Resumo_FxHr_202608.html,Agosto_2026,monthly,2026-09-04T08:00:00
2026-08-05,0hs,5,7,Dados de Utilização do Transporte Municipal/Agosto_2026/Mensal/Mensal_Resumo_FxHr_202608.html,Agosto_2026,monthly,2026-09-04T08:00:00
2026-08-05,10hs,41,56,Dados de Utilização do Transporte Municipal/Agosto_2026/Mensal/Mensal_Resumo_FxHr_202608.html,Agosto_2026,monthly,2026-09-04T08:00:00
2026-08-05,11hs,44,64,Dados de Utilização do Transporte Municipal/Agosto_2026/Mensal/Mensal_Resumo_FxHr_202608.html,Agosto_2026,monthly,2026-09-04T08:00:00
2026-08-05,12hs,47,80,Dados de Utilização do Transporte Municipal/Agosto_2026/Mensal/Mensal_Resumo_FxHr_202608.html,Agosto_2026,monthly,2026-09-04T08:00:00
2026-08-05,13hs,45,73,Dados de Utilização do Transporte Municipal/Agosto_2026/Mensal/Mensal_Resumo_FxHr_202608.html,Agosto_2026,monthly,2026-09-04T08:00:00
2026-08-05,14hs,43,73,Dados de Utilização do Transporte Municipal/Agosto_2026/Mensal/Mensal_Resumo_FxHr_202608.html,Agosto_2026,monthly,2026-09-04T08:00:00
2026-08-05,15hs,47,68,Dados de Utilização do Transporte Municipal/Agosto_2026/Mensal/Mensal_Resumo_FxHr_202608.html,Agosto_2026,monthly,2026-09-04T08:00:00
2026-08-05,16hs,47,68,Dados de Utilização do Transporte Municipal/Agosto_2026/Mensal/Mensal_Resumo_FxHr_202608.html,Agosto_2026,monthly,2026-09-04T08:00:00
2026-08-05,17hs,47,73,Dados de Utilização do Transporte Municipal/Agosto_2026/Mensal/Mensal_Resumo_FxHr_202608.html,Agosto_2026,monthly,2026-09-04T08:00:00
2026-08-05,18hs,47,66,Dados de Utilização do Transporte Municipal/Agosto_2026/Mensal/Mensal_Resumo_FxHr_202608.html,Agosto_2026,monthly,2026-09-04T08:00:00
2026-08-05,19hs,45,68,Dados de Utilização do Transporte Municipal/Agosto_2026/Mensal/Mensal_Resumo_FxHr_202608.html,Agosto_2026,monthly,2026-09-04T08:00:00
2026-08-05,20hs,43,61,Dados de Utilização do Transporte Municipal/Agosto_2026/Mensal/Mensal_Resumo_FxHr_202608.html,Agosto_2026,monthly,2026-09-04T08:00:00
2026-08-05,21hs,41,63,Dados de Utilização do Transporte Municipal/Agosto_2026/Mensal/Mensal_Resumo_FxHr_202608.html,Agosto_2026,monthly,2026-09-04T08:00:00
2026-08-05,22hs,31,51,Dados de Utilização do Transporte Municipal/Agosto_2026/Mensal/Mensal_Resumo_FxHr_202608.html,Agosto_2026,monthly,2026-09-04T08:00:00
2026-08-05,23hs,21,35,Dados de Utilização do Transporte Municipal/Agosto_2026/Mensal/Mensal_Resumo_FxHr_202608.html,Agosto_2026,monthly,2026-09-04T08:00:00
2026-08-05,4hs,14,17,Dados de Utilização do Transporte Municipal/Agosto_2026/Mensal/Mensal_Resumo_FxHr_202608.html,Agosto_2026,monthly,2026-09-04T08:00:00
2026-08-05,5hs,34,60,Dados de Utilização do Transporte Municipal/Agosto_2026/Mensal/Mensal_Resumo_FxHr_202608.html,Agosto_2026,monthly,2026-09-04T08:00:00
2026-08-05,6hs,48,85,Dados de Utilização do Transporte Municipal/Agosto_2026/Mensal/Mensal_Resumo_FxHr_202608.html,Agosto_2026,monthly,2026-09-04T08:00:00
2026-08-05,7hs,47,73,Dados de Utilização do Transporte Municipal/Agosto_2026/Mensal/Mensal_Resumo_FxHr_202608.html,Agosto_2026,monthly,2026-09-04T08:00:00
2026-08-05,8hs,47,80,Dados de Utilização do Transporte Municipal/Agosto_2026/Mensal/Mensal_Resumo_FxHr_202608.html,Agosto_2026,monthly,2026-09-04T08:00:00
2026-08-05,9hs,41,59,Dados de Utilização do Transporte Municipal/Agosto_2026/Mensal/Mensal_Resumo_FxHr_202608.html,Agosto_2026,monthly,2026-09-04T08:00:00
2026-08-06,0hs,5,7,Dados de Utilização do Transporte Municipal/Agosto_2026/Mensal/Mensal_Resumo_FxHr_202608.html,Agosto_2026,monthly,2026-09-04T08:00:00
2026-08-06,10hs,42,57,Dados de Utilização do Transporte Municipal/Agosto_2026/Mensal/Mensal_Resumo_FxHr_202608.html,Agosto_2026,monthly,2026-09-04T08:00:00
2026-08-06,11hs,45,68,Dados de Utilização do Transporte Municipal/Agosto_2026/Mensal/Mensal_Resumo_FxHr_202608.html,Agosto_2026,monthly,2026-09-04T08:00:00
2026-08-06,12hs,48,79,Dados de Utilização do Transporte Municipal/Agosto_2026/Mensal/Mensal_Resumo_FxHr_202608.html,Agosto_2026,monthly,2026-09-04T08:00:00
2026-08-06,13hs,45,73,Dados de Utilização do Transporte Municipal/Agosto_2026/Mensal/Mensal_Resumo_FxHr_202608.html,Agosto_2026,monthly,2026-09-04T08:00:00
2026-08-06,14hs,42,69,Dados de Utilização do Transporte Municipal/Agosto_2026/Mensal/Mensal_Resumo_FxHr_202608.html,Agosto_2026,monthly,2026-09-04T08:00:00
2026-08-06,15hs,47,72,Dados de Utilização do Transporte Municipal/Agosto_2026/Mensal/Mensal_Resumo_FxHr_202608.html,Agosto_2026,monthly,2026-09-04T08:00:00
2026-08-06,16hs,47,67,Dados de Utilização do Transporte Municipal/Agosto_2026/Mensal/Mensal_Resumo_FxHr_202608.html,Agosto_2026,monthly,2026-09-04T08:00:00
2026-08-06,17hs,47,67,Dados de Utilização do Transporte Municipal/Agosto_2026/Mensal/Mensal_Resumo_FxHr_202608.html,Agosto_2026,monthly,2026-09-04T08:00:00
2026-08-06,18hs,47,74,Dados de Utilização do Transporte Municipal/Agosto_2026/Mensal/Mensal_Resumo_FxHr_202608.html,Agosto_2026,monthly,2026-09-04T08:00:00
2026-08-06,19hs,44,64,Dados de Utilização do Transporte Municipal/Agosto_2026/Mensal/Mensal_Resumo_FxHr_202608.html,Agosto_2026,monthly,2026-09-04T08:00:00
2026-08-06,20hs,42,61,Dados de Utilização do Transporte Municipal/Agosto_2026/Mensal/Mensal_Resumo_FxHr_202608.html,Agosto_2026,monthly,2026-09-04T08:00:00
2026-08-06,21hs,41,63,Dados de Utilização do Transporte Municipal/Agosto_2026/Mensal/Mensal_Resumo_FxHr_202608.html,Agosto_2026,monthly,2026-09-04T08:00:00
2026-08-06,22hs,31,52,Dados de Utilização do Transporte Municipal/Agosto_2026/Mensal/Mensal_Resumo_FxHr_202608.html,Agosto_2026,monthly,2026-09-04T08:00:00
2026-08-06,23hs,21,35,Dados de Utilização do Transporte Municipal/Agosto_2026/Mensal/Mensal_Resumo_FxHr_202608.html,Agosto_2026,monthly,2026-09-04T08:00:00
2026-08-06,4hs,13,16,Dados de Utilização do Transporte Municipal/Agosto_2026/Mensal/Mensal_Resumo_FxHr_202608.html,Agosto_2026,monthly,2026-09-04T08:00:00
2026-08-06,5hs,34,59,Dados de Utilização do Transporte Municipal/Agosto_2026/Mensal/Mensal_Resumo_FxHr_202608.html,Agosto_2026,monthly,2026-09-04T08:00:00
2026-08-06,6hs,47,84,Dados de Utilização do Transporte Municipal/Agosto_2026/Mensal/Mensal_Resumo_FxHr_202608.html,Agosto_2026,monthly,2026-09-04T08:00:00
2026-08-06,7hs,47,78,Dados de Utilização do Transporte Municipal/Agosto_2026/Mensal/Mensal_Resumo_FxHr_202608.html,Agosto_2026,monthly,2026-09-04T08:00:00
2026-08-06,8hs,47,72,Dados de Utilização do Transporte Municipal/Agosto_2026/Mensal/Mensal_Resumo_FxHr_202608.html,Agosto_2026,monthly,2026-09-04T08:00:00
2026-08-06,9hs,40,58,Dados de Utilização do Transporte Municipal/Agosto_2026/Mensal/Mensal_Resumo_FxHr_202608.html,Agosto_2026,monthly,2026-09-04T08:00:00
2026-08-07,0hs,5,7,Dados de Utilização do Transporte Municipal/Agosto_2026/Mensal/Mensal_Resumo_FxHr_202608.html,Agosto_2026,monthly,2026-09-04T08:00:00
2026-08-07,10hs,41,58,Dados de Utilização do Transporte Municipal/Agosto_2026/Mensal/Mensal_Resumo_FxHr_202608.html,Agosto_2026,monthly,2026-09-04T08:00:00
2026-08-07,11hs,45,66,Dados de Utilização do Transporte Municipal/Agosto_2026/Mensal/Mensal_Resumo_FxHr_202608.html,Agosto_2026,monthly,2026-09-04T08:00:00
2026-08-07,12hs,47,74,Dados de Utilização do Transporte Municipal/Agosto_2026/Mensal/Mensal_Resumo_FxHr_202608.html,Agosto_2026,monthly,2026-09-04T08:00:00
2026-08-07,13hs,46,74,Dados de Utilização do Transporte Municipal/Agosto_2026/Mensal/Mensal_Resumo_FxHr_202608.html,Agosto_2026,monthly,2026-09-04T08:00:00
2026-08-07,14hs,42,72,Dados de Utilização do Transporte Municipal/Agosto_2026/Mensal/Mensal_Resumo_FxHr_202608.html,Agosto_2026,monthly,2026-09-04T08:00:00
2026-08-07,15hs,47,67,Dados de Utilização do Transporte Municipal/Agosto_2026/Mensal/Mensal_Resumo_FxHr_202608.html,Agosto_2026,monthly,2026-09-04T08:00:00
2026-08-07,16hs,47,72,Dados de Utilização do Transporte Municipal/Agosto_2026/Mensal/Mensal_Resumo_FxHr_202608.html,Agosto_2026,monthly,2026-09-04T08:00:00
2026-08-07,17hs,47,69,Dados de Utilização do Transporte Municipal/Agosto_2026/Mensal/Mensal_Resumo_FxHr_202608.html,Agosto_2026,monthly,2026-09-04T08:00:00
2026-08-07,18hs,47,73,Dados de Utilização do Transporte Municipal/Agosto_2026/Mensal/Mensal_Resumo_FxHr_202608.html,Agosto_2026,monthly,2026-09-04T08:00:00
2026-08-07,19hs,43,61,Dados de Utilização do Transporte Municipal/Agosto_2026/Mensal/Mensal_Resumo_FxHr_202608.html,Agosto_2026,monthly,2026-09-04T08:00:00
2026-08-07,20hs,42,60,Dados de Utilização do Transporte Municipal/Agosto_2026/Mensal/Mensal_Resumo_FxHr_202608.html,Agosto_2026,monthly,2026-09-04T08:00:00
2026-08-07,21hs,41,64,Dados de Utilização do Transporte Municipal/Agosto_2026/Mensal/Mensal_Resumo_FxHr_202608.html,Agosto_2026,monthly,2026-09-04T08:00:00
2026-08-07,22hs,30,52,Dados de Utilização do Transporte Municipal/Agosto_2026/Mensal/Mensal_Resumo_FxHr_202608.html,Agosto_2026,monthly,2026-09-04T08:00:00
2026-08-07,23hs,21,35,Dados de Utilização do Transporte Municipal/Agosto_2026/Mensal/Mensal_Resumo_FxHr_202608.html,Agosto_2026,monthly,2026-09-04T08:00:00
2026-08-07,4hs,14,17,Dados de Utilização do Transporte Municipal/Agosto_2026/Mensal/Mensal_Resumo_FxHr_202608.html,Agosto_2026,monthly,2026-09-04T08:00:00
2026-08-07,5hs,35,60,Dados de Utilização do Transporte Municipal/Agosto_2026/Mensal/Mensal_Resumo_FxHr_202608.html,Agosto_2026,monthly,2026-09-04T08:00:00
2026-08-07,6hs,47,85,Dados de Utilização do Transporte Municipal/Agosto_2026/Mensal/Mensal_Resumo_FxHr_202608.html,Agosto_2026,monthly,2026-09-04T08:00:00
2026-08-07,7hs,47,81,Dados de Utilização do Transporte Municipal/Agosto_2026/Mensal/Mensal_Resumo_FxHr_202608.html,Agosto_2026,monthly,2026-09-04T08:00:00
2026-08-07,8hs,47,73,Dados de Utilização do Transporte Municipal/Agosto_2026/Mensal/Mensal_Resumo_FxHr_202608.html,Agosto_2026,monthly,2026-09-04T08:00:00
2026-08-07,9hs,38,56,Dados de Utilização do Transporte Municipal/Agosto_2026/Mensal/Mensal_Resumo_FxHr_202608.html,Agosto_2026,monthly,2026-09-04T08:00:00
2026-08-08,0hs,3,3,Dados de Utilização do Transporte Municipal/Agosto_2026/Mensal/Mensal_Resumo_FxHr_202608.html,Agosto_2026,monthly,2026-09-04T08:00:00
2026-08-08,10hs,30,44,Dados de Utilização do Transporte Municipal/Agosto_2026/Mensal/Mensal_Resumo_FxHr_202608.html,Agosto_2026,monthly,2026-09-04T08:00:00
2026-08-08,11hs,34,52,Dados de Utilização do Transporte Municipal/Agosto_2026/Mensal/Mensal_Resumo_FxHr_202608.html,Agosto_2026,monthly,2026-09-04T08:00:00
2026-08-08,12hs,35,56,Dados de Utilização do Transporte Municipal/Agosto_2026/Mensal/Mensal_Resumo_FxHr_202608.html,Agosto_2026,monthly,2026-09-04T08:00:00
2026-08-08,13hs,30,51,Dados de Utilização do Transporte Municipal/Agosto_2026/Mensal/Mensal_Resumo_FxHr_202608.html,Agosto_2026,monthly,2026-09-04T08:00:00
2026-08-08,14hs,29,46,Dados de Utilização do Transporte Municipal/Agosto_2026/Mensal/Mensal_Resumo_FxHr_202608.html,Agosto_2026,monthly,2026-09-04T08:00:00
2026-08-08,15hs,32,46,Dados de Utilização do Transporte Municipal/Agosto_2026/Mensal/Mensal_Resumo_FxHr_202608.html,Agosto_2026,monthly,2026-09-04T08:00:00
2026-08-08,16hs,31,53,Dados de Utilização do Transporte Municipal/Agosto_2026/Mensal/Mensal_Resumo_FxHr_202608.html,Agosto_2026,monthly,2026-09-04T08:00:00
2026-08-08,17hs,31,50,Dados de Utilização do Transporte Municipal/Agosto_2026/Mensal/Mensal_Resumo_FxHr_202608.html,Agosto_2026,monthly,2026-09-04T08:00:00
2026-08-08,18hs,30,49,Dados de Utilização do Transporte Municipal/Agosto_2026/Mensal/Mensal_Resumo_FxHr_202608.html,Agosto_2026,monthly,2026-09-04T08:00:00
2026-08-08,19hs,29,39,Dados de Utilização do Transporte Municipal/Agosto_2026/Mensal/Mensal_Resumo_FxHr_202608.html,Agosto_2026,monthly,2026-09-04T08:00:00
2026-08-08,20hs,27,44,Dados de Utilização do Transporte Municipal/Agosto_2026/Mensal/Mensal_Resumo_FxHr_202608.html,Agosto_2026,monthly,2026-09-04T08:00:00
2026-08-08,21hs,29,46,Dados de Utilização do Transporte Municipal/Agosto_2026/Mensal/Mensal_Resumo_FxHr_202608.html,Agosto_2026,monthly,2026-09-04T08:00:00
2026-08-08,22hs,20,41,Dados de Utilização do Transporte Municipal/Agosto_2026/Mensal/Mensal_Resumo_FxHr_202608.html,Agosto_2026,monthly,2026-09-04T08:00:00
2026-08-08,23hs,16,27,Dados de Utilização do Transporte Municipal/Agosto_2026/Mensal/Mensal_Resumo_FxHr_202608.html,Agosto_2026,monthly,2026-09-04T08:00:00
2026-08-08,4hs,10,13,Dados de Utilização do Transporte Municipal/Agosto_2026/Mensal/Mensal_Resumo_FxHr_202608.html,Agosto_2026,monthly,2026-09-04T08:00:00
2026-08-08,5hs,22,47,Dados de Utilização do Transporte Municipal/Agosto_2026/Mensal/Mensal_Resumo_FxHr_202608.html,Agosto_2026,monthly,2026-09-04T08:00:00
2026-08-08,6hs,31,57,Dados de Utilização do Transporte Municipal/Agosto_2026/Mensal/Mensal_Resumo_FxHr_202608.html,Agosto_2026,monthly,2026-09-04T08:00:00
2026-08-08,7hs,33,60,Dados de Utilização do Transporte Municipal/Agosto_2026/Mensal/Mensal_Resumo_FxHr_202608.html,Agosto_2026,monthly,2026-09-04T08:00:00
2026-08-08,8hs,32,51,Dados de Utilização do Transporte Municipal/Agosto_2026/Mensal/Mensal_Resumo_FxHr_202608.html,Agosto_2026,monthly,2026-09-04T08:00:00
2026-08-08,9hs,31,47,Dados de Utilização do Transporte Municipal/Agosto_2026/Mensal/Mensal_Resumo_FxHr_202608.html,Agosto_2026,monthly,2026-09-04T08:00:00
2026-08-09,0hs,4,4,Dados de Utilização do Transporte Municipal/Agosto_2026/Mensal/Mensal_Resumo_FxHr_202608.html,Agosto_2026,monthly,2026-09-04T08:00:00
2026-08-09,10hs,21,31,Dados de Utilização do Transporte Municipal/Agosto_2026/Mensal/Mensal_Resumo_FxHr_202608.html,Agosto_2026,monthly,2026-09-04T08:00:00
2026-08-09,11hs,21,38,Dados de Utilização do Transporte Municipal/Agosto_2026/Mensal/Mensal_Resumo_FxHr_202608.html,Agosto_2026,monthly,2026-09-04T08:00:00
2026-08-09,12hs,21,45,Dados de Utilização do Transporte Municipal/Agosto_2026/Mensal/Mensal_Resumo_FxHr_202608.html,Agosto_2026,monthly,2026-09-04T08:00:00
2026-08-09,13hs,23,39,Dados de Utilização do Transporte Municipal/Agosto_2026/Mensal/Mensal_Resumo_FxHr_202608.html,Agosto_2026,monthly,2026-09-04T08:00:00
2026-08-09,14hs,21,36,Dados de Utilização do Transporte Municipal/Agosto_2026/Mensal/Mensal_Resumo_FxHr_202608.html,Agosto_2026,monthly,2026-09-04T08:00:00
2026-08-09,15hs,20,39,Dados de Utilização do Transporte Municipal/Agosto_2026/Mensal/Mensal_Resumo_FxHr_202608.html,Agosto_2026,monthly,2026-09-04T08:00:00
2026-08-09,16hs,21,40,Dados de Utilização do Transporte Municipal/Agosto_2026/Mensal/Mensal_Resumo_FxHr_202608.html,Agosto_2026,monthly,2026-09-04T08:00:00
2026-08-09,17hs,21,45,Dados de Utilização do Transporte Municipal/Agosto_2026/Mensal/Mensal_Resumo_FxHr_202608.html,Agosto_2026,monthly,2026-09-04T08:00:00
2026-08-09,18hs,20,32,Dados de Utilização do Transporte Municipal/Agosto_2026/Mensal/Mensal_Resumo_FxHr_202608.html,Agosto_2026,monthly,2026-09-04T08:00:00
2026-08-09,19hs,21,35,Dados de Utilização do Transporte Municipal/Agosto_2026/Mensal/Mensal_Resumo_FxHr_202608.html,Agosto_2026,monthly,2026-09-04T08:00:00
2026-08-09,20hs,20,41,Dados de Utilização do Transporte Municipal/Agosto_2026/Mensal/Mensal_Resumo_FxHr_202608.html,Agosto_2026,monthly,2026-09-04T08:00:00
2026-08-09,21hs,20,35,Dados de Utilização do Transporte Municipal/Agosto_2026/Mensal/Mensal_Resumo_FxHr_202608.html,Agosto_2026,monthly,2026-09-04T08:00:00
2026-08-09,22hs,14,29,Dados de Utilização do Transporte Municipal/Agosto_2026/Mensal/Mensal_Resumo_FxHr_202608.html,Agosto_2026,monthly,2026-09-04T08:00:00
2026-08-09,23hs,9,16,Dados de Utilização do Transporte Municipal/Agosto_2026/Mensal/Mensal_Resumo_FxHr_202608.html,Agosto_2026,monthly,2026-09-04T08:00:00
2026-08-09,4hs,8,8,Dados de Utilização do Transporte Municipal/Agosto_2026/Mensal/Mensal_Resumo_FxHr_202608.html,Agosto_2026,monthly,2026-09-04T08:00:00
2026-08-09,5hs,17,40,Dados de Utilização do Transporte Municipal/Agosto_2026/Mensal/Mensal_Resumo_FxHr_202608.html,Agosto_2026,monthly,2026-09-04T08:00:00
2026-08-09,6hs,21,40,Dados de Utilização do Transporte Municipal/Agosto_2026/Mensal/Mensal_Resumo_FxHr_202608.html,Agosto_2026,monthly,2026-09-04T08:00:00
2026-08-09,7hs,21,44,Dados de Utilização do Transporte Municipal/Agosto_2026/Mensal/Mensal_Resumo_FxHr_202608.html,Agosto_2026,monthly,2026-09-04T08:00:00
2026-08-09,8hs,20,38,Dados de Utilização do Transporte Municipal/Agosto_2026/Mensal/Mensal_Resumo_FxHr_202608.html,Agosto_2026,monthly,2026-09-04T08:00:00
2026-08-09,9hs,19,35,Dados de Utilização do Transporte Municipal/Agosto_2026/Mensal/Mensal_Resumo_FxHr_202608.html,Agosto_2026,monthly,2026-09-04T08:00:00
2026-08-10,0hs,5,7,Dados de Utilização do Transporte Municipal/Agosto_2026/Mensal/Mensal_Resumo_FxHr_202608.html,Agosto_2026,monthly,2026-09-04T08:00:00
2026-08-10,10hs,41,56,Dados de Utilização do Transporte Municipal/Agosto_2026/Mensal/Mensal_Resumo_FxHr_202608.html,Agosto_2026,monthly,2026-09-04T08:00:00
2026-08-10,11hs,44,66,Dados de Utilização do Transporte Municipal/Agosto_2026/Mensal/Mensal_Resumo_FxHr_202608.html,Agosto_2026,monthly,2026-09-04T08:00:00
2026-08-10,12hs,47,79,Dados de Utilização do Transporte Municipal/Agosto_2026/Mensal/Mensal_Resumo_FxHr_202608.html,Agosto_2026,monthly,2026-09-04T08:00:00
2026-08-10,13hs,45,73,Dados de Utilização do Transporte Municipal/Agosto_2026/Mensal/Mensal_Resumo_FxHr_202608.html,Agosto_2026,monthly,2026-09-04T08:00:00
2026-08-10,14hs,42,71,Dados de Utilização do Transporte Municipal/Agosto_2026/Mensal/Mensal_Resumo_FxHr_202608.html,Agosto_2026,monthly,2026-09-04T08:00:00
2026-08-10,15hs,47,69,Dados de Utilização do Transporte Municipal/Agosto_2026/Mensal/Mensal_Resumo_FxHr_202608.html,Agosto_2026,monthly,2026-09-04T08:00:00
2026-08-10,16hs,46,70,Dados de Utilização do Transporte Municipal/Agosto_2026/Mensal/Mensal_Resumo_FxHr_202608.html,Agosto_2026,monthly,2026-09-04T08:00:00
2026-08-10,17hs,47,72,Dados de Utilização do Transporte Municipal/Agosto_2026/Mensal/Mensal_Resumo_FxHr_202608.html,Agosto_2026,monthly,2026-09-04T08:00:00
2026-08-10,18hs,47,70,Dados de Utilização do Transporte Municipal/Agosto_2026/Mensal/Mensal_Resumo_FxHr_202608.html,Agosto_2026,monthly,2026-09-04T08:00:00
2026-08-10,19hs,43,63,Dados de Utilização do Transporte Municipal/Agosto_2026/Mensal/Mensal_Resumo_FxHr_202608.html,Agosto_2026,monthly,2026-09-04T08:00:00
2026-08-10,20hs,42,60,Dados de Utilização do Transporte Municipal/Agosto_2026/Mensal/Mensal_Resumo_FxHr_202608.html,Agosto_2026,monthly,2026-09-04T08:00:00
2026-08-10,21hs,41,63,Dados de Utilização do Transporte Municipal/Agosto_2026/Mensal/Mensal_Resumo_FxHr_202608.html,Agosto_2026,monthly,2026-09-04T08:00:00
2026-08-10,22hs,31,53,Dados de Utilização do Transporte Municipal/Agosto_2026/Mensal/Mensal_Resumo_FxHr_202608.html,Agosto_2026,monthly,2026-09-04T08:00:00
2026-08-10,23hs,21,34,Dados de Utilização do Transporte Municipal/Agosto_2026/Mensal/Mensal_Resumo_FxHr_202608.html,Agosto_2026,monthly,2026-09-04T08:00:00
2026-08-10,4hs,14,17,Dados de Utilização do Transporte Municipal/Agosto_2026/Mensal/Mensal_Resumo_FxHr_202608.html,Agosto_2026,monthly,2026-09-04T08:00:00
2026-08-10,5hs,35,61,Dados de Utilização do Transporte Municipal/Agosto_2026/Mensal/Mensal_Resumo_FxHr_202608.html,Agosto_2026,monthly,2026-09-04T08:00:00
2026-08-10,6hs,47,82,Dados de Utilização do Transporte Municipal/Agosto_2026/Mensal/Mensal_Resumo_FxHr_202608.html,Agosto_2026,monthly,2026-09-04T08:00:00
2026-08-10,7hs,47,78,Dados de Utilização do Transporte Municipal/Agosto_2026/Mensal/Mensal_Resumo_FxHr_202608.html,Agosto_2026,monthly,2026-09-04T08:00:00
2026-08-10,8hs,47,77,Dados de Utilização do Transporte Municipal/Agosto_2026/Mensal/Mensal_Resumo_FxHr_202608.html,Agosto_2026,monthly,2026-09-04T08:00:00
2026-08-10,9hs,40,59,Dados de Utilização do Transporte Municipal/Agosto_2026/Mensal/Mensal_Resumo_FxHr_202608.html,Agosto_2026,monthly,2026-09-04T08:00:00
2026-08-11,0hs,5,7,Dados de Utilização do Transporte Municipal/Agosto_2026/Mensal/Mensal_Resumo_FxHr_202608.html,Agosto_2026,monthly,2026-09-04T08:00:00
2026-08-11,10hs,42,59,Dados de Utilização do Transporte Municipal/Agosto_2026/Mensal/Mensal_Resumo_FxHr_202608.html,Agosto_2026,monthly,2026-09-04T08:00:00
2026-08-11,11hs,44,63,Dados de Utilização do Transporte Municipal/Agosto_2026/Mensal/Mensal_Resumo_FxHr_202608.html,Agosto_2026,monthly,2026-09-04T08:00:00
2026-08-11,12hs,47,81,Dados de Utilização do Transporte Municipal/Agosto_2026/Mensal/Mensal_Resumo_FxHr_202608.html,Agosto_2026,monthly,2026-09-04T08:00:00
2026-08-11,13hs,46,74,Dados de Utilização do Transporte Municipal/Agosto_2026/Mensal/Mensal_Resumo_FxHr_202608.html,Agosto_2026,monthly,2026-09-04T08:00:00
2026-08-11,14hs,42,70,Dados de Utilização do Transporte Municipal/Agosto_2026/Mensal/Mensal_Resumo_FxHr_202608.html,Agosto_2026,monthly,2026-09-04T08:00:00
2026-08-11,15hs,47,68,Dados de Utilização do Transporte Municipal/Agosto_2026/Mensal/Mensal_Resumo_FxHr_202608.html,Agosto_2026,monthly,2026-09-04T08:00:00
2026-08-11,16hs,46,67,Dados de Utilização do Transporte Municipal/Agosto_2026/Mensal/Mensal_Resumo_FxHr_202608.html,Agosto_2026,monthly,2026-09-04T08:00:00
2026-08-11,17hs,47,74,Dados de Utilização do Transporte Municipal/Agosto_2026/Mensal/Mensal_Resumo_FxHr_202608.html,Agosto_2026,monthly,2026-09-04T08:00:00
2026-08-11,18hs,47,65,Dados de Utilização do Transporte Municipal/Agosto_2026/Mensal/Mensal_Resumo_FxHr_202608.html,Agosto_2026,monthly,2026-09-04T08:00:00
2026-08-11,19hs,43,67,Dados de Utilização do Transporte Municipal/Agosto_2026/Mensal/Mensal_Resumo_FxHr_202608.html,Agosto_2026,monthly,2026-09-04T08:00:00
2026-08-11,20hs,41,60,Dados de Utilização do Transporte Municipal/Agosto_2026/Mensal/Mensal_Resumo_FxHr_202608.html,Agosto_2026,monthly,2026-09-04T08:00:00
2026-08-11,21hs,40,63,Dados de Utilização do Transporte Municipal/Agosto_2026/Mensal/Mensal_Resumo_FxHr_202608.html,Agosto_2026,monthly,2026-09-04T08:00:00
2026-08-11,22hs,31,52,Dados de Utilização do Transporte Municipal/Agosto_2026/Mensal/Mensal_Resumo_FxHr_202608.html,Agosto_2026,monthly,2026-09-04T08:00:00
2026-08-11,23hs,21,35,Dados de Utilização do Transporte Municipal/Agosto_2026/Mensal/Mensal_Resumo_FxHr_202608.html,Agosto_2026,monthly,2026-09-04T08:00:00
2026-08-11,4hs,14,17,Dados de Utilização do Transporte Municipal/Agosto_2026/Mensal/Mensal_Resumo_FxHr_202608.html,Agosto_2026,monthly,2026-09-04T08:00:00
2026-08-11,5hs,34,59,Dados de Utilização do Transporte Municipal/Agosto_2026/Mensal/Mensal_Resumo_FxHr_202608.html,Agosto_2026,monthly,2026-09-04T08:00:00
2026-08-11,6hs,47,85,Dados de Utilização do Transporte Municipal/Agosto_2026/Mensal/Mensal_Resumo_FxHr_202608.html,Agosto_2026,monthly,2026-09-04T08:00:00
2026-08-11,7hs,47,77,Dados de Utilização do Transporte Municipal/Agosto_2026/Mensal/Mensal_Resumo_FxHr_202608.html,Agosto_2026,monthly,2026-09-04T08:00:00
2026-08-11,8hs,47,75,Dados de Utilização do Transporte Municipal/Agosto_2026/Mensal/Mensal_Resumo_FxHr_202608.html,Agosto_2026,monthly,2026-09-04T08:00:00
2026-08-11,9hs,39,59,Dados de Utilização do Transporte Municipal/Agosto_2026/Mensal/Mensal_Resumo_FxHr_202608.html,Agosto_2026,monthly,2026-09-04T08:00:00
2026-08-12,0hs,5,7,Dados de Utilização do Transporte Municipal/Agosto_2026/Mensal/Mensal_Resumo_FxHr_202608.html,Agosto_2026,monthly,2026-09-04T08:00:00
2026-08-12,10hs,41,55,Dados de Utilização do Transporte Municipal/Agosto_2026/Mensal/Mensal_Resumo_FxHr_202608.html,Agosto_2026,monthly,2026-09-04T08:00:00
2026-08-12,11hs,44,62,Dados de Utilização do Transporte Municipal/Agosto_2026/Mensal/Mensal_Resumo_FxHr_202608.html,Agosto_2026,monthly,2026-09-04T08:00:00
2026-08-12,12hs,47,84,Dados de Utilização do Transporte Municipal/Agosto_2026/Mensal/Mensal_Resumo_FxHr_202608.html,Agosto_2026,monthly,2026-09-04T08:00:00
2026-08-12,13hs,47,72,Dados de Utilização do Transporte Municipal/Agosto_2026/Mensal/Mensal_Resumo_FxHr_202608.html,Agosto_2026,monthly,2026-09-04T08:00:00
2026-08-12,14hs,42,73,Dados de Utilização do Transporte Municipal/Agosto_2026/Mensal/Mensal_Resumo_FxHr_202608.html,Agosto_2026,monthly,2026-09-04T08:00:00
2026-08-12,15hs,47,68,Dados de Utilização do Transporte Municipal/Agosto_2026/Mensal/Mensal_Resumo_FxHr_202608.html,Agosto_2026,monthly,2026-09-04T08:00:00
2026-08-12,16hs,47,68,Dados de Utilização do Transporte Municipal/Agosto_2026/Mensal/Mensal_Resumo_FxHr_202608.html,Agosto_2026,monthly,2026-09-04T08:00:00
2026-08-12,17hs,47,77,Dados de Utilização do Transporte Municipal/Agosto_2026/Mensal/Mensal_Resumo_FxHr_202608.html,Agosto_2026,monthly,2026-09-04T08:00:00
2026-08-12,18hs,47,67,Dados de Utilização do Transporte Municipal/Agosto_2026/Mensal/Mensal_Resumo_FxHr_202608.html,Agosto_2026,monthly,2026-09-04T08:00:00
2026-08-12,19hs,43,62,Dados de Utilização do Transporte Municipal/Agosto_2026/Mensal/Mensal_Resumo_FxHr_202608.html,Agosto_2026,monthly,2026-09-04T08:00:00
2026-08-12,20hs,43,61,Dados de Utilização do Transporte Municipal/Agosto_2026/Mensal/Mensal_Resumo_FxHr_202608.html,Agosto_2026,monthly,2026-09-04T08:00:00
2026-08-12,21hs,41,62,Dados de Utilização do Transporte Municipal/Agosto_2026/Mensal/Mensal_Resumo_FxHr_202608.html,Agosto_2026,monthly,2026-09-04T08:00:00
2026-08-12,22hs,31,53,Dados de Utilização do Transporte Municipal/Agosto_2026/Mensal/Mensal_Resumo_FxHr_202608.html,Agosto_2026,monthly,2026-09-04T08:00:00
2026-08-12,23hs,21,35,Dados de Utilização do Transporte Municipal/Agosto_2026/Mensal/Mensal_Resumo_FxHr_202608.html,Agosto_2026,monthly,2026-09-04T08:00:00
2026-08-12,4hs,12,15,Dados de Utilização do Transporte Municipal/Agosto_2026/Mensal/Mensal_Resumo_FxHr_202608.html,Agosto_2026,monthly,2026-09-04T08:00:00
2026-08-12,5hs,35,63,Dados de Utilização do Transporte Municipal/Agosto_2026/Mensal/Mensal_Resumo_FxHr_202608.html,Agosto_2026,monthly,2026-09-04T08:00:00
2026-08-12,6hs,47,84,Dados de Utilização do Transporte Municipal/Agosto_2026/Mensal/Mensal_Resumo_FxHr_202608.html,Agosto_2026,monthly,2026-09-04T08:00:00
2026-08-12,7hs,47,76,Dados de Utilização do Transporte Municipal/Agosto_2026/Mensal/Mensal_Resumo_FxHr_202608.html,Agosto_2026,monthly,2026-09-04T08:00:00
2026-08-12,8hs,48,76,Dados de Utilização do Transporte Municipal/Agosto_2026/Mensal/Mensal_Resumo_FxHr_202608.html,Agosto_2026,monthly,2026-09-04T08:00:00
2026-08-12,9hs,40,60,Dados de Utilização do Transporte Municipal/Agosto_2026/Mensal/Mensal_Resumo_FxHr_202608.html,Agosto_2026,monthly,2026-09-04T08:00:00
2026-08-13,0hs,5,7,Dados de Utilização do Transporte Municipal/Agosto_2026/Mensal/Mensal_Resumo_FxHr_202608.html,Agosto_2026,monthly,2026-09-04T08:00:00
2026-08-13,10hs,41,56,Dados de Utilização do Transporte Municipal/Agosto_2026/Mensal/Mensal_Resumo_FxHr_202608.html,Agosto_2026,monthly,2026-09-04T08:00:00
2026-08-13,11hs,44,65,Dados de Utilização do Transporte Municipal/Agosto_2026/Mensal/Mensal_Resumo_FxHr_202608.html,Agosto_2026,monthly,2026-09-04T08:00:00
2026-08-13,12hs,47,81,Dados de Utilização do Transporte Municipal/Agosto_2026/Mensal/Mensal_Resumo_FxHr_202608.html,Agosto_2026,monthly,2026-09-04T08:00:00
2026-08-13,13hs,46,71,Dados de Utilização do Transporte Municipal/Agosto_2026/Mensal/Mensal_Resumo_FxHr_202608.html,Agosto_2026,monthly,2026-09-04T08:00:00
2026-08-13,14hs,42,72,Dados de Utilização do Transporte Municipal/Agosto_2026/Mensal/Mensal_Resumo_FxHr_202608.html,Agosto_2026,monthly,2026-09-04T08:00:00
2026-08-13,15hs,47,70,Dados de Utilização do Transporte Municipal/Agosto_2026/Mensal/Mensal_Resumo_FxHr_202608.html,Agosto_2026,monthly,2026-09-04T08:00:00
2026-08-13,16hs,47,67,Dados de Utilização do Transporte Municipal/Agosto_2026/Mensal/Mensal_Resumo_FxHr_202608.html,Agosto_2026,monthly,2026-09-04T08:00:00
2026-08-13,17hs,47,72,Dados de Utilização do Transporte Municipal/Agosto_2026/Mensal/Mensal_Resumo_FxHr_202608.html,Agosto_2026,monthly,2026-09-04T08:00:00
2026-08-13,18hs,47,73,Dados de Utilização do Transporte Municipal/Agosto_2026/Mensal/Mensal_Resumo_FxHr_202608.html,Agosto_2026,monthly,2026-09-04T08:00:00
2026-08-13,19hs,43,61,Dados de Utilização do Transporte Municipal/Agosto_2026/Mensal/Mensal_Resumo_FxHr_202608.html,Agosto_2026,monthly,2026-09-04T08:00:00
2026-08-13,20hs,42,59,Dados de Utilização do Transporte Municipal/Agosto_2026/Mensal/Mensal_Resumo_FxHr_202608.html,Agosto_2026,monthly,2026-09-04T08:00:00
2026-08-13,21hs,40,65,Dados de Utilização do Transporte Municipal/Agosto_2026/Mensal/Mensal_Resumo_FxHr_202608.html,Agosto_2026,monthly,2026-09-04T08:00:00
2026-08-13,22hs,31,51,Dados de Utilização do Transporte Municipal/Agosto_2026/Mensal/Mensal_Resumo_FxHr_202608.html,Agosto_2026,monthly,2026-09-04T08:00:00
2026-08-13,23hs,22,36,Dados de Utilização do Transporte Municipal/Agosto_2026/Mensal/Mensal_Resumo_FxHr_202608.html,Agosto_2026,monthly,2026-09-04T08:00:00
2026-08-13,4hs,12,15,Dados de Utilização do Transporte Municipal/Agosto_2026/Mensal/Mensal_Resumo_FxHr_202608.html,Agosto_2026,monthly,2026-09-04T08:00:00
2026-08-13,5hs,35,62,Dados de Utilização do Transporte Municipal/Agosto_2026/Mensal/Mensal_Resumo_FxHr_202608.html,Agosto_2026,monthly,2026-09-04T08:00:00
2026-08-13,6hs,47,85,Dados de Utilização do Transporte Municipal/Agosto_2026/Mensal/Mensal_Resumo_FxHr_202608.html,Agosto_2026,monthly,2026-09-04T08:00:00
2026-08-13,7hs,47,74,Dados de Utilização do Transporte Municipal/Agosto_2026/Mensal/Mensal_Resumo_FxHr_202608.html,Agosto_2026,monthly,2026-09-04T08:00:00
2026-08-13,8hs,47,78,Dados de Utilização do Transporte Municipal/Agosto_2026/Mensal/Mensal_Resumo_FxHr_202608.html,Agosto_2026,monthly,2026-09-04T08:00:00
2026-08-13,9hs,41,60,Dados de Utilização do Transporte Municipal/Agosto_2026/Mensal/Mensal_Resumo_FxHr_202608.html,Agosto_2026,monthly,2026-09-04T08:00:00
2026-08-14,0hs,5,7,Dados de Utilização do Transporte Municipal/Agosto_2026/Mensal/Mensal_Resumo_FxHr_202608.html,Agosto_2026,monthly,2026-09-04T08:00:00
2026-08-14,10hs,41,57,Dados de Utilização do Transporte Municipal/Agosto_2026/Mensal/Mensal_Resumo_FxHr_202608.html,Agosto_2026,monthly,2026-09-04T08:00:00
2026-08-14,11hs,44,66,Dados de Utilização do Transporte Municipal/Agosto_2026/Mensal/Mensal_Resumo_FxHr_202608.html,Agosto_2026,monthly,2026-09-04T08:00:00
2026-08-14,12hs,47,78,Dados de Utilização do Transporte Municipal/Agosto_2026/Mensal/Mensal_Resumo_FxHr_202608.html,Agosto_2026,monthly,2026-09-04T08:00:00
2026-08-14,13hs,47,74,Dados de Utilização do Transporte Municipal/Agosto_2026/Mensal/Mensal_Resumo_FxHr_202608.html,Agosto_2026,monthly,2026-09-04T08:00:00
2026-08-14,14hs,42,71,Dados de Utilização do Transporte Municipal/Agosto_2026/Mensal/Mensal_Resumo_FxHr_202608.html,Agosto_2026,monthly,2026-09-04T08:00:00
2026-08-14,15hs,47,71,Dados de Utilização do Transporte Municipal/Agosto_2026/Mensal/Mensal_Resumo_FxHr_202608.html,Agosto_2026,monthly,2026-09-04T08:00:00
2026-08-14,16hs,46,66,Dados de Utilização do Transporte Municipal/Agosto_2026/Mensal/Mensal_Resumo_FxHr_202608.html,Agosto_2026,monthly,2026-09-04T08:00:00
2026-08-14,17hs,47,76,Dados de Utilização do Transporte Municipal/Agosto_2026/Mensal/Mensal_Resumo_FxHr_202608.html,Agosto_2026,monthly,2026-09-04T08:00:00
2026-08-14,18hs,47,69,Dados de Utilização do Transporte Municipal/Agosto_2026/Mensal/Mensal_Resumo_FxHr_202608.html,Agosto_2026,monthly,2026-09-04T08:00:00
2026-08-14,19hs,43,61,Dados de Utilização do Transporte Municipal/Agosto_2026/Mensal/Mensal_Resumo_FxHr_202608.html,Agosto_2026,monthly,2026-09-04T08:00:00
2026-08-14,20hs,42,60,Dados de Utilização do Transporte Municipal/Agosto_2026/Mensal/Mensal_Resumo_FxHr_202608.html,Agosto_2026,monthly,2026-09-04T08:00:00
2026-08-14,21hs,41,63,Dados de Utilização do Transporte Municipal/Agosto_2026/Mensal/Mensal_Resumo_FxHr_202608.html,Agosto_2026,monthly,2026-09-04T08:00:00
2026-08-14,22hs,31,53,Dados de Utilização do Transporte Municipal/Agosto_2026/Mensal/Mensal_Resumo_FxHr_202608.html,Agosto_2026,monthly,2026-09-04T08:00:00
2026-08-14,23hs,21,35,Dados de Utilização do Transporte Municipal/Agosto_2026/Mensal/Mensal_Resumo_FxHr_202608.html,Agosto_2026,monthly,2026-09-04T08:00:00
2026-08-14,4hs,12,15,Dados de Utilização do Transporte Municipal/Agosto_2026/Mensal/Mensal_Resumo_FxHr_202608.html,Agosto_2026,monthly,2026-09-04T08:00:00
2026-08-14,5hs,34,61,Dados de Utilização do Transporte Municipal/Agosto_2026/Mensal/Mensal_Resumo_FxHr_202608.html,Agosto_2026,monthly,2026-09-04T08:00:00
2026-08-14,6hs,47,84,Dados de Utilização do Transporte Municipal/Agosto_2026/Mensal/Mensal_Resumo_FxHr_202608.html,Agosto_2026,monthly,2026-09-04T08:00:00
2026-08-14,7hs,47,78,Dados de Utilização do Transporte Municipal/Agosto_2026/Mensal/Mensal_Resumo_FxHr_202608.html,Agosto_2026,monthly,2026-09-04T08:00:00
2026-08-14,8hs,47,75,Dados de Utilização do Transporte Municipal/Agosto_2026/Mensal/Mensal_Resumo_FxHr_202608.html,Agosto_2026,monthly,2026-09-04T08:00:00
2026-08-14,9hs,39,58,Dados de Utilização do Transporte Municipal/Agosto_2026/Mensal/Mensal_Resumo_FxHr_202608.html,Agosto_2026,monthly,2026-09-04T08:00:00
2026-08-15,0hs,3,3,Dados de Utilização do Transporte Municipal/Agosto_2026/Mensal/Mensal_Resumo_FxHr_202608.html,Agosto_2026,monthly,2026-09-04T08:00:00
2026-08-15,10hs,30,43,Dados de Utilização do Transporte Municipal/Agosto_2026/Mensal/Mensal_Resumo_FxHr_202608.html,Agosto_2026,monthly,2026-09-04T08:00:00
2026-08-15,11hs,34,54,Dados de Utilização do Transporte Municipal/Agosto_2026/Mensal/Mensal_Resumo_FxHr_202608.html,Agosto_2026,monthly,2026-09-04T08:00:00
2026-08-15,12hs,35,56,Dados de Utilização do Transporte Municipal/Agosto_2026/Mensal/Mensal_Resumo_FxHr_202608.html,Agosto_2026,monthly,2026-09-04T08:00:00
2026-08-15,13hs,30,51,Dados de Utilização do Transporte Municipal/Agosto_2026/Mensal/Mensal_Resumo_FxHr_202608.html,Agosto_2026,monthly,2026-09-04T08:00:00
2026-08-15,14hs,31,46,Dados de Utilização do Transporte Municipal/Agosto_2026/Mensal/Mensal_Resumo_FxHr_202608.html,Agosto_2026,monthly,2026-09-04T08:00:00
2026-08-15,15hs,32,46,Dados de Utilização do Transporte Municipal/Agosto_2026/Mensal/Mensal_Resumo_FxHr_202608.html,Agosto_2026,monthly,2026-09-04T08:00:00
2026-08-15,16hs,32,54,Dados de Utilização do Transporte Municipal/Agosto_2026/Mensal/Mensal_Resumo_FxHr_202608.html,Agosto_2026,monthly,2026-09-04T08:00:00
2026-08-15,17hs,31,50,Dados de Utilização do Transporte Municipal/Agosto_2026/Mensal/Mensal_Resumo_FxHr_202608.html,Agosto_2026,monthly,2026-09-04T08:00:00
2026-08-15,18hs,31,45,Dados de Utilização do Transporte Municipal/Agosto_2026/Mensal/Mensal_Resumo_FxHr_202608.html,Agosto_2026,monthly,2026-09-04T08:00:00
2026-08-15,19hs,29,42,Dados de Utilização do Transporte Municipal/Agosto_2026/Mensal/Mensal_Resumo_FxHr_202608.html,Agosto_2026,monthly,2026-09-04T08:00:00
2026-08-15,20hs,28,45,Dados de Utilização do Transporte Municipal/Agosto_2026/Mensal/Mensal_Resumo_FxHr_202608.html,Agosto_2026,monthly,2026-09-04T08:00:00
2026-08-15,21hs,30,46,Dados de Utilização do Transporte Municipal/Agosto_2026/Mensal/Mensal_Resumo_FxHr_202608.html,Agosto_2026,monthly,2026-09-04T08:00:00
2026-08-15,22hs,20,41,Dados de Utilização do Transporte Municipal/Agosto_2026/Mensal/Mensal_Resumo_FxHr_202608.html,Agosto_2026,monthly,2026-09-04T08:00:00
2026-08-15,23hs,16,27,Dados de Utilização do Transporte Municipal/Agosto_2026/Mensal/Mensal_Resumo_FxHr_202608.html,Agosto_2026,monthly,2026-09-04T08:00:00
2026-08-15,4hs,9,12,Dados de Utilização do Transporte Municipal/Agosto_2026/Mensal/Mensal_Resumo_FxHr_202608.html,Agosto_2026,monthly,2026-09-04T08:00:00
2026-08-15,5hs,22,47,Dados de Utilização do Transporte Municipal/Agosto_2026/Mensal/Mensal_Resumo_FxHr_202608.html,Agosto_2026,monthly,2026-09-04T08:00:00
2026-08-15,6hs,31,58,Dados de Utilização do Transporte Municipal/Agosto_2026/Mensal/Mensal_Resumo_FxHr_202608.html,Agosto_2026,monthly,2026-09-04T08:00:00
2026-08-15,7hs,33,58,Dados de Utilização do Transporte Municipal/Agosto_2026/Mensal/Mensal_Resumo_FxHr_202608.html,Agosto_2026,monthly,2026-09-04T08:00:00
2026-08-15,8hs,33,54,Dados de Utilização do Transporte Municipal/Agosto_2026/Mensal/Mensal_Resumo_FxHr_202608.html,Agosto_2026,monthly,2026-09-04T08:00:00
2026-08-15,9hs,31,46,Dados de Utilização do Transporte Municipal/Agosto_2026/Mensal/Mensal_Resumo_FxHr_202608.html,Agosto_2026,monthly,2026-09-04T08:00:00
2026-08-16,0hs,3,3,Dados de Utilização do Transporte Municipal/Agosto_2026/Mensal/Mensal_Resumo_FxHr_202608.html,Agosto_2026,monthly,2026-09-04T08:00:00
2026-08-16,10hs,21,34,Dados de Utilização do Transporte Municipal/Agosto_2026/Mensal/Mensal_Resumo_FxHr_202608.html,Agosto_2026,monthly,2026-09-04T08:00:00
2026-08-16,11hs,21,35,Dados de Utilização do Transporte Municipal/Agosto_2026/Mensal/Mensal_Resumo_FxHr_202608.html,Agosto_2026,monthly,2026-09-04T08:00:00
2026-08-16,12hs,21,45,Dados de Utilização do Transporte Municipal/Agosto_2026/Mensal/Mensal_Resumo_FxHr_202608.html,Agosto_2026,monthly,2026-09-04T08:00:00
2026-08-16,13hs,23,38,Dados de Utilização do Transporte Municipal/Agosto_2026/Mensal/Mensal_Resumo_FxHr_202608.html,Agosto_2026,monthly,2026-09-04T08:00:00
2026-08-16,14hs,20,34,Dados de Utilização do Transporte Municipal/Agosto_2026/Mensal/Mensal_Resumo_FxHr_202608.html,Agosto_2026,monthly,2026-09-04T08:00:00
2026-08-16,15hs,20,40,Dados de Utilização do Transporte Municipal/Agosto_2026/Mensal/Mensal_Resumo_FxHr_202608.html,Agosto_2026,monthly,2026-09-04T08:00:00
2026-08-16,16hs,21,42,Dados de Utilização do Transporte Municipal/Agosto_2026/Mensal/Mensal_Resumo_FxHr_202608.html,Agosto_2026,monthly,2026-09-04T08:00:00
2026-08-16,17hs,21,45,Dados de Utilização do Transporte Municipal/Agosto_2026/Mensal/Mensal_Resumo_FxHr_202608.html,Agosto_2026,monthly,2026-09-04T08:00:00
2026-08-16,18hs,20,30,Dados de Utilização do Transporte Municipal/Agosto_2026/Mensal/Mensal_Resumo_FxHr_202608.html,Agosto_2026,monthly,2026-09-04T08:00:00
2026-08-16,19hs,21,36,Dados de Utilização do Transporte Municipal/Agosto_2026/Mensal/Mensal_Resumo_FxHr_202608.html,Agosto_2026,monthly,2026-09-04T08:00:00
2026-08-16,20hs,20,40,Dados de Utilização do Transporte Municipal/Agosto_2026/Mensal/Mensal_Resumo_FxHr_202608.html,Agosto_2026,monthly,2026-09-04T08:00:00
2026-08-16,21hs,20,36,Dados de Utilização do Transporte Municipal/Agosto_2026/Mensal/Mensal_Resumo_FxHr_202608.html,Agosto_2026,monthly,2026-09-04T08:00:00
2026-08-16,22hs,14,29,Dados de Utilização do Transporte Municipal/Agosto_2026/Mensal/Mensal_Resumo_FxHr_202608.html,Agosto_2026,monthly,2026-09-04T08:00:00
2026-08-16,23hs,10,17,Dados de Utilização do Transporte Municipal/Agosto_2026/Mensal/Mensal_Resumo_FxHr_202608.html,Agosto_2026,monthly,2026-09-04T08:00:00
2026-08-16,4hs,8,9,Dados de Utilização do Transporte Municipal/Agosto_2026/Mensal/Mensal_Resumo_FxHr_202608.html,Agosto_2026,monthly,2026-09-04T08:00:00
2026-08-16,5hs,17,38,Dados de Utilização do Transporte Municipal/Agosto_2026/Mensal/Mensal_Resumo_FxHr_202608.html,Agosto_2026,monthly,2026-09-04T08:00:00
2026-08-16,6hs,21,41,Dados de Utilização do Transporte Municipal/Agosto_2026/Mensal/Mensal_Resumo_FxHr_202608.html,Agosto_2026,monthly,2026-09-04T08:00:00
2026-08-16,7hs,21,45,Dados de Utilização do Transporte Municipal/Agosto_2026/Mensal/Mensal_Resumo_FxHr_202608.html,Agosto_2026,monthly,2026-09-04T08:00:00
2026-08-16,8hs,20,39,Dados de Utilização do Transporte Municipal/Agosto_2026/Mensal/Mensal_Resumo_FxHr_202608.html,Agosto_2026,monthly,2026-09-04T08:00:00
2026-08-16,9hs,20,34,Dados de Utilização do Transporte Municipal/Agosto_2026/Mensal/Mensal_Resumo_FxHr_202608.html,Agosto_2026,monthly,2026-09-04T08:00:00
2026-08-17,0hs,5,7,Dados de Utilização do Transporte Municipal/Agosto_2026/Mensal/Mensal_Resumo_FxHr_202608.html,Agosto_2026,monthly,2026-09-04T08:00:00
2026-08-17,10hs,40,55,Dados de Utilização do Transporte Municipal/Agosto_2026/Mensal/Mensal_Resumo_FxHr_202608.html,Agosto_2026,monthly,2026-09-04T08:00:00
2026-08-17,11hs,44,65,Dados de Utilização do Transporte Municipal/Agosto_2026/Mensal/Mensal_Resumo_FxHr_202608.html,Agosto_2026,monthly,2026-09-04T08:00:00
2026-08-17,12hs,47,79,Dados de Utilização do Transporte Municipal/Agosto_2026/Mensal/Mensal_Resumo_FxHr_202608.html,Agosto_2026,monthly,2026-09-04T08:00:00
2026-08-17,13hs,46,72,Dados de Utilização do Transporte Municipal/Agosto_2026/Mensal/Mensal_Resumo_FxHr_202608.html,Agosto_2026,monthly,2026-09-04T08:00:00
2026-08-17,14hs,43,72,Dados de Utilização do Transporte Municipal/Agosto_2026/Mensal/Mensal_Resumo_FxHr_202608.html,Agosto_2026,monthly,2026-09-04T08:00:00
2026-08-17,15hs,47,68,Dados de Utilização do Transporte Municipal/Agosto_2026/Mensal/Mensal_Resumo_FxHr_202608.html,Agosto_2026,monthly,2026-09-04T08:00:00
2026-08-17,16hs,47,71,Dados de Utilização do Transporte Municipal/Agosto_2026/Mensal/Mensal_Resumo_FxHr_202608.html,Agosto_2026,monthly,2026-09-04T08:00:00
2026-08-17,17hs,47,71,Dados de Utilização do Transporte Municipal/Agosto_2026/Mensal/Mensal_Resumo_FxHr_202608.html,Agosto_2026,monthly,2026-09-04T08:00:00
2026-08-17,18hs,47,69,Dados de Utilização do Transporte Municipal/Agosto_2026/Mensal/Mensal_Resumo_FxHr_202608.html,Agosto_2026,monthly,2026-09-04T08:00:00
2026-08-17,19hs,43,64,Dados de Utilização do Transporte Municipal/Agosto_2026/Mensal/Mensal_Resumo_FxHr_202608.html,Agosto_2026,monthly,2026-09-04T08:00:00
2026-08-17,20hs,42,60,Dados de Utilização do Transporte Municipal/Agosto_2026/Mensal/Mensal_Resumo_FxHr_202608.html,Agosto_2026,monthly,2026-09-04T08:00:00
2026-08-17,21hs,41,64,Dados de Utilização do Transporte Municipal/Agosto_2026/Mensal/Mensal_Resumo_FxHr_202608.html,Agosto_2026,monthly,2026-09-04T08:00:00
2026-08-17,22hs,31,53,Dados de Utilização do Transporte Municipal/Agosto_2026/Mensal/Mensal_Resumo_FxHr_202608.html,Agosto_2026,monthly,2026-09-04T08:00:00
2026-08-17,23hs,21,34,Dados de Utilização do Transporte Municipal/Agosto_2026/Mensal/Mensal_Resumo_FxHr_202608.html,Agosto_2026,monthly,2026-09-04T08:00:00
2026-08-17,4hs,12,15,Dados de Utilização do Transporte Municipal/Agosto_2026/Mensal/Mensal_Resumo_FxHr_202608.html,Agosto_2026,monthly,2026-09-04T08:00:00
2026-08-17,5hs,34,61,Dados de Utilização do Transporte Municipal/Agosto_2026/Mensal/Mensal_Resumo_FxHr_202608.html,Agosto_2026,monthly,2026-09-04T08:00:00
2026-08-17,6hs,47,85,Dados de Utilização do Transporte Municipal/Agosto_2026/Mensal/Mensal_Resumo_FxHr_202608.html,Agosto_2026,monthly,2026-09-04T08:00:00
2026-08-17,7hs,47,76,Dados de Utilização do Transporte Municipal/Agosto_2026/Mensal/Mensal_Resumo_FxHr_202608.html,Agosto_2026,monthly,2026-09-04T08:00:00
2026-08-17,8hs,47,78,Dados de Utilização do Transporte Municipal/Agosto_2026/Mensal/Mensal_Resumo_FxHr_202608.html,Agosto_2026,monthly,2026-09-04T08:00:00
2026-08-17,9hs,40,59,Dados de Utilização do Transporte Municipal/Agosto_2026/Mensal/Mensal_Resumo_FxHr_202608.html,Agosto_2026,monthly,2026-09-04T08:00:00
2026-08-18,0hs,5,7,Dados de Utilização do Transporte Municipal/Agosto_2026/Mensal/Mensal_Resumo_FxHr_202608.html,Agosto_2026,monthly,2026-09-04T08:00:00
2026-08-18,10hs,41,55,Dados de Utilização do Transporte Municipal/Agosto_2026/Mensal/Mensal_Resumo_FxHr_202608.html,Agosto_2026,monthly,2026-09-04T08:00:00
2026-08-18,11hs,44,65,Dados de Utilização do Transporte Municipal/Agosto_2026/Mensal/Mensal_Resumo_FxHr_202608.html,Agosto_2026,monthly,2026-09-04T08:00:00
2026-08-18,12hs,47,82,Dados de Utilização do Transporte Municipal/Agosto_2026/Mensal/Mensal_Resumo_FxHr_202608.html,Agosto_2026,monthly,2026-09-04T08:00:00
2026-08-18,13hs,46,72,Dados de Utilização do Transporte Municipal/Agosto_2026/Mensal/Mensal_Resumo_FxHr_202608.html,Agosto_2026,monthly,2026-09-04T08:00:00
2026-08-18,14hs,42,71,Dados de Utilização do Transporte Municipal/Agosto_2026/Mensal/Mensal_Resumo_FxHr_202608.html,Agosto_2026,monthly,2026-09-04T08:00:00
2026-08-18,15hs,47,68,Dados de Utilização do Transporte Municipal/Agosto_2026/Mensal/Mensal_Resumo_FxHr_202608.html,Agosto_2026,monthly,2026-09-04T08:00:00
2026-08-18,16hs,47,70,Dados de Utilização do Transporte Municipal/Agosto_2026/Mensal/Mensal_Resumo_FxHr_202608.html,Agosto_2026,monthly,2026-09-04T08:00:00
2026-08-18,17hs,47,71,Dados de Utilização do Transporte Municipal/Agosto_2026/Mensal/Mensal_Resumo_FxHr_202608.html,Agosto_2026,monthly,2026-09-04T08:00:00
2026-08-18,18hs,47,68,Dados de Utilização do Transporte Municipal/Agosto_2026/Mensal/Mensal_Resumo_FxHr_202608.html,Agosto_2026,monthly,2026-09-04T08:00:00
2026-08-18,19hs,44,67,Dados de Utilização do Transporte Municipal/Agosto_2026/Mensal/Mensal_Resumo_FxHr_202608.html,Agosto_2026,monthly,2026-09-04T08:00:00
2026-08-18,20hs,41,59,Dados de Utilização do Transporte Municipal/Agosto_2026/Mensal/Mensal_Resumo_FxHr_202608.html,Agosto_2026,monthly,2026-09-04T08:00:00
2026-08-18,21hs,41,63,Dados de Utilização do Transporte Municipal/Agosto_2026/Mensal/Mensal_Resumo_FxHr_202608.html,Agosto_2026,monthly,2026-09-04T08:00:00
2026-08-18,22hs,31,53,Dados de Utilização do Transporte Municipal/Agosto_2026/Mensal/Mensal_Resumo_FxHr_202608.html,Agosto_2026,monthly,2026-09-04T08:00:00
2026-08-18,23hs,21,35,Dados de Utilização do Transporte Municipal/Agosto_2026/Mensal/Mensal_Resumo_FxHr_202608.html,Agosto_2026,monthly,2026-09-04T08:00:00
2026-08-18,4hs,12,15,Dados de Utilização do Transporte Municipal/Agosto_2026/Mensal/Mensal_Resumo_FxHr_202608.html,Agosto_2026,monthly,2026-09-04T08:00:00
2026-08-18,5hs,34,61,Dados de Utilização do Transporte Municipal/Agosto_2026/Mensal/Mensal_Resumo_FxHr_202608.html,Agosto_2026,monthly,2026-09-04T08:00:00
2026-08-18,6hs,47,82,Dados de Utilização do Transporte Municipal/Agosto_2026/Mensal/Mensal_Resumo_FxHr_202608.html,Agosto_2026,monthly,2026-09-04T08:00:00
2026-08-18,7hs,47,80,Dados de Utilização do Transporte Municipal/Agosto_2026/Mensal/Mensal_Resumo_FxHr_202608.html,Agosto_2026,monthly,2026-09-04T08:00:00
2026-08-18,8hs,47,74,Dados de Utilização do Transporte Municipal/Agosto_2026/Mensal/Mensal_Resumo_FxHr_202608.html,Agosto_2026,monthly,2026-09-04T08:00:00
2026-08-18,9hs,41,60,Dados de Utilização do Transporte Municipal/Agosto_2026/Mensal/Mensal_Resumo_FxHr_202608.html,Agosto_2026,monthly,2026-09-04T08:00:00
2026-08-19,0hs,5,6,Dados de Utilização do Transporte Municipal/Agosto_2026/Mensal/Mensal_Resumo_FxHr_202608.html,Agosto_2026,monthly,2026-09-04T08:00:00
2026-08-19,10hs,41,56,Dados de Utilização do Transporte Municipal/Agosto_2026/Mensal/Mensal_Resumo_FxHr_202608.html,Agosto_2026,monthly,2026-09-04T08:00:00
2026-08-19,11hs,44,65,Dados de Utilização do Transporte Municipal/Agosto_2026/Mensal/Mensal_Resumo_FxHr_202608.html,Agosto_2026,monthly,2026-09-04T08:00:00
2026-08-19,12hs,47,82,Dados de Utilização do Transporte Municipal/Agosto_2026/Mensal/Mensal_Resumo_FxHr_202608.html,Agosto_2026,monthly,2026-09-04T08:00:00
2026-08-19,13hs,46,71,Dados de Utilização do Transporte Municipal/Agosto_2026/Mensal/Mensal_Resumo_FxHr_202608.html,Agosto_2026,monthly,2026-09-04T08:00:00
2026-08-19,14hs,43,71,Dados de Utilização do Transporte Municipal/Agosto_2026/Mensal/Mensal_Resumo_FxHr_202608.html,Agosto_2026,monthly,2026-09-04T08:00:00
2026-08-19,15hs,47,70,Dados de Utilização do Transporte Municipal/Agosto_2026/Mensal/Mensal_Resumo_FxHr_202608.html,Agosto_2026,monthly,2026-09-04T08:00:00
2026-08-19,16hs,47,68,Dados de Utilização do Transporte Municipal/Agosto_2026/Mensal/Mensal_Resumo_FxHr_202608.html,Agosto_2026,monthly,2026-09-04T08:00:00
2026-08-19,17hs,47,71,Dados de Utilização do Transporte Municipal/Agosto_2026/Mensal/Mensal_Resumo_FxHr_202608.html,Agosto_2026,monthly,2026-09-04T08:00:00
2026-08-19,18hs,47,72,Dados de Utilização do Transporte Municipal/Agosto_2026/Mensal/Mensal_Resumo_FxHr_202608.html,Agosto_2026,monthly,2026-09-04T08:00:00
2026-08-19,19hs,43,62,Dados de Utilização do Transporte Municipal/Agosto_2026/Mensal/Mensal_Resumo_FxHr_202608.html,Agosto_2026,monthly,2026-09-04T08:00:00
2026-08-19,20hs,43,60,Dados de Utilização do Transporte Municipal/Agosto_2026/Mensal/Mensal_Resumo_FxHr_202608.html,Agosto_2026,monthly,2026-09-04T08:00:00
2026-08-19,21hs,41,64,Dados de Utilização do Transporte Municipal/Agosto_2026/Mensal/Mensal_Resumo_FxHr_202608.html,Agosto_2026,monthly,2026-09-04T08:00:00
2026-08-19,22hs,31,52,Dados de Utilização do Transporte Municipal/Agosto_2026/Mensal/Mensal_Resumo_FxHr_202608.html,Agosto_2026,monthly,2026-09-04T08:00:00
2026-08-19,23hs,21,36,Dados de Utilização do Transporte Municipal/Agosto_2026/Mensal/Mensal_Resumo_FxHr_202608.html,Agosto_2026,monthly,2026-09-04T08:00:00
2026-08-19,4hs,12,15,Dados de Utilização do Transporte Municipal/Agosto_2026/Mensal/Mensal_Resumo_FxHr_202608.html,Agosto_2026,monthly,2026-09-04T08:00:00
2026-08-19,5hs,35,63,Dados de Utilização do Transporte Municipal/Agosto_2026/Mensal/Mensal_Resumo_FxHr_202608.html,Agosto_2026,monthly,2026-09-04T08:00:00
2026-08-19,6hs,47,83,Dados de Utilização do Transporte Municipal/Agosto_2026/Mensal/Mensal_Resumo_FxHr_202608.html,Agosto_2026,monthly,2026-09-04T08:00:00
2026-08-19,7hs,47,76,Dados de Utilização do Transporte Municipal/Agosto_2026/Mensal/Mensal_Resumo_FxHr_202608.html,Agosto_2026,monthly,2026-09-04T08:00:00
2026-08-19,8hs,47,77,Dados de Utilização do Transporte Municipal/Agosto_2026/Mensal/Mensal_Resumo_FxHr_202608.html,Agosto_2026,monthly,2026-09-04T08:00:00
2026-08-19,9hs,40,59,Dados de Utilização do Transporte Municipal/Agosto_2026/Mensal/Mensal_Resumo_FxHr_202608.html,Agosto_2026,monthly,2026-09-04T08:00:00
2026-08-20,0hs,5,7,Dados de Utilização do Transporte Municipal/Agosto_2026/Mensal/Mensal_Resumo_FxHr_202608.html,Agosto_2026,monthly,2026-09-04T08:00:00
2026-08-20,10hs,42,58,Dados de Utilização do Transporte Municipal/Agosto_2026/Mensal/Mensal_Resumo_FxHr_202608.html,Agosto_2026,monthly,2026-09-04T08:00:00
2026-08-20,11hs,44,67,Dados de Utilização do Transporte Municipal/Agosto_2026/Mensal/Mensal_Resumo_FxHr_202608.html,Agosto_2026,monthly,2026-09-04T08:00:00
2026-08-20,12hs,47,79,Dados de Utilização do Transporte Municipal/Agosto_2026/Mensal/Mensal_Resumo_FxHr_202608.html,Agosto_2026,monthly,2026-09-04T08:00:00
2026-08-20,13hs,46,70,Dados de Utilização do Transporte Municipal/Agosto_2026/Mensal/Mensal_Resumo_FxHr_202608.html,Agosto_2026,monthly,2026-09-04T08:00:00
2026-08-20,14hs,42,72,Dados de Utilização do Transporte Municipal/Agosto_2026/Mensal/Mensal_Resumo_FxHr_202608.html,Agosto_2026,monthly,2026-09-04T08:00:00
2026-08-20,15hs,47,70,Dados de Utilização do Transporte Municipal/Agosto_2026/Mensal/Mensal_Resumo_FxHr_202608.html,Agosto_2026,monthly,2026-09-04T08:00:00
2026-08-20,16hs,46,67,Dados de Utilização do Transporte Municipal/Agosto_2026/Mensal/Mensal_Resumo_FxHr_202608.html,Agosto_2026,monthly,2026-09-04T08:00:00
2026-08-20,17hs,47,72,Dados de Utilização do Transporte Municipal/Agosto_2026/Mensal/Mensal_Resumo_FxHr_202608.html,Agosto_2026,monthly,2026-09-04T08:00:00
2026-08-20,18hs,47,71,Dados de Utilização do Transporte Municipal/Agosto_2026/Mensal/Mensal_Resumo_FxHr_202608.html,Agosto_2026,monthly,2026-09-04T08:00:00
2026-08-20,19hs,43,64,Dados de Utilização do Transporte Municipal/Agosto_2026/Mensal/Mensal_Resumo_FxHr_202608.html,Agosto_2026,monthly,2026-09-04T08:00:00
2026-08-20,20hs,42,60,Dados de Utilização do Transporte Municipal/Agosto_2026/Mensal/Mensal_Resumo_FxHr_202608.html,Agosto_2026,monthly,2026-09-04T08:00:00
2026-08-20,21hs,40,62,Dados de Utilização do Transporte Municipal/Agosto_2026/Mensal/Mensal_Resumo_FxHr_202608.html,Agosto_2026,monthly,2026-09-04T08:00:00
2026-08-20,22hs,31,54,Dados de Utilização do Transporte Municipal/Agosto_2026/Mensal/Mensal_Resumo_FxHr_202608.html,Agosto_2026,monthly,2026-09-04T08:00:00
2026-08-20,23hs,21,34,Dados de Utilização do Transporte Municipal/Agosto_2026/Mensal/Mensal_Resumo_FxHr_202608.html,Agosto_2026,monthly,2026-09-04T08:00:00
2026-08-20,4hs,13,16,Dados de Utilização do Transporte Municipal/Agosto_2026/Mensal/Mensal_Resumo_FxHr_202608.html,Agosto_2026,monthly,2026-09-04T08:00:00
2026-08-20,5hs,35,61,Dados de Utilização do Transporte Municipal/Agosto_2026/Mensal/Mensal_Resumo_FxHr_202608.html,Agosto_2026,monthly,2026-09-04T08:00:00
2026-08-20,6hs,47,85,Dados de Utilização do Transporte Municipal/Agosto_2026/Mensal/Mensal_Resumo_FxHr_202608.html,Agosto_2026,monthly,2026-09-04T08:00:00
2026-08-20,7hs,47,74,Dados de Utilização do Transporte Municipal/Agosto_2026/Mensal/Mensal_Resumo_FxHr_202608.html,Agosto_2026,monthly,2026-09-04T08:00:00
2026-08-20,8hs,47,77,Dados de Utilização do Transporte Municipal/Agosto_2026/Mensal/Mensal_Resumo_FxHr_202608.html,Agosto_2026,monthly,2026-09-04T08:00:00
2026-08-20,9hs,39,59,Dados de Utilização do Transporte Municipal/Agosto_2026/Mensal/Mensal_Resumo_FxHr_202608.html,Agosto_2026,monthly,2026-09-04T08:00:00
2026-08-21,0hs,5,7,Dados de Utilização do Transporte Municipal/Agosto_2026/Mensal/Mensal_Resumo_FxHr_202608.html,Agosto_2026,monthly,2026-09-04T08:00:00
2026-08-21,10hs,42,57,Dados de Utilização do Transporte Municipal/Agosto_2026/Mensal/Mensal_Resumo_FxHr_202608.html,Agosto_2026,monthly,2026-09-04T08:00:00
2026-08-21,11hs,45,67,Dados de Utilização do Transporte Municipal/Agosto_2026/Mensal/Mensal_Resumo_FxHr_202608.html,Agosto_2026,monthly,2026-09-04T08:00:00
2026-08-21,12hs,47,79,Dados de Utilização do Transporte Municipal/Agosto_2026/Mensal/Mensal_Resumo_FxHr_202608.html,Agosto_2026,monthly,2026-09-04T08:00:00
2026-08-21,13hs,46,71,Dados de Utilização do Transporte Municipal/Agosto_2026/Mensal/Mensal_Resumo_FxHr_202608.html,Agosto_2026,monthly,2026-09-04T08:00:00
2026-08-21,14hs,41,72,Dados de Utilização do Transporte Municipal/Agosto_2026/Mensal/Mensal_Resumo_FxHr_202608.html,Agosto_2026,monthly,2026-09-04T08:00:00
2026-08-21,15hs,47,68,Dados de Utilização do Transporte Municipal/Agosto_2026/Mensal/Mensal_Resumo_FxHr_202608.html,Agosto_2026,monthly,2026-09-04T08:00:00
2026-08-21,16hs,46,69,Dados de Utilização do Transporte Municipal/Agosto_2026/Mensal/Mensal_Resumo_FxHr_202608.html,Agosto_2026,monthly,2026-09-04T08:00:00
2026-08-21,17hs,47,68,Dados de Utilização do Transporte Municipal/Agosto_2026/Mensal/Mensal_Resumo_FxHr_202608.html,Agosto_2026,monthly,2026-09-04T08:00:00
2026-08-21,18hs,47,72,Dados de Utilização do Transporte Municipal/Agosto_2026/Mensal/Mensal_Resumo_FxHr_202608.html,Agosto_2026,monthly,2026-09-04T08:00:00
2026-08-21,19hs,45,65,Dados de Utilização do Transporte Municipal/Agosto_2026/Mensal/Mensal_Resumo_FxHr_202608.html,Agosto_2026,monthly,2026-09-04T08:00:00
2026-08-21,20hs,43,60,Dados de Utilização do Transporte Municipal/Agosto_2026/Mensal/Mensal_Resumo_FxHr_202608.html,Agosto_2026,monthly,2026-09-04T08:00:00
2026-08-21,21hs,40,65,Dados de Utilização do Transporte Municipal/Agosto_2026/Mensal/Mensal_Resumo_FxHr_202608.html,Agosto_2026,monthly,2026-09-04T08:00:00
2026-08-21,22hs,30,52,Dados de Utilização do Transporte Municipal/Agosto_2026/Mensal/Mensal_Resumo_FxHr_202608.html,Agosto_2026,monthly,2026-09-04T08:00:00
2026-08-21,23hs,21,35,Dados de Utilização do Transporte Municipal/Agosto_2026/Mensal/Mensal_Resumo_FxHr_202608.html,Agosto_2026,monthly,2026-09-04T08:00:00
2026-08-21,4hs,13,16,Dados de Utilização do Transporte Municipal/Agosto_2026/Mensal/Mensal_Resumo_FxHr_202608.html,Agosto_2026,monthly,2026-09-04T08:00:00
2026-08-21,5hs,36,61,Dados de Utilização do Transporte Municipal/Agosto_2026/Mensal/Mensal_Resumo_FxHr_202608.html,Agosto_2026,monthly,2026-09-04T08:00:00
2026-08-21,6hs,47,85,Dados de Utilização do Transporte Municipal/Agosto_2026/Mensal/Mensal_Resumo_FxHr_202608.html,Agosto_2026,monthly,2026-09-04T08:00:00
2026-08-21,7hs,47,79,Dados de Utilização do Transporte Municipal/Agosto_2026/Mensal/Mensal_Resumo_FxHr_202608.html,Agosto_2026,monthly,2026-09-04T08:00:00
2026-08-21,8hs,47,74,Dados de Utilização do Transporte Municipal/Agosto_2026/Mensal/Mensal_Resumo_FxHr_202608.html,Agosto_2026,monthly,2026-09-04T08:00:00
2026-08-21,9hs,40,57,Dados de Utilização do Transporte Municipal/Agosto_2026/Mensal/Mensal_Resumo_FxHr_202608.html,Agosto_2026,monthly,2026-09-04T08:00:00
2026-08-22,0hs,3,3,Dados de Utilização do Transporte Municipal/Agosto_2026/Mensal/Mensal_Resumo_FxHr_202608.html,Agosto_2026,monthly,2026-09-04T08:00:00
2026-08-22,10hs,30,44,Dados de Utilização do Transporte Municipal/Agosto_2026/Mensal/Mensal_Resumo_FxHr_202608.html,Agosto_2026,monthly,2026-09-04T08:00:00
2026-08-22,11hs,34,54,Dados de Utilização do Transporte Municipal/Agosto_2026/Mensal/Mensal_Resumo_FxHr_202608.html,Agosto_2026,monthly,2026-09-04T08:00:00
2026-08-22,12hs,35,55,Dados de Utilização do Transporte Municipal/Agosto_2026/Mensal/Mensal_Resumo_FxHr_202608.html,Agosto_2026,monthly,2026-09-04T08:00:00
2026-08-22,13hs,30,50,Dados de Utilização do Transporte Municipal/Agosto_2026/Mensal/Mensal_Resumo_FxHr_202608.html,Agosto_2026,monthly,2026-09-04T08:00:00
2026-08-22,14hs,31,47,Dados de Utilização do Transporte Municipal/Agosto_2026/Mensal/Mensal_Resumo_FxHr_202608.html,Agosto_2026,monthly,2026-09-04T08:00:00
2026-08-22,15hs,32,45,Dados de Utilização do Transporte Municipal/Agosto_2026/Mensal/Mensal_Resumo_FxHr_202608.html,Agosto_2026,monthly,2026-09-04T08:00:00
2026-08-22,16hs,31,52,Dados de Utilização do Transporte Municipal/Agosto_2026/Mensal/Mensal_Resumo_FxHr_202608.html,Agosto_2026,monthly,2026-09-04T08:00:00
2026-08-22,17hs,31,50,Dados de Utilização do Transporte Municipal/Agosto_2026/Mensal/Mensal_Resumo_FxHr_202608.html,Agosto_2026,monthly,2026-09-04T08:00:00
2026-08-22,18hs,31,49,Dados de Utilização do Transporte Municipal/Agosto_2026/Mensal/Mensal_Resumo_FxHr_202608.html,Agosto_2026,monthly,2026-09-04T08:00:00
2026-08-22,19hs,29,41,Dados de Utilização do Transporte Municipal/Agosto_2026/Mensal/Mensal_Resumo_FxHr_202608.html,Agosto_2026,monthly,2026-09-04T08:00:00
2026-08-22,20hs,26,42,Dados de Utilização do Transporte Municipal/Agosto_2026/Mensal/Mensal_Resumo_FxHr_202608.html,Agosto_2026,monthly,2026-09-04T08:00:00
2026-08-22,21hs,30,47,Dados de Utilização do Transporte Municipal/Agosto_2026/Mensal/Mensal_Resumo_FxHr_202608.html,Agosto_2026,monthly,2026-09-04T08:00:00
2026-08-22,22hs,20,43,Dados de Utilização do Transporte Municipal/Agosto_2026/Mensal/Mensal_Resumo_FxHr_202608.html,Agosto_2026,monthly,2026-09-04T08:00:00
2026-08-22,23hs,16,27,Dados de Utilização do Transporte Municipal/Agosto_2026/Mensal/Mensal_Resumo_FxHr_202608.html,Agosto_2026,monthly,2026-09-04T08:00:00
2026-08-22,4hs,10,13,Dados de Utilização do Transporte Municipal/Agosto_2026/Mensal/Mensal_Resumo_FxHr_202608.html,Agosto_2026,monthly,2026-09-04T08:00:00
2026-08-22,5hs,22,47,Dados de Utilização do Transporte Municipal/Agosto_2026/Mensal/Mensal_Resumo_FxHr_202608.html,Agosto_2026,monthly,2026-09-04T08:00:00
2026-08-22,6hs,31,57,Dados de Utilização do Transporte Municipal/Agosto_2026/Mensal/Mensal_Resumo_FxHr_202608.html,Agosto_2026,monthly,2026-09-04T08:00:00
2026-08-22,7hs,33,61,Dados de Utilização do Transporte Municipal/Agosto_2026/Mensal/Mensal_Resumo_FxHr_202608.html,Agosto_2026,monthly,2026-09-04T08:00:00
2026-08-22,8hs,32,50,Dados de Utilização do Transporte Municipal/Agosto_2026/Mensal/Mensal_Resumo_FxHr_202608.html,Agosto_2026,monthly,2026-09-04T08:00:00
2026-08-22,9hs,31,47,Dados de Utilização do Transporte Municipal/Agosto_2026/Mensal/Mensal_Resumo_FxHr_202608.html,Agosto_2026,monthly,2026-09-04T08:00:00
2026-08-23,0hs,3,3,Dados de Utilização do Transporte Municipal/Agosto_2026/Mensal/Mensal_Resumo_FxHr_202608.html,Agosto_2026,monthly,2026-09-04T08:00:00
2026-08-23,10hs,21,30,Dados de Utilização do Transporte Municipal/Agosto_2026/Mensal/Mensal_Resumo_FxHr_202608.html,Agosto_2026,monthly,2026-09-04T08:00:00
2026-08-23,11hs,21,39,Dados de Utilização do Transporte Municipal/Agosto_2026/Mensal/Mensal_Resumo_FxHr_202608.html,Agosto_2026,monthly,2026-09-04T08:00:00
2026-08-23,12hs,21,46,Dados de Utilização do Transporte Municipal/Agosto_2026/Mensal/Mensal_Resumo_FxHr_202608.html,Agosto_2026,monthly,2026-09-04T08:00:00
2026-08-23,13hs,23,37,Dados de Utilização do Transporte Municipal/Agosto_2026/Mensal/Mensal_Resumo_FxHr_202608.html,Agosto_2026,monthly,2026-09-04T08:00:00
2026-08-23,14hs,19,37,Dados de Utilização do Transporte Municipal/Agosto_2026/Mensal/Mensal_Resumo_FxHr_202608.html,Agosto_2026,monthly,2026-09-04T08:00:00
2026-08-23,15hs,20,38,Dados de Utilização do Transporte Municipal/Agosto_2026/Mensal/Mensal_Resumo_FxHr_202608.html,Agosto_2026,monthly,2026-09-04T08:00:00
2026-08-23,16hs,21,40,Dados de Utilização do Transporte Municipal/Agosto_2026/Mensal/Mensal_Resumo_FxHr_202608.html,Agosto_2026,monthly,2026-09-04T08:00:00
2026-08-23,17hs,21,44,Dados de Utilização do Transporte Municipal/Agosto_2026/Mensal/Mensal_Resumo_FxHr_202608.html,Agosto_2026,monthly,2026-09-04T08:00:00
2026-08-23,18hs,21,33,Dados de Utilização do Transporte Municipal/Agosto_2026/Mensal/Mensal_Resumo_FxHr_202608.html,Agosto_2026,monthly,2026-09-04T08:00:00
2026-08-23,19hs,21,35,Dados de Utilização do Transporte Municipal/Agosto_2026/Mensal/Mensal_Resumo_FxHr_202608.html,Agosto_2026,monthly,2026-09-04T08:00:00
2026-08-23,20hs,20,40,Dados de Utilização do Transporte Municipal/Agosto_2026/Mensal/Mensal_Resumo_FxHr_202608.html,Agosto_2026,monthly,2026-09-04T08:00:00
2026-08-23,21hs,20,36,Dados de Utilização do Transporte Municipal/Agosto_2026/Mensal/Mensal_Resumo_FxHr_202608.html,Agosto_2026,monthly,2026-09-04T08:00:00
2026-08-23,22hs,14,29,Dados de Utilização do Transporte Municipal/Agosto_2026/Mensal/Mensal_Resumo_FxHr_202608.html,Agosto_2026,monthly,2026-09-04T08:00:00
2026-08-23,23hs,9,17,Dados de Utilização do Transporte Municipal/Agosto_2026/Mensal/Mensal_Resumo_FxHr_202608.html,Agosto_2026,monthly,2026-09-04T08:00:00
2026-08-23,4hs,8,8,Dados de Utilização do Transporte Municipal/Agosto_2026/Mensal/Mensal_Resumo_FxHr_202608.html,Agosto_2026,monthly,2026-09-04T08:00:00
2026-08-23,5hs,17,39,Dados de Utilização do Transporte Municipal/Agosto_2026/Mensal/Mensal_Resumo_FxHr_202608.html,Agosto_2026,monthly,2026-09-04T08:00:00
2026-08-23,6hs,21,43,Dados de Utilização do Transporte Municipal/Agosto_2026/Mensal/Mensal_Resumo_FxHr_202608.html,Agosto_2026,monthly,2026-09-04T08:00:00
2026-08-23,7hs,21,44,Dados de Utilização do Transporte Municipal/Agosto_2026/Mensal/Mensal_Resumo_FxHr_202608.html,Agosto_2026,monthly,2026-09-04T08:00:00
2026-08-23,8hs,20,36,Dados de Utilização do Transporte Municipal/Agosto_2026/Mensal/Mensal_Resumo_FxHr_202608.html,Agosto_2026,monthly,2026-09-04T08:00:00
2026-08-23,9hs,18,36,Dados de Utilização do Transporte Municipal/Agosto_2026/Mensal/Mensal_Resumo_FxHr_202608.html,Agosto_2026,monthly,2026-09-04T08:00:00
2026-08-24,0hs,5,7,Dados de Utilização do Transporte Municipal/Agosto_2026/Mensal/Mensal_Resumo_FxHr_202608.html,Agosto_2026,monthly,2026-09-04T08:00:00
2026-08-24,10hs,41,56,Dados de Utilização do Transporte Municipal/Agosto_2026/Mensal/Mensal_Resumo_FxHr_202608.html,Agosto_2026,monthly,2026-09-04T08:00:00
2026-08-24,11hs,44,66,Dados de Utilização do Transporte Municipal/Agosto_2026/Mensal/Mensal_Resumo_FxHr_202608.html,Agosto_2026,monthly,2026-09-04T08:00:00
2026-08-24,12hs,47,80,Dados de Utilização do Transporte Municipal/Agosto_2026/Mensal/Mensal_Resumo_FxHr_202608.html,Agosto_2026,monthly,2026-09-04T08:00:00
2026-08-24,13hs,45,71,Dados de Utilização do Transporte Municipal/Agosto_2026/Mensal/Mensal_Resumo_FxHr_202608.html,Agosto_2026,monthly,2026-09-04T08:00:00
2026-08-24,14hs,44,73,Dados de Utilização do Transporte Municipal/Agosto_2026/Mensal/Mensal_Resumo_FxHr_202608.html,Agosto_2026,monthly,2026-09-04T08:00:00
2026-08-24,15hs,47,69,Dados de Utilização do Transporte Municipal/Agosto_2026/Mensal/Mensal_Resumo_FxHr_202608.html,Agosto_2026,monthly,2026-09-04T08:00:00
2026-08-24,16hs,47,69,Dados de Utilização do Transporte Municipal/Agosto_2026/Mensal/Mensal_Resumo_FxHr_202608.html,Agosto_2026,monthly,2026-09-04T08:00:00
2026-08-24,17hs,47,74,Dados de Utilização do Transporte Municipal/Agosto_2026/Mensal/Mensal_Resumo_FxHr_202608.html,Agosto_2026,monthly,2026-09-04T08:00:00
2026-08-24,18hs,47,68,Dados de Utilização do Transporte Municipal/Agosto_2026/Mensal/Mensal_Resumo_FxHr_202608.html,Agosto_2026,monthly,2026-09-04T08:00:00
2026-08-24,19hs,44,63,Dados de Utilização do Transporte Municipal/Agosto_2026/Mensal/Mensal_Resumo_FxHr_202608.html,Agosto_2026,monthly,2026-09-04T08:00:00
2026-08-24,20hs,41,60,Dados de Utilização do Transporte Municipal/Agosto_2026/Mensal/Mensal_Resumo_FxHr_202608.html,Agosto_2026,monthly,2026-09-04T08:00:00
2026-08-24,21hs,41,62,Dados de Utilização do Transporte Municipal/Agosto_2026/Mensal/Mensal_Resumo_FxHr_202608.html,Agosto_2026,monthly,2026-09-04T08:00:00
2026-08-24,22hs,31,53,Dados de Utilização do Transporte Municipal/Agosto_2026/Mensal/Mensal_Resumo_FxHr_202608.html,Agosto_2026,monthly,2026-09-04T08:00:00
2026-08-24,23hs,21,35,Dados de Utilização do Transporte Municipal/Agosto_2026/Mensal/Mensal_Resumo_FxHr_202608.html,Agosto_2026,monthly,2026-09-04T08:00:00
2026-08-24,4hs,12,15,Dados de Utilização do Transporte Municipal/Agosto_2026/Mensal/Mensal_Resumo_FxHr_202608.html,Agosto_2026,monthly,2026-09-04T08:00:00
2026-08-24,5hs,35,62,Dados de Utilização do Transporte Municipal/Agosto_2026/Mensal/Mensal_Resumo_FxHr_202608.html,Agosto_2026,monthly,2026-09-04T08:00:00
2026-08-24,6hs,47,84,Dados de Utilização do Transporte Municipal/Agosto_2026/Mensal/Mensal_Resumo_FxHr_202608.html,Agosto_2026,monthly,2026-09-04T08:00:00
2026-08-24,7hs,47,80,Dados de Utilização do Transporte Municipal/Agosto_2026/Mensal/Mensal_Resumo_FxHr_202608.html,Agosto_2026,monthly,2026-09-04T08:00:00
2026-08-24,8hs,47,76,Dados de Utilização do Transporte Municipal/Agosto_2026/Mensal/Mensal_Resumo_FxHr_202608.html,Agosto_2026,monthly,2026-09-04T08:00:00
2026-08-24,9hs,39,56,Dados de Utilização do Transporte Municipal/Agosto_2026/Mensal/Mensal_Resumo_FxHr_202608.html,Agosto_2026,monthly,2026-09-04T08:00:00
2026-08-25,0hs,5,7,Dados de Utilização do Transporte Municipal/Agosto_2026/Mensal/Mensal_Resumo_FxHr_202608.html,Agosto_2026,monthly,2026-09-04T08:00:00
2026-08-25,10hs,41,56,Dados de Utilização do Transporte Municipal/Agosto_2026/Mensal/Mensal_Resumo_FxHr_202608.html,Agosto_2026,monthly,2026-09-04T08:00:00
2026-08-25,11hs,44,67,Dados de Utilização do Transporte Municipal/Agosto_2026/Mensal/Mensal_Resumo_FxHr_202608.html,Agosto_2026,monthly,2026-09-04T08:00:00
2026-08-25,12hs,47,80,Dados de Utilização do Transporte Municipal/Agosto_2026/Mensal/Mensal_Resumo_FxHr_202608.html,Agosto_2026,monthly,2026-09-04T08:00:00
2026-08-25,13hs,46,68,Dados de Utilização do Transporte Municipal/Agosto_2026/Mensal/Mensal_Resumo_FxHr_202608.html,Agosto_2026,monthly,2026-09-04T08:00:00
2026-08-25,14hs,44,73,Dados de Utilização do Transporte Municipal/Agosto_2026/Mensal/Mensal_Resumo_FxHr_202608.html,Agosto_2026,monthly,2026-09-04T08:00:00
2026-08-25,15hs,47,68,Dados de Utilização do Transporte Municipal/Agosto_2026/Mensal/Mensal_Resumo_FxHr_202608.html,Agosto_2026,monthly,2026-09-04T08:00:00
2026-08-25,16hs,47,69,Dados de Utilização do Transporte Municipal/Agosto_2026/Mensal/Mensal_Resumo_FxHr_202608.html,Agosto_2026,monthly,2026-09-04T08:00:00
2026-08-25,17hs,47,76,Dados de Utilização do Transporte Municipal/Agosto_2026/Mensal/Mensal_Resumo_FxHr_202608.html,Agosto_2026,monthly,2026-09-04T08:00:00
2026-08-25,18hs,47,67,Dados de Utilização do Transporte Municipal/Agosto_2026/Mensal/Mensal_Resumo_FxHr_202608.html,Agosto_2026,monthly,2026-09-04T08:00:00
2026-08-25,19hs,43,63,Dados de Utilização do Transporte Municipal/Agosto_2026/Mensal/Mensal_Resumo_FxHr_202608.html,Agosto_2026,monthly,2026-09-04T08:00:00
2026-08-25,20hs,41,59,Dados de Utilização do Transporte Municipal/Agosto_2026/Mensal/Mensal_Resumo_FxHr_202608.html,Agosto_2026,monthly,2026-09-04T08:00:00
2026-08-25,21hs,41,63,Dados de Utilização do Transporte Municipal/Agosto_2026/Mensal/Mensal_Resumo_FxHr_202608.html,Agosto_2026,monthly,2026-09-04T08:00:00
2026-08-25,22hs,31,53,Dados de Utilização do Transporte Municipal/Agosto_2026/Mensal/Mensal_Resumo_FxHr_202608.html,Agosto_2026,monthly,2026-09-04T08:00:00
2026-08-25,23hs,21,35,Dados de Utilização do Transporte Municipal/Agosto_2026/Mensal/Mensal_Resumo_FxHr_202608.html,Agosto_2026,monthly,2026-09-04T08:00:00
2026-08-25,4hs,13,16,Dados de Utilização do Transporte Municipal/Agosto_2026/Mensal/Mensal_Resumo_FxHr_202608.html,Agosto_2026,monthly,2026-09-04T08:00:00
2026-08-25,5hs,35,62,Dados de Utilização do Transporte Municipal/Agosto_2026/Mensal/Mensal_Resumo_FxHr_202608.html,Agosto_2026,monthly,2026-09-04T08:00:00
2026-08-25,6hs,47,84,Dados de Utilização do Transporte Municipal/Agosto_2026/Mensal/Mensal_Resumo_FxHr_202608.html,Agosto_2026,monthly,2026-09-04T08:00:00
2026-08-25,7hs,47,78,Dados de Utilização do Transporte Municipal/Agosto_2026/Mensal/Mensal_Resumo_FxHr_202608.html,Agosto_2026,monthly,2026-09-04T08:00:00
2026-08-25,8hs,47,74,Dados de Utilização do Transporte Municipal/Agosto_2026/Mensal/Mensal_Resumo_FxHr_202608.html,Agosto_2026,monthly,2026-09-04T08:00:00
2026-08-25,9hs,41,60,Dados de Utilização do Transporte Municipal/Agosto_2026/Mensal/Mensal_Resumo_FxHr_202608.html,Agosto_2026,monthly,2026-09-04T08:00:00
2026-08-26,0hs,5,7,Dados de Utilização do Transporte Municipal/Agosto_2026/Mensal/Mensal_Resumo_FxHr_202608.html,Agosto_2026,monthly,2026-09-04T08:00:00
2026-08-26,10hs,41,57,Dados de Utilização do Transporte Municipal/Agosto_2026/Mensal/Mensal_Resumo_FxHr_202608.html,Agosto_2026,monthly,2026-09-04T08:00:00
2026-08-26,11hs,44,68,Dados de Utilização do Transporte Municipal/Agosto_2026/Mensal/Mensal_Resumo_FxHr_202608.html,Agosto_2026,monthly,2026-09-04T08:00:00
2026-08-26,12hs,47,78,Dados de Utilização do Transporte Municipal/Agosto_2026/Mensal/Mensal_Resumo_FxHr_202608.html,Agosto_2026,monthly,2026-09-04T08:00:00
2026-08-26,13hs,46,72,Dados de Utilização do Transporte Municipal/Agosto_2026/Mensal/Mensal_Resumo_FxHr_202608.html,Agosto_2026,monthly,2026-09-04T08:00:00
2026-08-26,14hs,44,73,Dados de Utilização do Transporte Municipal/Agosto_2026/Mensal/Mensal_Resumo_FxHr_202608.html,Agosto_2026,monthly,2026-09-04T08:00:00
2026-08-26,15hs,47,67,Dados de Utilização do Transporte Municipal/Agosto_2026/Mensal/Mensal_Resumo_FxHr_202608.html,Agosto_2026,monthly,2026-09-04T08:00:00
2026-08-26,16hs,47,70,Dados de Utilização do Transporte Municipal/Agosto_2026/Mensal/Mensal_Resumo_FxHr_202608.html,Agosto_2026,monthly,2026-09-04T08:00:00
2026-08-26,17hs,48,70,Dados de Utilização do Transporte Municipal/Agosto_2026/Mensal/Mensal_Resumo_FxHr_202608.html,Agosto_2026,monthly,2026-09-04T08:00:00
2026-08-26,18hs,47,68,Dados de Utilização do Transporte Municipal/Agosto_2026/Mensal/Mensal_Resumo_FxHr_202608.html,Agosto_2026,monthly,2026-09-04T08:00:00
2026-08-26,19hs,44,66,Dados de Utilização do Transporte Municipal/Agosto_2026/Mensal/Mensal_Resumo_FxHr_202608.html,Agosto_2026,monthly,2026-09-04T08:00:00
2026-08-26,20hs,42,61,Dados de Utilização do Transporte Municipal/Agosto_2026/Mensal/Mensal_Resumo_FxHr_202608.html,Agosto_2026,monthly,2026-09-04T08:00:00
2026-08-26,21hs,40,62,Dados de Utilização do Transporte Municipal/Agosto_2026/Mensal/Mensal_Resumo_FxHr_202608.html,Agosto_2026,monthly,2026-09-04T08:00:00
2026-08-26,22hs,31,53,Dados de Utilização do Transporte Municipal/Agosto_2026/Mensal/Mensal_Resumo_FxHr_202608.html,Agosto_2026,monthly,2026-09-04T08:00:00
2026-08-26,23hs,21,35,Dados de Utilização do Transporte Municipal/Agosto_2026/Mensal/Mensal_Resumo_FxHr_202608.html,Agosto_2026,monthly,2026-09-04T08:00:00
2026-08-26,4hs,14,17,Dados de Utilização do Transporte Municipal/Agosto_2026/Mensal/Mensal_Resumo_FxHr_202608.html,Agosto_2026,monthly,2026-09-04T08:00:00
2026-08-26,5hs,35,61,Dados de Utilização do Transporte Municipal/Agosto_2026/Mensal/Mensal_Resumo_FxHr_202608.html,Agosto_2026,monthly,2026-09-04T08:00:00
2026-08-26,6hs,47,83,Dados de Utilização do Transporte Municipal/Agosto_2026/Mensal/Mensal_Resumo_FxHr_202608.html,Agosto_2026,monthly,2026-09-04T08:00:00
2026-08-26,7hs,47,80,Dados de Utilização do Transporte Municipal/Agosto_2026/Mensal/Mensal_Resumo_FxHr_202608.html,Agosto_2026,monthly,2026-09-04T08:00:00
2026-08-26,8hs,47,72,Dados de Utilização do Transporte Municipal/Agosto_2026/Mensal/Mensal_Resumo_FxHr_202608.html,Agosto_2026,monthly,2026-09-04T08:00:00
2026-08-26,9hs,40,60,Dados de Utilização do Transporte Municipal/Agosto_2026/Mensal/Mensal_Resumo_FxHr_202608.html,Agosto_2026,monthly,2026-09-04T08:00:00
2026-08-27,0hs,5,7,Dados de Utilização do Transporte Municipal/Agosto_2026/Mensal/Mensal_Resumo_FxHr_202608.html,Agosto_2026,monthly,2026-09-04T08:00:00
2026-08-27,10hs,41,56,Dados de Utilização do Transporte Municipal/Agosto_2026/Mensal/Mensal_Resumo_FxHr_202608.html,Agosto_2026,monthly,2026-09-04T08:00:00
2026-08-27,11hs,44,68,Dados de Utilização do Transporte Municipal/Agosto_2026/Mensal/Mensal_Resumo_FxHr_202608.html,Agosto_2026,monthly,2026-09-04T08:00:00
2026-08-27,12hs,47,77,Dados de Utilização do Transporte Municipal/Agosto_2026/Mensal/Mensal_Resumo_FxHr_202608.html,Agosto_2026,monthly,2026-09-04T08:00:00
2026-08-27,13hs,47,75,Dados de Utilização do Transporte Municipal/Agosto_2026/Mensal/Mensal_Resumo_FxHr_202608.html,Agosto_2026,monthly,2026-09-04T08:00:00
2026-08-27,14hs,44,71,Dados de Utilização do Transporte Municipal/Agosto_2026/Mensal/Mensal_Resumo_FxHr_202608.html,Agosto_2026,monthly,2026-09-04T08:00:00
2026-08-27,15hs,47,68,Dados de Utilização do Transporte Municipal/Agosto_2026/Mensal/Mensal_Resumo_FxHr_202608.html,Agosto_2026,monthly,2026-09-04T08:00:00
2026-08-27,16hs,47,69,Dados de Utilização do Transporte Municipal/Agosto_2026/Mensal/Mensal_Resumo_FxHr_202608.html,Agosto_2026,monthly,2026-09-04T08:00:00
2026-08-27,17hs,47,68,Dados de Utilização do Transporte Municipal/Agosto_2026/Mensal/Mensal_Resumo_FxHr_202608.html,Agosto_2026,monthly,2026-09-04T08:00:00
2026-08-27,18hs,47,73,Dados de Utilização do Transporte Municipal/Agosto_2026/Mensal/Mensal_Resumo_FxHr_202608.html,Agosto_2026,monthly,2026-09-04T08:00:00
2026-08-27,19hs,44,63,Dados de Utilização do Transporte Municipal/Agosto_2026/Mensal/Mensal_Resumo_FxHr_202608.html,Agosto_2026,monthly,2026-09-04T08:00:00
2026-08-27,20hs,42,61,Dados de Utilização do Transporte Municipal/Agosto_2026/Mensal/Mensal_Resumo_FxHr_202608.html,Agosto_2026,monthly,2026-09-04T08:00:00
2026-08-27,21hs,40,62,Dados de Utilização do Transporte Municipal/Agosto_2026/Mensal/Mensal_Resumo_FxHr_202608.html,Agosto_2026,monthly,2026-09-04T08:00:00
2026-08-27,22hs,31,53,Dados de Utilização do Transporte Municipal/Agosto_2026/Mensal/Mensal_Resumo_FxHr_202608.html,Agosto_2026,monthly,2026-09-04T08:00:00
2026-08-27,23hs,21,35,Dados de Utilização do Transporte Municipal/Agosto_2026/Mensal/Mensal_Resumo_FxHr_202608.html,Agosto_2026,monthly,2026-09-04T08:00:00
2026-08-27,4hs,14,17,Dados de Utilização do Transporte Municipal/Agosto_2026/Mensal/Mensal_Resumo_FxHr_202608.html,Agosto_2026,monthly,2026-09-04T08:00:00
2026-08-27,5hs,35,60,Dados de Utilização do Transporte Municipal/Agosto_2026/Mensal/Mensal_Resumo_FxHr_202608.html,Agosto_2026,monthly,2026-09-04T08:00:00
2026-08-27,6hs,47,85,Dados de Utilização do Transporte Municipal/Agosto_2026/Mensal/Mensal_Resumo_FxHr_202608.html,Agosto_2026,monthly,2026-09-04T08:00:00
2026-08-27,7hs,47,76,Dados de Utilização do Transporte Municipal/Agosto_2026/Mensal/Mensal_Resumo_FxHr_202608.html,Agosto_2026,monthly,2026-09-04T08:00:00
2026-08-27,8hs,47,76,Dados de Utilização do Transporte Municipal/Agosto_2026/Mensal/Mensal_Resumo_FxHr_202608.html,Agosto_2026,monthly,2026-09-04T08:00:00
2026-08-27,9hs,41,60,Dados de Utilização do Transporte Municipal/Agosto_2026/Mensal/Mensal_Resumo_FxHr_202608.html,Agosto_2026,monthly,2026-09-04T08:00:00
2026-08-28,0hs,5,7,Dados de Utilização do Transporte Municipal/Agosto_2026/Mensal/Mensal_Resumo_FxHr_202608.html,Agosto_2026,monthly,2026-09-04T08:00:00
2026-08-28,10hs,41,56,Dados de Utilização do Transporte Municipal/Agosto_2026/Mensal/Mensal_Resumo_FxHr_202608.html,Agosto_2026,monthly,2026-09-04T08:00:00
2026-08-28,11hs,44,65,Dados de Utilização do Transporte Municipal/Agosto_2026/Mensal/Mensal_Resumo_FxHr_202608.html,Agosto_2026,monthly,2026-09-04T08:00:00
2026-08-28,12hs,47,80,Dados de Utilização do Transporte Municipal/Agosto_2026/Mensal/Mensal_Resumo_FxHr_202608.html,Agosto_2026,monthly,2026-09-04T08:00:00
2026-08-28,13hs,45,72,Dados de Utilização do Transporte Municipal/Agosto_2026/Mensal/Mensal_Resumo_FxHr_202608.html,Agosto_2026,monthly,2026-09-04T08:00:00
2026-08-28,14hs,45,72,Dados de Utilização do Transporte Municipal/Agosto_2026/Mensal/Mensal_Resumo_FxHr_202608.html,Agosto_2026,monthly,2026-09-04T08:00:00
2026-08-28,15hs,47,69,Dados de Utilização do Transporte Municipal/Agosto_2026/Mensal/Mensal_Resumo_FxHr_202608.html,Agosto_2026,monthly,2026-09-04T08:00:00
2026-08-28,16hs,47,68,Dados de Utilização do Transporte Municipal/Agosto_2026/Mensal/Mensal_Resumo_FxHr_202608.html,Agosto_2026,monthly,2026-09-04T08:00:00
2026-08-28,17hs,47,74,Dados de Utilização do Transporte Municipal/Agosto_2026/Mensal/Mensal_Resumo_FxHr_202608.html,Agosto_2026,monthly,2026-09-04T08:00:00
2026-08-28,18hs,47,67,Dados de Utilização do Transporte Municipal/Agosto_2026/Mensal/Mensal_Resumo_FxHr_202608.html,Agosto_2026,monthly,2026-09-04T08:00:00
2026-08-28,19hs,45,65,Dados de Utilização do Transporte Municipal/Agosto_2026/Mensal/Mensal_Resumo_FxHr_202608.html,Agosto_2026,monthly,2026-09-04T08:00:00
2026-08-28,20hs,42,60,Dados de Utilização do Transporte Municipal/Agosto_2026/Mensal/Mensal_Resumo_FxHr_202608.html,Agosto_2026,monthly,2026-09-04T08:00:00
2026-08-28,21hs,40,62,Dados de Utilização do Transporte Municipal/Agosto_2026/Mensal/Mensal_Resumo_FxHr_202608.html,Agosto_2026,monthly,2026-09-04T08:00:00
2026-08-28,22hs,31,53,Dados de Utilização do Transporte Municipal/Agosto_2026/Mensal/Mensal_Resumo_FxHr_202608.html,Agosto_2026,monthly,2026-09-04T08:00:00
2026-08-28,23hs,21,35,Dados de Utilização do Transporte Municipal/Agosto_2026/Mensal/Mensal_Resumo_FxHr_202608.html,Agosto_2026,monthly,2026-09-04T08:00:00
2026-08-28,4hs,13,16,Dados de Utilização do Transporte Municipal/Agosto_2026/Mensal/Mensal_Resumo_FxHr_202608.html,Agosto_2026,monthly,2026-09-04T08:00:00
2026-08-28,5hs,35,61,Dados de Utilização do Transporte Municipal/Agosto_2026/Mensal/Mensal_Resumo_FxHr_202608.html,Agosto_2026,monthly,2026-09-04T08:00:00
2026-08-28,6hs,47,85,Dados de Utilização do Transporte Municipal/Agosto_2026/Mensal/Mensal_Resumo_FxHr_202608.html,Agosto_2026,monthly,2026-09-04T08:00:00
2026-08-28,7hs,47,79,Dados de Utilização do Transporte Municipal/Agosto_2026/Mensal/Mensal_Resumo_FxHr_202608.html,Agosto_2026,monthly,2026-09-04T08:00:00
2026-08-28,8hs,47,74,Dados de Utilização do Transporte Municipal/Agosto_2026/Mensal/Mensal_Resumo_FxHr_202608.html,Agosto_2026,monthly,2026-09-04T08:00:00
2026-08-28,9hs,40,59,Dados de Utilização do Transporte Municipal/Agosto_2026/Mensal/Mensal_Resumo_FxHr_202608.html,Agosto_2026,monthly,2026-09-04T08:00:00
2026-08-29,0hs,3,3,Dados de Utilização do Transporte Municipal/Agosto_2026/Mensal/Mensal_Resumo_FxHr_202608.html,Agosto_2026,monthly,2026-09-04T08:00:00
2026-08-29,10hs,30,43,Dados de Utilização do Transporte Municipal/Agosto_2026/Mensal/Mensal_Resumo_FxHr_202608.html,Agosto_2026,monthly,2026-09-04T08:00:00
2026-08-29,11hs,34,54,Dados de Utilização do Transporte Municipal/Agosto_2026/Mensal/Mensal_Resumo_FxHr_202608.html,Agosto_2026,monthly,2026-09-04T08:00:00
2026-08-29,12hs,35,55,Dados de Utilização do Transporte Municipal/Agosto_2026/Mensal/Mensal_Resumo_FxHr_202608.html,Agosto_2026,monthly,2026-09-04T08:00:00
2026-08-29,13hs,29,52,Dados de Utilização do Transporte Municipal/Agosto_2026/Mensal/Mensal_Resumo_FxHr_202608.html,Agosto_2026,monthly,2026-09-04T08:00:00
2026-08-29,14hs,30,43,Dados de Utilização do Transporte Municipal/Agosto_2026/Mensal/Mensal_Resumo_FxHr_202608.html,Agosto_2026,monthly,2026-09-04T08:00:00
2026-08-29,15hs,33,45,Dados de Utilização do Transporte Municipal/Agosto_2026/Mensal/Mensal_Resumo_FxHr_202608.html,Agosto_2026,monthly,2026-09-04T08:00:00
2026-08-29,16hs,32,53,Dados de Utilização do Transporte Municipal/Agosto_2026/Mensal/Mensal_Resumo_FxHr_202608.html,Agosto_2026,monthly,2026-09-04T08:00:00
2026-08-29,17hs,31,50,Dados de Utilização do Transporte Municipal/Agosto_2026/Mensal/Mensal_Resumo_FxHr_202608.html,Agosto_2026,monthly,2026-09-04T08:00:00
2026-08-29,18hs,31,47,Dados de Utilização do Transporte Municipal/Agosto_2026/Mensal/Mensal_Resumo_FxHr_202608.html,Agosto_2026,monthly,2026-09-04T08:00:00
2026-08-29,19hs,29,42,Dados de Utilização do Transporte Municipal/Agosto_2026/Mensal/Mensal_Resumo_FxHr_202608.html,Agosto_2026,monthly,2026-09-04T08:00:00
2026-08-29,20hs,26,40,Dados de Utilização do Transporte Municipal/Agosto_2026/Mensal/Mensal_Resumo_FxHr_202608.html,Agosto_2026,monthly,2026-09-04T08:00:00
2026-08-29,21hs,30,49,Dados de Utilização do Transporte Municipal/Agosto_2026/Mensal/Mensal_Resumo_FxHr_202608.html,Agosto_2026,monthly,2026-09-04T08:00:00
2026-08-29,22hs,20,41,Dados de Utilização do Transporte Municipal/Agosto_2026/Mensal/Mensal_Resumo_FxHr_202608.html,Agosto_2026,monthly,2026-09-04T08:00:00
2026-08-29,23hs,16,28,Dados de Utilização do Transporte Municipal/Agosto_2026/Mensal/Mensal_Resumo_FxHr_202608.html,Agosto_2026,monthly,2026-09-04T08:00:00
2026-08-29,4hs,10,13,Dados de Utilização do Transporte Municipal/Agosto_2026/Mensal/Mensal_Resumo_FxHr_202608.html,Agosto_2026,monthly,2026-09-04T08:00:00
2026-08-29,5hs,22,45,Dados de Utilização do Transporte Municipal/Agosto_2026/Mensal/Mensal_Resumo_FxHr_202608.html,Agosto_2026,monthly,2026-09-04T08:00:00
2026-08-29,6hs,31,58,Dados de Utilização do Transporte Municipal/Agosto_2026/Mensal/Mensal_Resumo_FxHr_202608.html,Agosto_2026,monthly,2026-09-04T08:00:00
2026-08-29,7hs,34,59,Dados de Utilização do Transporte Municipal/Agosto_2026/Mensal/Mensal_Resumo_FxHr_202608.html,Agosto_2026,monthly,2026-09-04T08:00:00
2026-08-29,8hs,32,53,Dados de Utilização do Transporte Municipal/Agosto_2026/Mensal/Mensal_Resumo_FxHr_202608.html,Agosto_2026,monthly,2026-09-04T08:00:00
2026-08-29,9hs,31,47,Dados de Utilização do Transporte Municipal/Agosto_2026/Mensal/Mensal_Resumo_FxHr_202608.html,Agosto_2026,monthly,2026-09-04T08:00:00
2026-08-30,0hs,3,3,Dados de Utilização do Transporte Municipal/Agosto_2026/Mensal/Mensal_Resumo_FxHr_202608.html,Agosto_2026,monthly,2026-09-04T08:00:00
2026-08-30,10hs,21,33,Dados de Utilização do Transporte Municipal/Agosto_2026/Mensal/Mensal_Resumo_FxHr_202608.html,Agosto_2026,monthly,2026-09-04T08:00:00
2026-08-30,11hs,21,37,Dados de Utilização do Transporte Municipal/Agosto_2026/Mensal/Mensal_Resumo_FxHr_202608.html,Agosto_2026,monthly,2026-09-04T08:00:00
2026-08-30,12hs,21,43,Dados de Utilização do Transporte Municipal/Agosto_2026/Mensal/Mensal_Resumo_FxHr_202608.html,Agosto_2026,monthly,2026-09-04T08:00:00
2026-08-30,13hs,23,39,Dados de Utilização do Transporte Municipal/Agosto_2026/Mensal/Mensal_Resumo_FxHr_202608.html,Agosto_2026,monthly,2026-09-04T08:00:00
2026-08-30,14hs,21,35,Dados de Utilização do Transporte Municipal/Agosto_2026/Mensal/Mensal_Resumo_FxHr_202608.html,Agosto_2026,monthly,2026-09-04T08:00:00
2026-08-30,15hs,20,39,Dados de Utilização do Transporte Municipal/Agosto_2026/Mensal/Mensal_Resumo_FxHr_202608.html,Agosto_2026,monthly,2026-09-04T08:00:00
2026-08-30,16hs,21,40,Dados de Utilização do Transporte Municipal/Agosto_2026/Mensal/Mensal_Resumo_FxHr_202608.html,Agosto_2026,monthly,2026-09-04T08:00:00
2026-08-30,17hs,21,46,Dados de Utilização do Transporte Municipal/Agosto_2026/Mensal/Mensal_Resumo_FxHr_202608.html,Agosto_2026,monthly,2026-09-04T08:00:00
2026-08-30,18hs,21,32,Dados de Utilização do Transporte Municipal/Agosto_2026/Mensal/Mensal_Resumo_FxHr_202608.html,Agosto_2026,monthly,2026-09-04T08:00:00
2026-08-30,19hs,21,35,Dados de Utilização do Transporte Municipal/Agosto_2026/Mensal/Mensal_Resumo_FxHr_202608.html,Agosto_2026,monthly,2026-09-04T08:00:00
2026-08-30,20hs,20,39,Dados de Utilização do Transporte Municipal/Agosto_2026/Mensal/Mensal_Resumo_FxHr_202608.html,Agosto_2026,monthly,2026-09-04T08:00:00
2026-08-30,21hs,20,36,Dados de Utilização do Transporte Municipal/Agosto_2026/Mensal/Mensal_Resumo_FxHr_202608.html,Agosto_2026,monthly,2026-09-04T08:00:00
2026-08-30,22hs,14,29,Dados de Utilização do Transporte Municipal/Agosto_2026/Mensal/Mensal_Resumo_FxHr_202608.html,Agosto_2026,monthly,2026-09-04T08:00:00
2026-08-30,23hs,10,17,Dados de Utilização do Transporte Municipal/Agosto_2026/Mensal/Mensal_Resumo_FxHr_202608.html,Agosto_2026,monthly,2026-09-04T08:00:00
2026-08-30,4hs,8,9,Dados de Utilização do Transporte Municipal/Agosto_2026/Mensal/Mensal_Resumo_FxHr_202608.html,Agosto_2026,monthly,2026-09-04T08:00:00
2026-08-30,5hs,17,39,Dados de Utilização do Transporte Municipal/Agosto_2026/Mensal/Mensal_Resumo_FxHr_202608.html,Agosto_2026,monthly,2026-09-04T08:00:00
2026-08-30,6hs,21,41,Dados de Utilização do Transporte Municipal/Agosto_2026/Mensal/Mensal_Resumo_FxHr_202608.html,Agosto_2026,monthly,2026-09-04T08:00:00
2026-08-30,7hs,21,43,Dados de Utilização do Transporte Municipal/Agosto_2026/Mensal/Mensal_Resumo_FxHr_202608.html,Agosto_2026,monthly,2026-09-04T08:00:00
2026-08-30,8hs,20,38,Dados de Utilização do Transporte Municipal/Agosto_2026/Mensal/Mensal_Resumo_FxHr_202608.html,Agosto_2026,monthly,2026-09-04T08:00:00
2026-08-30,9hs,19,35,Dados de Utilização do Transporte Municipal/Agosto_2026/Mensal/Mensal_Resumo_FxHr_202608.html,Agosto_2026,monthly,2026-09-04T08:00:00
2026-08-31,0hs,5,7,Dados de Utilização do Transporte Municipal/Agosto_2026/Mensal/Mensal_Resumo_FxHr_202608.html,Agosto_2026,monthly,2026-09-04T08:00:00
2026-08-31,10hs,41,57,Dados de Utilização do Transporte Municipal/Agosto_2026/Mensal/Mensal_Resumo_FxHr_202608.html,Agosto_2026,monthly,2026-09-04T08:00:00
2026-08-31,11hs,44,68,Dados de Utilização do Transporte Municipal/Agosto_2026/Mensal/Mensal_Resumo_FxHr_202608.html,Agosto_2026,monthly,2026-09-04T08:00:00
2026-08-31,12hs,47,79,Dados de Utilização do Transporte Municipal/Agosto_2026/Mensal/Mensal_Resumo_FxHr_202608.html,Agosto_2026,monthly,2026-09-04T08:00:00
2026-08-31,13hs,45,70,Dados de Utilização do Transporte Municipal/Agosto_2026/Mensal/Mensal_Resumo_FxHr_202608.html,Agosto_2026,monthly,2026-09-04T08:00:00
2026-08-31,14hs,44,73,Dados de Utilização do Transporte Municipal/Agosto_2026/Mensal/Mensal_Resumo_FxHr_202608.html,Agosto_2026,monthly,2026-09-04T08:00:00
2026-08-31,15hs,47,68,Dados de Utilização do Transporte Municipal/Agosto_2026/Mensal/Mensal_Resumo_FxHr_202608.html,Agosto_2026,monthly,2026-09-04T08:00:00
2026-08-31,16hs,47,69,Dados de Utilização do Transporte Municipal/Agosto_2026/Mensal/Mensal_Resumo_FxHr_202608.html,Agosto_2026,monthly,2026-09-04T08:00:00
2026-08-31,17hs,47,74,Dados de Utilização do Transporte Municipal/Agosto_2026/Mensal/Mensal_Resumo_FxHr_202608.html,Agosto_2026,monthly,2026-09-04T08:00:00
2026-08-31,18hs,47,70,Dados de Utilização do Transporte Municipal/Agosto_2026/Mensal/Mensal_Resumo_FxHr_202608.html,Agosto_2026,monthly,2026-09-04T08:00:00
2026-08-31,19hs,43,62,Dados de Utilização do Transporte Municipal/Agosto_2026/Mensal/Mensal_Resumo_FxHr_202608.html,Agosto_2026,monthly,2026-09-04T08:00:00
2026-08-31,20hs,41,60,Dados de Utilização do Transporte Municipal/Agosto_2026/Mensal/Mensal_Resumo_FxHr_202608.html,Agosto_2026,monthly,2026-09-04T08:00:00
2026-08-31,21hs,41,62,Dados de Utilização do Transporte Municipal/Agosto_2026/Mensal/Mensal_Resumo_FxHr_202608.html,Agosto_2026,monthly,2026-09-04T08:00:00
2026-08-31,22hs,31,53,Dados de Utilização do Transporte Municipal/Agosto_2026/Mensal/Mensal_Resumo_FxHr_202608.html,Agosto_2026,monthly,2026-09-04T08:00:00
2026-08-31,23hs,21,35,Dados de Utilização do Transporte Municipal/Agosto_2026/Mensal/Mensal_Resumo_FxHr_202608.html,Agosto_2026,monthly,2026-09-04T08:00:00
2026-08-31,4hs,12,15,Dados de Utilização do Transporte Municipal/Agosto_2026/Mensal/Mensal_Resumo_FxHr_202608.html,Agosto_2026,monthly,2026-09-04T08:00:00
2026-08-31,5hs,35,63,Dados de Utilização do Transporte Municipal/Agosto_2026/Mensal/Mensal_Resumo_FxHr_202608.html,Agosto_2026,monthly,2026-09-04T08:00:00
2026-08-31,6hs,47,81,Dados de Utilização do Transporte Municipal/Agosto_2026/Mensal/Mensal_Resumo_FxHr_202608.html,Agosto_2026,monthly,2026-09-04T08:00:00
2026-08-31,7hs,47,80,Dados de Utilização do Transporte Municipal/Agosto_2026/Mensal/Mensal_Resumo_FxHr_202608.html,Agosto_2026,monthly,2026-09-04T08:00:00
2026-08-31,8hs,47,76,Dados de Utilização do Transporte Municipal/Agosto_2026/Mensal/Mensal_Resumo_FxHr_202608.html,Agosto_2026,monthly,2026-09-04T08:00:00
2026-08-31,9hs,39,58,Dados de Utilização do Transporte Municipal/Agosto_2026/Mensal/Mensal_Resumo_FxHr_202608.html,Agosto_2026,monthly,2026-09-04T08:00:00
2026-09-01,0hs,5,7,Dados de Utilização do Transporte Municipal/Setembro_2026/Quinzenal/Quinzenal_Resumo_FxHr_202609.html,Setembro_2026,fortnightly,2026-09-15T08:00:00
2026-09-01,10hs,42,62,Dados de Utilização do Transporte Municipal/Setembro_2026/Quinzenal/Quinzenal_Resumo_FxHr_202609.html,Setembro_2026,fortnightly,2026-09-15T08:00:00
2026-09-01,11hs,44,65,Dados de Utilização do Transporte Municipal/Setembro_2026/Quinzenal/Quinzenal_Resumo_FxHr_202609.html,Setembro_2026,fortnightly,2026-09-15T08:00:00
2026-09-01,12hs,47,82,Dados de Utilização do Transporte Municipal/Setembro_2026/Quinzenal/Quinzenal_Resumo_FxHr_202609.html,Setembro_2026,fortnightly,2026-09-15T08:00:00
2026-09-01,13hs,45,70,Dados de Utilização do Transporte Municipal/Setembro_2026/Quinzenal/Quinzenal_Resumo_FxHr_202609.html,Setembro_2026,fortnightly,2026-09-15T08:00:00
2026-09-01,14hs,44,73,Dados de Utilização do Transporte Municipal/Setembro_2026/Quinzenal/Quinzenal_Resumo_FxHr_202609.html,Setembro_2026,fortnightly,2026-09-15T08:00:00
2026-09-01,15hs,47,70,Dados de Utilização do Transporte Municipal/Setembro_2026/Quinzenal/Quinzenal_Resumo_FxHr_202609.html,Setembro_2026,fortnightly,2026-09-15T08:00:00
2026-09-01,16hs,46,68,Dados de Utilização do Transporte Municipal/Setembro_2026/Quinzenal/Quinzenal_Resumo_FxHr_202609.html,Setembro_2026,fortnightly,2026-09-15T08:00:00
2026-09-01,17hs,47,74,Dados de Utilização do Transporte Municipal/Setembro_2026/Quinzenal/Quinzenal_Resumo_FxHr_202609.html,Setembro_2026,fortnightly,2026-09-15T08:00:00
2026-09-01,18hs,47,66,Dados de Utilização do Transporte Municipal/Setembro_2026/Quinzenal/Quinzenal_Resumo_FxHr_202609.html,Setembro_2026,fortnightly,2026-09-15T08:00:00
2026-09-01,19hs,43,65,Dados de Utilização do Transporte Municipal/Setembro_2026/Quinzenal/Quinzenal_Resumo_FxHr_202609.html,Setembro_2026,fortnightly,2026-09-15T08:00:00
2026-09-01,20hs,41,60,Dados de Utilização do Transporte Municipal/Setembro_2026/Quinzenal/Quinzenal_Resumo_FxHr_202609.html,Setembro_2026,fortnightly,2026-09-15T08:00:00
2026-09-01,21hs,41,63,Dados de Utilização do Transporte Municipal/Setembro_2026/Quinzenal/Quinzenal_Resumo_FxHr_202609.html,Setembro_2026,fortnightly,2026-09-15T08:00:00
2026-09-01,22hs,31,53,Dados de Utilização do Transporte Municipal/Setembro_2026/Quinzenal/Quinzenal_Resumo_FxHr_202609.html,Setembro_2026,fortnightly,2026-09-15T08:00:00
2026-09-01,23hs,21,34,Dados de Utilização do Transporte Municipal/Setembro_2026/Quinzenal/Quinzenal_Resumo_FxHr_202609.html,Setembro_2026,fortnightly,2026-09-15T08:00:00
2026-09-01,4hs,12,15,Dados de Utilização do Transporte Municipal/Setembro_2026/Quinzenal/Quinzenal_Resumo_FxHr_202609.html,Setembro_2026,fortnightly,2026-09-15T08:00:00
2026-09-01,5hs,35,61,Dados de Utilização do Transporte Municipal/Setembro_2026/Quinzenal/Quinzenal_Resumo_FxHr_202609.html,Setembro_2026,fortnightly,2026-09-15T08:00:00
2026-09-01,6hs,47,86,Dados de Utilização do Transporte Municipal/Setembro_2026/Quinzenal/Quinzenal_Resumo_FxHr_202609.html,Setembro_2026,fortnightly,2026-09-15T08:00:00
2026-09-01,7hs,47,69,Dados de Utilização do Transporte Municipal/Setembro_2026/Quinzenal/Quinzenal_Resumo_FxHr_202609.html,Setembro_2026,fortnightly,2026-09-15T08:00:00
2026-09-01,8hs,47,75,Dados de Utilização do Transporte Municipal/Setembro_2026/Quinzenal/Quinzenal_Resumo_FxHr_202609.html,Setembro_2026,fortnightly,2026-09-15T08:00:00
2026-09-01,9hs,39,62,Dados de Utilização do Transporte Municipal/Setembro_2026/Quinzenal/Quinzenal_Resumo_FxHr_202609.html,Setembro_2026,fortnightly,2026-09-15T08:00:00
2026-09-02,0hs,5,7,Dados de Utilização do Transporte Municipal/Setembro_2026/Quinzenal/Quinzenal_Resumo_FxHr_202609.html,Setembro_2026,fortnightly,2026-09-15T08:00:00
2026-09-02,10hs,41,56,Dados de Utilização do Transporte Municipal/Setembro_2026/Quinzenal/Quinzenal_Resumo_FxHr_202609.html,Setembro_2026,fortnightly,2026-09-15T08:00:00
2026-09-02,11hs,44,67,Dados de Utilização do Transporte Municipal/Setembro_2026/Quinzenal/Quinzenal_Resumo_FxHr_202609.html,Setembro_2026,fortnightly,2026-09-15T08:00:00
2026-09-02,12hs,47,77,Dados de Utilização do Transporte Municipal/Setembro_2026/Quinzenal/Quinzenal_Resumo_FxHr_202609.html,Setembro_2026,fortnightly,2026-09-15T08:00:00
2026-09-02,13hs,45,73,Dados de Utilização do Transporte Municipal/Setembro_2026/Quinzenal/Quinzenal_Resumo_FxHr_202609.html,Setembro_2026,fortnightly,2026-09-15T08:00:00
2026-09-02,14hs,44,72,Dados de Utilização do Transporte Municipal/Setembro_2026/Quinzenal/Quinzenal_Resumo_FxHr_202609.html,Setembro_2026,fortnightly,2026-09-15T08:00:00
2026-09-02,15hs,47,69,Dados de Utilização do Transporte Municipal/Setembro_2026/Quinzenal/Quinzenal_Resumo_FxHr_202609.html,Setembro_2026,fortnightly,2026-09-15T08:00:00
2026-09-02,16hs,47,68,Dados de Utilização do Transporte Municipal/Setembro_2026/Quinzenal/Quinzenal_Resumo_FxHr_202609.html,Setembro_2026,fortnightly,2026-09-15T08:00:00
2026-09-02,17hs,47,73,Dados de Utilização do Transporte Municipal/Setembro_2026/Quinzenal/Quinzenal_Resumo_FxHr_202609.html,Setembro_2026,fortnightly,2026-09-15T08:00:00
2026-09-02,18hs,46,62,Dados de Utilização do Transporte Municipal/Setembro_2026/Quinzenal/Quinzenal_Resumo_FxHr_202609.html,Setembro_2026,fortnightly,2026-09-15T08:00:00
2026-09-02,19hs,45,65,Dados de Utilização do Transporte Municipal/Setembro_2026/Quinzenal/Quinzenal_Resumo_FxHr_202609.html,Setembro_2026,fortnightly,2026-09-15T08:00:00
2026-09-02,20hs,42,63,Dados de Utilização do Transporte Municipal/Setembro_2026/Quinzenal/Quinzenal_Resumo_FxHr_202609.html,Setembro_2026,fortnightly,2026-09-15T08:00:00
2026-09-02,21hs,40,65,Dados de Utilização do Transporte Municipal/Setembro_2026/Quinzenal/Quinzenal_Resumo_FxHr_202609.html,Setembro_2026,fortnightly,2026-09-15T08:00:00
2026-09-02,22hs,30,51,Dados de Utilização do Transporte Municipal/Setembro_2026/Quinzenal/Quinzenal_Resumo_FxHr_202609.html,Setembro_2026,fortnightly,2026-09-15T08:00:00
2026-09-02,23hs,21,35,Dados de Utilização do Transporte Municipal/Setembro_2026/Quinzenal/Quinzenal_Resumo_FxHr_202609.html,Setembro_2026,fortnightly,2026-09-15T08:00:00
2026-09-02,4hs,12,15,Dados de Utilização do Transporte Municipal/Setembro_2026/Quinzenal/Quinzenal_Resumo_FxHr_202609.html,Setembro_2026,fortnightly,2026-09-15T08:00:00
2026-09-02,5hs,35,64,Dados de Utilização do Transporte Municipal/Setembro_2026/Quinzenal/Quinzenal_Resumo_FxHr_202609.html,Setembro_2026,fortnightly,2026-09-15T08:00:00
2026-09-02,6hs,47,83,Dados de Utilização do Transporte Municipal/Setembro_2026/Quinzenal/Quinzenal_Resumo_FxHr_202609.html,Setembro_2026,fortnightly,2026-09-15T08:00:00
2026-09-02,7hs,47,73,Dados de Utilização do Transporte Municipal/Setembro_2026/Quinzenal/Quinzenal_Resumo_FxHr_202609.html,Setembro_2026,fortnightly,2026-09-15T08:00:00
2026-09-02,8hs,47,80,Dados de Utilização do Transporte Municipal/Setembro_2026/Quinzenal/Quinzenal_Resumo_FxHr_202609.html,Setembro_2026,fortnightly,2026-09-15T08:00:00
2026-09-02,9hs,40,59,Dados de Utilização do Transporte Municipal/Setembro_2026/Quinzenal/Quinzenal_Resumo_FxHr_202609.html,Setembro_2026,fortnightly,2026-09-15T08:00:00
2026-09-03,0hs,5,7,Dados de Utilização do Transporte Municipal/Setembro_2026/Quinzenal/Quinzenal_Resumo_FxHr_202609.html,Setembro_2026,fortnightly,2026-09-15T08:00:00
2026-09-03,10hs,41,58,Dados de Utilização do Transporte Municipal/Setembro_2026/Quinzenal/Quinzenal_Resumo_FxHr_202609.html,Setembro_2026,fortnightly,2026-09-15T08:00:00
2026-09-03,11hs,44,65,Dados de Utilização do Transporte Municipal/Setembro_2026/Quinzenal/Quinzenal_Resumo_FxHr_202609.html,Setembro_2026,fortnightly,2026-09-15T08:00:00
2026-09-03,12hs,47,81,Dados de Utilização do Transporte Municipal/Setembro_2026/Quinzenal/Quinzenal_Resumo_FxHr_202609.html,Setembro_2026,fortnightly,2026-09-15T08:00:00
2026-09-03,13hs,45,72,Dados de Utilização do Transporte Municipal/Setembro_2026/Quinzenal/Quinzenal_Resumo_FxHr_202609.html,Setembro_2026,fortnightly,2026-09-15T08:00:00
2026-09-03,14hs,45,72,Dados de Utilização do Transporte Municipal/Setembro_2026/Quinzenal/Quinzenal_Resumo_FxHr_202609.html,Setembro_2026,fortnightly,2026-09-15T08:00:00
2026-09-03,15hs,47,69,Dados de Utilização do Transporte Municipal/Setembro_2026/Quinzenal/Quinzenal_Resumo_FxHr_202609.html,Setembro_2026,fortnightly,2026-09-15T08:00:00
2026-09-03,16hs,47,68,Dados de Utilização do Transporte Municipal/Setembro_2026/Quinzenal/Quinzenal_Resumo_FxHr_202609.html,Setembro_2026,fortnightly,2026-09-15T08:00:00
2026-09-03,17hs,47,72,Dados de Utilização do Transporte Municipal/Setembro_2026/Quinzenal/Quinzenal_Resumo_FxHr_202609.html,Setembro_2026,fortnightly,2026-09-15T08:00:00
2026-09-03,18hs,47,67,Dados de Utilização do Transporte Municipal/Setembro_2026/Quinzenal/Quinzenal_Resumo_FxHr_202609.html,Setembro_2026,fortnightly,2026-09-15T08:00:00
2026-09-03,19hs,43,65,Dados de Utilização do Transporte Municipal/Setembro_2026/Quinzenal/Quinzenal_Resumo_FxHr_202609.html,Setembro_2026,fortnightly,2026-09-15T08:00:00
2026-09-03,20hs,44,62,Dados de Utilização do Transporte Municipal/Setembro_2026/Quinzenal/Quinzenal_Resumo_FxHr_202609.html,Setembro_2026,fortnightly,2026-09-15T08:00:00
2026-09-03,21hs,41,64,Dados de Utilização do Transporte Municipal/Setembro_2026/Quinzenal/Quinzenal_Resumo_FxHr_202609.html,Setembro_2026,fortnightly,2026-09-15T08:00:00
2026-09-03,22hs,30,50,Dados de Utilização do Transporte Municipal/Setembro_2026/Quinzenal/Quinzenal_Resumo_FxHr_202609.html,Setembro_2026,fortnightly,2026-09-15T08:00:00
2026-09-03,23hs,21,35,Dados de Utilização do Transporte Municipal/Setembro_2026/Quinzenal/Quinzenal_Resumo_FxHr_202609.html,Setembro_2026,fortnightly,2026-09-15T08:00:00
2026-09-03,4hs,13,16,Dados de Utilização do Transporte Municipal/Setembro_2026/Quinzenal/Quinzenal_Resumo_FxHr_202609.html,Setembro_2026,fortnightly,2026-09-15T08:00:00
2026-09-03,5hs,35,61,Dados de Utilização do Transporte Municipal/Setembro_2026/Quinzenal/Quinzenal_Resumo_FxHr_202609.html,Setembro_2026,fortnightly,2026-09-15T08:00:00
2026-09-03,6hs,47,84,Dados de Utilização do Transporte Municipal/Setembro_2026/Quinzenal/Quinzenal_Resumo_FxHr_202609.html,Setembro_2026,fortnightly,2026-09-15T08:00:00
2026-09-03,7hs,47,77,Dados de Utilização do Transporte Municipal/Setembro_2026/Quinzenal/Quinzenal_Resumo_FxHr_202609.html,Setembro_2026,fortnightly,2026-09-15T08:00:00
2026-09-03,8hs,47,78,Dados de Utilização do Transporte Municipal/Setembro_2026/Quinzenal/Quinzenal_Resumo_FxHr_202609.html,Setembro_2026,fortnightly,2026-09-15T08:00:00
2026-09-03,9hs,37,56,Dados de Utilização do Transporte Municipal/Setembro_2026/Quinzenal/Quinzenal_Resumo_FxHr_202609.html,Setembro_2026,fortnightly,2026-09-15T08:00:00
2026-09-04,0hs,5,7,Dados de Utilização do Transporte Municipal/Setembro_2026/Quinzenal/Quinzenal_Resumo_FxHr_202609.html,Setembro_2026,fortnightly,2026-09-15T08:00:00
2026-09-04,10hs,41,56,Dados de Utilização do Transporte Municipal/Setembro_2026/Quinzenal/Quinzenal_Resumo_FxHr_202609.html,Setembro_2026,fortnightly,2026-09-15T08:00:00
2026-09-04,11hs,44,66,Dados de Utilização do Transporte Municipal/Setembro_2026/Quinzenal/Quinzenal_Resumo_FxHr_202609.html,Setembro_2026,fortnightly,2026-09-15T08:00:00
2026-09-04,12hs,48,80,Dados de Utilização do Transporte Municipal/Setembro_2026/Quinzenal/Quinzenal_Resumo_FxHr_202609.html,Setembro_2026,fortnightly,2026-09-15T08:00:00
2026-09-04,13hs,45,70,Dados de Utilização do Transporte Municipal/Setembro_2026/Quinzenal/Quinzenal_Resumo_FxHr_202609.html,Setembro_2026,fortnightly,2026-09-15T08:00:00
2026-09-04,14hs,44,74,Dados de Utilização do Transporte Municipal/Setembro_2026/Quinzenal/Quinzenal_Resumo_FxHr_202609.html,Setembro_2026,fortnightly,2026-09-15T08:00:00
2026-09-04,15hs,47,70,Dados de Utilização do Transporte Municipal/Setembro_2026/Quinzenal/Quinzenal_Resumo_FxHr_202609.html,Setembro_2026,fortnightly,2026-09-15T08:00:00
2026-09-04,16hs,47,67,Dados de Utilização do Transporte Municipal/Setembro_2026/Quinzenal/Quinzenal_Resumo_FxHr_202609.html,Setembro_2026,fortnightly,2026-09-15T08:00:00
2026-09-04,17hs,47,69,Dados de Utilização do Transporte Municipal/Setembro_2026/Quinzenal/Quinzenal_Resumo_FxHr_202609.html,Setembro_2026,fortnightly,2026-09-15T08:00:00
2026-09-04,18hs,47,72,Dados de Utilização do Transporte Municipal/Setembro_2026/Quinzenal/Quinzenal_Resumo_FxHr_202609.html,Setembro_2026,fortnightly,2026-09-15T08:00:00
2026-09-04,19hs,44,64,Dados de Utilização do Transporte Municipal/Setembro_2026/Quinzenal/Quinzenal_Resumo_FxHr_202609.html,Setembro_2026,fortnightly,2026-09-15T08:00:00
2026-09-04,20hs,41,60,Dados de Utilização do Transporte Municipal/Setembro_2026/Quinzenal/Quinzenal_Resumo_FxHr_202609.html,Setembro_2026,fortnightly,2026-09-15T08:00:00
2026-09-04,21hs,41,63,Dados de Utilização do Transporte Municipal/Setembro_2026/Quinzenal/Quinzenal_Resumo_FxHr_202609.html,Setembro_2026,fortnightly,2026-09-15T08:00:00
2026-09-04,22hs,31,53,Dados de Utilização do Transporte Municipal/Setembro_2026/Quinzenal/Quinzenal_Resumo_FxHr_202609.html,Setembro_2026,fortnightly,2026-09-15T08:00:00
2026-09-04,23hs,21,35,Dados de Utilização do Transporte Municipal/Setembro_2026/Quinzenal/Quinzenal_Resumo_FxHr_202609.html,Setembro_2026,fortnightly,2026-09-15T08:00:00
2026-09-04,4hs,13,16,Dados de Utilização do Transporte Municipal/Setembro_2026/Quinzenal/Quinzenal_Resumo_FxHr_202609.html,Setembro_2026,fortnightly,2026-09-15T08:00:00
2026-09-04,5hs,35,63,Dados de Utilização do Transporte Municipal/Setembro_2026/Quinzenal/Quinzenal_Resumo_FxHr_202609.html,Setembro_2026,fortnightly,2026-09-15T08:00:00
2026-09-04,6hs,47,83,Dados de Utilização do Transporte Municipal/Setembro_2026/Quinzenal/Quinzenal_Resumo_FxHr_202609.html,Setembro_2026,fortnightly,2026-09-15T08:00:00
2026-09-04,7hs,47,80,Dados de Utilização do Transporte Municipal/Setembro_2026/Quinzenal/Quinzenal_Resumo_FxHr_202609.html,Setembro_2026,fortnightly,2026-09-15T08:00:00
2026-09-04,8hs,47,73,Dados de Utilização do Transporte Municipal/Setembro_2026/Quinzenal/Quinzenal_Resumo_FxHr_202609.html,Setembro_2026,fortnightly,2026-09-15T08:00:00
2026-09-04,9hs,40,59,Dados de Utilização do Transporte Municipal/Setembro_2026/Quinzenal/Quinzenal_Resumo_FxHr_202609.html,Setembro_2026,fortnightly,2026-09-15T08:00:00
2026-09-05,0hs,3,3,Dados de Utilização do Transporte Municipal/Setembro_2026/Quinzenal/Quinzenal_Resumo_FxHr_202609.html,Setembro_2026,fortnightly,2026-09-15T08:00:00
2026-09-05,10hs,30,43,Dados de Utilização do Transporte Municipal/Setembro_2026/Quinzenal/Quinzenal_Resumo_FxHr_202609.html,Setembro_2026,fortnightly,2026-09-15T08:00:00
2026-09-05,11hs,34,56,Dados de Utilização do Transporte Municipal/Setembro_2026/Quinzenal/Quinzenal_Resumo_FxHr_202609.html,Setembro_2026,fortnightly,2026-09-15T08:00:00
2026-09-05,12hs,35,53,Dados de Utilização do Transporte Municipal/Setembro_2026/Quinzenal/Quinzenal_Resumo_FxHr_202609.html,Setembro_2026,fortnightly,2026-09-15T08:00:00
2026-09-05,13hs,30,52,Dados de Utilização do Transporte Municipal/Setembro_2026/Quinzenal/Quinzenal_Resumo_FxHr_202609.html,Setembro_2026,fortnightly,2026-09-15T08:00:00
2026-09-05,14hs,30,47,Dados de Utilização do Transporte Municipal/Setembro_2026/Quinzenal/Quinzenal_Resumo_FxHr_202609.html,Setembro_2026,fortnightly,2026-09-15T08:00:00
2026-09-05,15hs,32,44,Dados de Utilização do Transporte Municipal/Setembro_2026/Quinzenal/Quinzenal_Resumo_FxHr_202609.html,Setembro_2026,fortnightly,2026-09-15T08:00:00
2026-09-05,16hs,31,53,Dados de Utilização do Transporte Municipal/Setembro_2026/Quinzenal/Quinzenal_Resumo_FxHr_202609.html,Setembro_2026,fortnightly,2026-09-15T08:00:00
2026-09-05,17hs,31,50,Dados de Utilização do Transporte Municipal/Setembro_2026/Quinzenal/Quinzenal_Resumo_FxHr_202609.html,Setembro_2026,fortnightly,2026-09-15T08:00:00
2026-09-05,18hs,31,47,Dados de Utilização do Transporte Municipal/Setembro_2026/Quinzenal/Quinzenal_Resumo_FxHr_202609.html,Setembro_2026,fortnightly,2026-09-15T08:00:00
2026-09-05,19hs,29,42,Dados de Utilização do Transporte Municipal/Setembro_2026/Quinzenal/Quinzenal_Resumo_FxHr_202609.html,Setembro_2026,fortnightly,2026-09-15T08:00:00
2026-09-05,20hs,28,44,Dados de Utilização do Transporte Municipal/Setembro_2026/Quinzenal/Quinzenal_Resumo_FxHr_202609.html,Setembro_2026,fortnightly,2026-09-15T08:00:00
2026-09-05,21hs,30,45,Dados de Utilização do Transporte Municipal/Setembro_2026/Quinzenal/Quinzenal_Resumo_FxHr_202609.html,Setembro_2026,fortnightly,2026-09-15T08:00:00
2026-09-05,22hs,20,43,Dados de Utilização do Transporte Municipal/Setembro_2026/Quinzenal/Quinzenal_Resumo_FxHr_202609.html,Setembro_2026,fortnightly,2026-09-15T08:00:00
2026-09-05,23hs,16,27,Dados de Utilização do Transporte Municipal/Setembro_2026/Quinzenal/Quinzenal_Resumo_FxHr_202609.html,Setembro_2026,fortnightly,2026-09-15T08:00:00
2026-09-05,4hs,9,12,Dados de Utilização do Transporte Municipal/Setembro_2026/Quinzenal/Quinzenal_Resumo_FxHr_202609.html,Setembro_2026,fortnightly,2026-09-15T08:00:00
2026-09-05,5hs,22,46,Dados de Utilização do Transporte Municipal/Setembro_2026/Quinzenal/Quinzenal_Resumo_FxHr_202609.html,Setembro_2026,fortnightly,2026-09-15T08:00:00
2026-09-05,6hs,31,58,Dados de Utilização do Transporte Municipal/Setembro_2026/Quinzenal/Quinzenal_Resumo_FxHr_202609.html,Setembro_2026,fortnightly,2026-09-15T08:00:00
2026-09-05,7hs,33,60,Dados de Utilização do Transporte Municipal/Setembro_2026/Quinzenal/Quinzenal_Resumo_FxHr_202609.html,Setembro_2026,fortnightly,2026-09-15T08:00:00
2026-09-05,8hs,33,53,Dados de Utilização do Transporte Municipal/Setembro_2026/Quinzenal/Quinzenal_Resumo_FxHr_202609.html,Setembro_2026,fortnightly,2026-09-15T08:00:00
2026-09-05,9hs,31,46,Dados de Utilização do Transporte Municipal/Setembro_2026/Quinzenal/Quinzenal_Resumo_FxHr_202609.html,Setembro_2026,fortnightly,2026-09-15T08:00:00
2026-09-06,0hs,3,4,Dados de Utilização do Transporte Municipal/Setembro_2026/Quinzenal/Quinzenal_Resumo_FxHr_202609.html,Setembro_2026,fortnightly,2026-09-15T08:00:00
2026-09-06,10hs,21,30,Dados de Utilização do Transporte Municipal/Setembro_2026/Quinzenal/Quinzenal_Resumo_FxHr_202609.html,Setembro_2026,fortnightly,2026-09-15T08:00:00
2026-09-06,11hs,21,38,Dados de Utilização do Transporte Municipal/Setembro_2026/Quinzenal/Quinzenal_Resumo_FxHr_202609.html,Setembro_2026,fortnightly,2026-09-15T08:00:00
2026-09-06,12hs,21,45,Dados de Utilização do Transporte Municipal/Setembro_2026/Quinzenal/Quinzenal_Resumo_FxHr_202609.html,Setembro_2026,fortnightly,2026-09-15T08:00:00
2026-09-06,13hs,23,38,Dados de Utilização do Transporte Municipal/Setembro_2026/Quinzenal/Quinzenal_Resumo_FxHr_202609.html,Setembro_2026,fortnightly,2026-09-15T08:00:00
2026-09-06,14hs,21,35,Dados de Utilização do Transporte Municipal/Setembro_2026/Quinzenal/Quinzenal_Resumo_FxHr_202609.html,Setembro_2026,fortnightly,2026-09-15T08:00:00
2026-09-06,15hs,20,40,Dados de Utilização do Transporte Municipal/Setembro_2026/Quinzenal/Quinzenal_Resumo_FxHr_202609.html,Setembro_2026,fortnightly,2026-09-15T08:00:00
2026-09-06,16hs,21,40,Dados de Utilização do Transporte Municipal/Setembro_2026/Quinzenal/Quinzenal_Resumo_FxHr_202609.html,Setembro_2026,fortnightly,2026-09-15T08:00:00
2026-09-06,17hs,21,45,Dados de Utilização do Transporte Municipal/Setembro_2026/Quinzenal/Quinzenal_Resumo_FxHr_202609.html,Setembro_2026,fortnightly,2026-09-15T08:00:00
2026-09-06,18hs,20,33,Dados de Utilização do Transporte Municipal/Setembro_2026/Quinzenal/Quinzenal_Resumo_FxHr_202609.html,Setembro_2026,fortnightly,2026-09-15T08:00:00
2026-09-06,19hs,21,34,Dados de Utilização do Transporte Municipal/Setembro_2026/Quinzenal/Quinzenal_Resumo_FxHr_202609.html,Setembro_2026,fortnightly,2026-09-15T08:00:00
2026-09-06,20hs,20,40,Dados de Utilização do Transporte Municipal/Setembro_2026/Quinzenal/Quinzenal_Resumo_FxHr_202609.html,Setembro_2026,fortnightly,2026-09-15T08:00:00
2026-09-06,21hs,20,36,Dados de Utilização do Transporte Municipal/Setembro_2026/Quinzenal/Quinzenal_Resumo_FxHr_202609.html,Setembro_2026,fortnightly,2026-09-15T08:00:00
2026-09-06,22hs,14,28,Dados de Utilização do Transporte Municipal/Setembro_2026/Quinzenal/Quinzenal_Resumo_FxHr_202609.html,Setembro_2026,fortnightly,2026-09-15T08:00:00
2026-09-06,23hs,10,17,Dados de Utilização do Transporte Municipal/Setembro_2026/Quinzenal/Quinzenal_Resumo_FxHr_202609.html,Setembro_2026,fortnightly,2026-09-15T08:00:00
2026-09-06,4hs,8,9,Dados de Utilização do Transporte Municipal/Setembro_2026/Quinzenal/Quinzenal_Resumo_FxHr_202609.html,Setembro_2026,fortnightly,2026-09-15T08:00:00
2026-09-06,5hs,17,39,Dados de Utilização do Transporte Municipal/Setembro_2026/Quinzenal/Quinzenal_Resumo_FxHr_202609.html,Setembro_2026,fortnightly,2026-09-15T08:00:00
2026-09-06,6hs,21,41,Dados de Utilização do Transporte Municipal/Setembro_2026/Quinzenal/Quinzenal_Resumo_FxHr_202609.html,Setembro_2026,fortnightly,2026-09-15T08:00:00
2026-09-06,7hs,21,44,Dados de Utilização do Transporte Municipal/Setembro_2026/Quinzenal/Quinzenal_Resumo_FxHr_202609.html,Setembro_2026,fortnightly,2026-09-15T08:00:00
2026-09-06,8hs,20,39,Dados de Utilização do Transporte Municipal/Setembro_2026/Quinzenal/Quinzenal_Resumo_FxHr_202609.html,Setembro_2026,fortnightly,2026-09-15T08:00:00
2026-09-06,9hs,20,35,Dados de Utilização do Transporte Municipal/Setembro_2026/Quinzenal/Quinzenal_Resumo_FxHr_202609.html,Setembro_2026,fortnightly,2026-09-15T08:00:00
2026-09-07,0hs,3,3,Dados de Utilização do Transporte Municipal/Setembro_2026/Quinzenal/Quinzenal_Resumo_FxHr_202609.html,Setembro_2026,fortnightly,2026-09-15T08:00:00
2026-09-07,10hs,21,31,Dados de Utilização do Transporte Municipal/Setembro_2026/Quinzenal/Quinzenal_Resumo_FxHr_202609.html,Setembro_2026,fortnightly,2026-09-15T08:00:00
2026-09-07,11hs,21,37,Dados de Utilização do Transporte Municipal/Setembro_2026/Quinzenal/Quinzenal_Resumo_FxHr_202609.html,Setembro_2026,fortnightly,2026-09-15T08:00:00
2026-09-07,12hs,21,46,Dados de Utilização do Transporte Municipal/Setembro_2026/Quinzenal/Quinzenal_Resumo_FxHr_202609.html,Setembro_2026,fortnightly,2026-09-15T08:00:00
2026-09-07,13hs,22,39,Dados de Utilização do Transporte Municipal/Setembro_2026/Quinzenal/Quinzenal_Resumo_FxHr_202609.html,Setembro_2026,fortnightly,2026-09-15T08:00:00
2026-09-07,14hs,19,34,Dados de Utilização do Transporte Municipal/Setembro_2026/Quinzenal/Quinzenal_Resumo_FxHr_202609.html,Setembro_2026,fortnightly,2026-09-15T08:00:00
2026-09-07,15hs,20,40,Dados de Utilização do Transporte Municipal/Setembro_2026/Quinzenal/Quinzenal_Resumo_FxHr_202609.html,Setembro_2026,fortnightly,2026-09-15T08:00:00
2026-09-07,16hs,21,40,Dados de Utilização do Transporte Municipal/Setembro_2026/Quinzenal/Quinzenal_Resumo_FxHr_202609.html,Setembro_2026,fortnightly,2026-09-15T08:00:00
2026-09-07,17hs,21,45,Dados de Utilização do Transporte Municipal/Setembro_2026/Quinzenal/Quinzenal_Resumo_FxHr_202609.html,Setembro_2026,fortnightly,2026-09-15T08:00:00
2026-09-07,18hs,20,34,Dados de Utilização do Transporte Municipal/Setembro_2026/Quinzenal/Quinzenal_Resumo_FxHr_202609.html,Setembro_2026,fortnightly,2026-09-15T08:00:00
2026-09-07,19hs,21,33,Dados de Utilização do Transporte Municipal/Setembro_2026/Quinzenal/Quinzenal_Resumo_FxHr_202609.html,Setembro_2026,fortnightly,2026-09-15T08:00:00
2026-09-07,20hs,20,40,Dados de Utilização do Transporte Municipal/Setembro_2026/Quinzenal/Quinzenal_Resumo_FxHr_202609.html,Setembro_2026,fortnightly,2026-09-15T08:00:00
2026-09-07,21hs,20,36,Dados de Utilização do Transporte Municipal/Setembro_2026/Quinzenal/Quinzenal_Resumo_FxHr_202609.html,Setembro_2026,fortnightly,2026-09-15T08:00:00
2026-09-07,22hs,14,28,Dados de Utilização do Transporte Municipal/Setembro_2026/Quinzenal/Quinzenal_Resumo_FxHr_202609.html,Setembro_2026,fortnightly,2026-09-15T08:00:00
2026-09-07,23hs,10,18,Dados de Utilização do Transporte Municipal/Setembro_2026/Quinzenal/Quinzenal_Resumo_FxHr_202609.html,Setembro_2026,fortnightly,2026-09-15T08:00:00
2026-09-07,4hs,8,9,Dados de Utilização do Transporte Municipal/Setembro_2026/Quinzenal/Quinzenal_Resumo_FxHr_202609.html,Setembro_2026,fortnightly,2026-09-15T08:00:00
2026-09-07,5hs,17,39,Dados de Utilização do Transporte Municipal/Setembro_2026/Quinzenal/Quinzenal_Resumo_FxHr_202609.html,Setembro_2026,fortnightly,2026-09-15T08:00:00
2026-09-07,6hs,21,39,Dados de Utilização do Transporte Municipal/Setembro_2026/Quinzenal/Quinzenal_Resumo_FxHr_202609.html,Setembro_2026,fortnightly,2026-09-15T08:00:00
2026-09-07,7hs,21,47,Dados de Utilização do Transporte Municipal/Setembro_2026/Quinzenal/Quinzenal_Resumo_FxHr_202609.html,Setembro_2026,fortnightly,2026-09-15T08:00:00
2026-09-07,8hs,20,38,Dados de Utilização do Transporte Municipal/Setembro_2026/Quinzenal/Quinzenal_Resumo_FxHr_202609.html,Setembro_2026,fortnightly,2026-09-15T08:00:00
2026-09-07,9hs,18,34,Dados de Utilização do Transporte Municipal/Setembro_2026/Quinzenal/Quinzenal_Resumo_FxHr_202609.html,Setembro_2026,fortnightly,2026-09-15T08:00:00
2026-09-08,0hs,5,7,Dados de Utilização do Transporte Municipal/Setembro_2026/Quinzenal/Quinzenal_Resumo_FxHr_202609.html,Setembro_2026,fortnightly,2026-09-15T08:00:00
2026-09-08,10hs,44,63,Dados de Utilização do Transporte Municipal/Setembro_2026/Quinzenal/Quinzenal_Resumo_FxHr_202609.html,Setembro_2026,fortnightly,2026-09-15T08:00:00
2026-09-08,11hs,44,65,Dados de Utilização do Transporte Municipal/Setembro_2026/Quinzenal/Quinzenal_Resumo_FxHr_202609.html,Setembro_2026,fortnightly,2026-09-15T08:00:00
2026-09-08,12hs,47,79,Dados de Utilização do Transporte Municipal/Setembro_2026/Quinzenal/Quinzenal_Resumo_FxHr_202609.html,Setembro_2026,fortnightly,2026-09-15T08:00:00
2026-09-08,13hs,46,72,Dados de Utilização do Transporte Municipal/Setembro_2026/Quinzenal/Quinzenal_Resumo_FxHr_202609.html,Setembro_2026,fortnightly,2026-09-15T08:00:00
2026-09-08,14hs,45,74,Dados de Utilização do Transporte Municipal/Setembro_2026/Quinzenal/Quinzenal_Resumo_FxHr_202609.html,Setembro_2026,fortnightly,2026-09-15T08:00:00
2026-09-08,15hs,47,69,Dados de Utilização do Transporte Municipal/Setembro_2026/Quinzenal/Quinzenal_Resumo_FxHr_202609.html,Setembro_2026,fortnightly,2026-09-15T08:00:00
2026-09-08,16hs,47,70,Dados de Utilização do Transporte Municipal/Setembro_2026/Quinzenal/Quinzenal_Resumo_FxHr_202609.html,Setembro_2026,fortnightly,2026-09-15T08:00:00
2026-09-08,17hs,47,69,Dados de Utilização do Transporte Municipal/Setembro_2026/Quinzenal/Quinzenal_Resumo_FxHr_202609.html,Setembro_2026,fortnightly,2026-09-15T08:00:00
2026-09-08,18hs,47,70,Dados de Utilização do Transporte Municipal/Setembro_2026/Quinzenal/Quinzenal_Resumo_FxHr_202609.html,Setembro_2026,fortnightly,2026-09-15T08:00:00
2026-09-08,19hs,44,65,Dados de Utilização do Transporte Municipal/Setembro_2026/Quinzenal/Quinzenal_Resumo_FxHr_202609.html,Setembro_2026,fortnightly,2026-09-15T08:00:00
2026-09-08,20hs,42,62,Dados de Utilização do Transporte Municipal/Setembro_2026/Quinzenal/Quinzenal_Resumo_FxHr_202609.html,Setembro_2026,fortnightly,2026-09-15T08:00:00
2026-09-08,21hs,40,61,Dados de Utilização do Transporte Municipal/Setembro_2026/Quinzenal/Quinzenal_Resumo_FxHr_202609.html,Setembro_2026,fortnightly,2026-09-15T08:00:00
2026-09-08,22hs,30,52,Dados de Utilização do Transporte Municipal/Setembro_2026/Quinzenal/Quinzenal_Resumo_FxHr_202609.html,Setembro_2026,fortnightly,2026-09-15T08:00:00
2026-09-08,23hs,21,35,Dados de Utilização do Transporte Municipal/Setembro_2026/Quinzenal/Quinzenal_Resumo_FxHr_202609.html,Setembro_2026,fortnightly,2026-09-15T08:00:00
2026-09-08,4hs,12,15,Dados de Utilização do Transporte Municipal/Setembro_2026/Quinzenal/Quinzenal_Resumo_FxHr_202609.html,Setembro_2026,fortnightly,2026-09-15T08:00:00
2026-09-08,5hs,34,61,Dados de Utilização do Transporte Municipal/Setembro_2026/Quinzenal/Quinzenal_Resumo_FxHr_202609.html,Setembro_2026,fortnightly,2026-09-15T08:00:00
2026-09-08,6hs,47,81,Dados de Utilização do Transporte Municipal/Setembro_2026/Quinzenal/Quinzenal_Resumo_FxHr_202609.html,Setembro_2026,fortnightly,2026-09-15T08:00:00
2026-09-08,7hs,47,69,Dados de Utilização do Transporte Municipal/Setembro_2026/Quinzenal/Quinzenal_Resumo_FxHr_202609.html,Setembro_2026,fortnightly,2026-09-15T08:00:00
2026-09-08,8hs,47,75,Dados de Utilização do Transporte Municipal/Setembro_2026/Quinzenal/Quinzenal_Resumo_FxHr_202609.html,Setembro_2026,fortnightly,2026-09-15T08:00:00
2026-09-08,9hs,42,66,Dados de Utilização do Transporte Municipal/Setembro_2026/Quinzenal/Quinzenal_Resumo_FxHr_202609.html,Setembro_2026,fortnightly,2026-09-15T08:00:00
2026-09-09,0hs,5,7,Dados de Utilização do Transporte Municipal/Setembro_2026/Quinzenal/Quinzenal_Resumo_FxHr_202609.html,Setembro_2026,fortnightly,2026-09-15T08:00:00
2026-09-09,10hs,42,58,Dados de Utilização do Transporte Municipal/Setembro_2026/Quinzenal/Quinzenal_Resumo_FxHr_202609.html,Setembro_2026,fortnightly,2026-09-15T08:00:00
2026-09-09,11hs,44,66,Dados de Utilização do Transporte Municipal/Setembro_2026/Quinzenal/Quinzenal_Resumo_FxHr_202609.html,Setembro_2026,fortnightly,2026-09-15T08:00:00
2026-09-09,12hs,47,81,Dados de Utilização do Transporte Municipal/Setembro_2026/Quinzenal/Quinzenal_Resumo_FxHr_202609.html,Setembro_2026,fortnightly,2026-09-15T08:00:00
2026-09-09,13hs,45,70,Dados de Utilização do Transporte Municipal/Setembro_2026/Quinzenal/Quinzenal_Resumo_FxHr_202609.html,Setembro_2026,fortnightly,2026-09-15T08:00:00
2026-09-09,14hs,44,73,Dados de Utilização do Transporte Municipal/Setembro_2026/Quinzenal/Quinzenal_Resumo_FxHr_202609.html,Setembro_2026,fortnightly,2026-09-15T08:00:00
2026-09-09,15hs,47,69,Dados de Utilização do Transporte Municipal/Setembro_2026/Quinzenal/Quinzenal_Resumo_FxHr_202609.html,Setembro_2026,fortnightly,2026-09-15T08:00:00
2026-09-09,16hs,47,68,Dados de Utilização do Transporte Municipal/Setembro_2026/Quinzenal/Quinzenal_Resumo_FxHr_202609.html,Setembro_2026,fortnightly,2026-09-15T08:00:00
2026-09-09,17hs,47,75,Dados de Utilização do Transporte Municipal/Setembro_2026/Quinzenal/Quinzenal_Resumo_FxHr_202609.html,Setembro_2026,fortnightly,2026-09-15T08:00:00
2026-09-09,18hs,47,67,Dados de Utilização do Transporte Municipal/Setembro_2026/Quinzenal/Quinzenal_Resumo_FxHr_202609.html,Setembro_2026,fortnightly,2026-09-15T08:00:00
2026-09-09,19hs,43,63,Dados de Utilização do Transporte Municipal/Setembro_2026/Quinzenal/Quinzenal_Resumo_FxHr_202609.html,Setembro_2026,fortnightly,2026-09-15T08:00:00
2026-09-09,20hs,42,61,Dados de Utilização do Transporte Municipal/Setembro_2026/Quinzenal/Quinzenal_Resumo_FxHr_202609.html,Setembro_2026,fortnightly,2026-09-15T08:00:00
2026-09-09,21hs,40,62,Dados de Utilização do Transporte Municipal/Setembro_2026/Quinzenal/Quinzenal_Resumo_FxHr_202609.html,Setembro_2026,fortnightly,2026-09-15T08:00:00
2026-09-09,22hs,31,53,Dados de Utilização do Transporte Municipal/Setembro_2026/Quinzenal/Quinzenal_Resumo_FxHr_202609.html,Setembro_2026,fortnightly,2026-09-15T08:00:00
2026-09-09,23hs,21,35,Dados de Utilização do Transporte Municipal/Setembro_2026/Quinzenal/Quinzenal_Resumo_FxHr_202609.html,Setembro_2026,fortnightly,2026-09-15T08:00:00
2026-09-09,4hs,12,15,Dados de Utilização do Transporte Municipal/Setembro_2026/Quinzenal/Quinzenal_Resumo_FxHr_202609.html,Setembro_2026,fortnightly,2026-09-15T08:00:00
2026-09-09,5hs,35,63,Dados de Utilização do Transporte Municipal/Setembro_2026/Quinzenal/Quinzenal_Resumo_FxHr_202609.html,Setembro_2026,fortnightly,2026-09-15T08:00:00
2026-09-09,6hs,47,84,Dados de Utilização do Transporte Municipal/Setembro_2026/Quinzenal/Quinzenal_Resumo_FxHr_202609.html,Setembro_2026,fortnightly,2026-09-15T08:00:00
2026-09-09,7hs,48,75,Dados de Utilização do Transporte Municipal/Setembro_2026/Quinzenal/Quinzenal_Resumo_FxHr_202609.html,Setembro_2026,fortnightly,2026-09-15T08:00:00
2026-09-09,8hs,47,75,Dados de Utilização do Transporte Municipal/Setembro_2026/Quinzenal/Quinzenal_Resumo_FxHr_202609.html,Setembro_2026,fortnightly,2026-09-15T08:00:00
2026-09-09,9hs,41,60,Dados de Utilização do Transporte Municipal/Setembro_2026/Quinzenal/Quinzenal_Resumo_FxHr_202609.html,Setembro_2026,fortnightly,2026-09-15T08:00:00
2026-09-10,0hs,5,7,Dados de Utilização do Transporte Municipal/Setembro_2026/Quinzenal/Quinzenal_Resumo_FxHr_202609.html,Setembro_2026,fortnightly,2026-09-15T08:00:00
2026-09-10,10hs,42,57,Dados de Utilização do Transporte Municipal/Setembro_2026/Quinzenal/Quinzenal_Resumo_FxHr_202609.html,Setembro_2026,fortnightly,2026-09-15T08:00:00
2026-09-10,11hs,44,67,Dados de Utilização do Transporte Municipal/Setembro_2026/Quinzenal/Quinzenal_Resumo_FxHr_202609.html,Setembro_2026,fortnightly,2026-09-15T08:00:00
2026-09-10,12hs,47,79,Dados de Utilização do Transporte Municipal/Setembro_2026/Quinzenal/Quinzenal_Resumo_FxHr_202609.html,Setembro_2026,fortnightly,2026-09-15T08:00:00
2026-09-10,13hs,45,69,Dados de Utilização do Transporte Municipal/Setembro_2026/Quinzenal/Quinzenal_Resumo_FxHr_202609.html,Setembro_2026,fortnightly,2026-09-15T08:00:00
2026-09-10,14hs,44,73,Dados de Utilização do Transporte Municipal/Setembro_2026/Quinzenal/Quinzenal_Resumo_FxHr_202609.html,Setembro_2026,fortnightly,2026-09-15T08:00:00
2026-09-10,15hs,47,70,Dados de Utilização do Transporte Municipal/Setembro_2026/Quinzenal/Quinzenal_Resumo_FxHr_202609.html,Setembro_2026,fortnightly,2026-09-15T08:00:00
2026-09-10,16hs,48,68,Dados de Utilização do Transporte Municipal/Setembro_2026/Quinzenal/Quinzenal_Resumo_FxHr_202609.html,Setembro_2026,fortnightly,2026-09-15T08:00:00
2026-09-10,17hs,47,71,Dados de Utilização do Transporte Municipal/Setembro_2026/Quinzenal/Quinzenal_Resumo_FxHr_202609.html,Setembro_2026,fortnightly,2026-09-15T08:00:00
2026-09-10,18hs,47,67,Dados de Utilização do Transporte Municipal/Setembro_2026/Quinzenal/Quinzenal_Resumo_FxHr_202609.html,Setembro_2026,fortnightly,2026-09-15T08:00:00
2026-09-10,19hs,44,66,Dados de Utilização do Transporte Municipal/Setembro_2026/Quinzenal/Quinzenal_Resumo_FxHr_202609.html,Setembro_2026,fortnightly,2026-09-15T08:00:00
2026-09-10,20hs,42,60,Dados de Utilização do Transporte Municipal/Setembro_2026/Quinzenal/Quinzenal_Resumo_FxHr_202609.html,Setembro_2026,fortnightly,2026-09-15T08:00:00
2026-09-10,21hs,41,66,Dados de Utilização do Transporte Municipal/Setembro_2026/Quinzenal/Quinzenal_Resumo_FxHr_202609.html,Setembro_2026,fortnightly,2026-09-15T08:00:00
2026-09-10,22hs,30,50,Dados de Utilização do Transporte Municipal/Setembro_2026/Quinzenal/Quinzenal_Resumo_FxHr_202609.html,Setembro_2026,fortnightly,2026-09-15T08:00:00
2026-09-10,23hs,20,33,Dados de Utilização do Transporte Municipal/Setembro_2026/Quinzenal/Quinzenal_Resumo_FxHr_202609.html,Setembro_2026,fortnightly,2026-09-15T08:00:00
2026-09-10,4hs,14,17,Dados de Utilização do Transporte Municipal/Setembro_2026/Quinzenal/Quinzenal_Resumo_FxHr_202609.html,Setembro_2026,fortnightly,2026-09-15T08:00:00
2026-09-10,5hs,34,59,Dados de Utilização do Transporte Municipal/Setembro_2026/Quinzenal/Quinzenal_Resumo_FxHr_202609.html,Setembro_2026,fortnightly,2026-09-15T08:00:00
2026-09-10,6hs,47,86,Dados de Utilização do Transporte Municipal/Setembro_2026/Quinzenal/Quinzenal_Resumo_FxHr_202609.html,Setembro_2026,fortnightly,2026-09-15T08:00:00
2026-09-10,7hs,47,77,Dados de Utilização do Transporte Municipal/Setembro_2026/Quinzenal/Quinzenal_Resumo_FxHr_202609.html,Setembro_2026,fortnightly,2026-09-15T08:00:00
2026-09-10,8hs,47,76,Dados de Utilização do Transporte Municipal/Setembro_2026/Quinzenal/Quinzenal_Resumo_FxHr_202609.html,Setembro_2026,fortnightly,2026-09-15T08:00:00
2026-09-10,9hs,40,59,Dados de Utilização do Transporte Municipal/Setembro_2026/Quinzenal/Quinzenal_Resumo_FxHr_202609.html,Setembro_2026,fortnightly,2026-09-15T08:00:00
2026-09-11,0hs,5,7,Dados de Utilização do Transporte Municipal/Setembro_2026/Quinzenal/Quinzenal_Resumo_FxHr_202609.html,Setembro_2026,fortnightly,2026-09-15T08:00:00
2026-09-11,10hs,42,57,Dados de Utilização do Transporte Municipal/Setembro_2026/Quinzenal/Quinzenal_Resumo_FxHr_202609.html,Setembro_2026,fortnightly,2026-09-15T08:00:00
2026-09-11,11hs,44,68,Dados de Utilização do Transporte Municipal/Setembro_2026/Quinzenal/Quinzenal_Resumo_FxHr_202609.html,Setembro_2026,fortnightly,2026-09-15T08:00:00
2026-09-11,12hs,47,79,Dados de Utilização do Transporte Municipal/Setembro_2026/Quinzenal/Quinzenal_Resumo_FxHr_202609.html,Setembro_2026,fortnightly,2026-09-15T08:00:00
2026-09-11,13hs,45,70,Dados de Utilização do Transporte Municipal/Setembro_2026/Quinzenal/Quinzenal_Resumo_FxHr_202609.html,Setembro_2026,fortnightly,2026-09-15T08:00:00
2026-09-11,14hs,44,72,Dados de Utilização do Transporte Municipal/Setembro_2026/Quinzenal/Quinzenal_Resumo_FxHr_202609.html,Setembro_2026,fortnightly,2026-09-15T08:00:00
2026-09-11,15hs,47,69,Dados de Utilização do Transporte Municipal/Setembro_2026/Quinzenal/Quinzenal_Resumo_FxHr_202609.html,Setembro_2026,fortnightly,2026-09-15T08:00:00
2026-09-11,16hs,47,67,Dados de Utilização do Transporte Municipal/Setembro_2026/Quinzenal/Quinzenal_Resumo_FxHr_202609.html,Setembro_2026,fortnightly,2026-09-15T08:00:00
2026-09-11,17hs,47,72,Dados de Utilização do Transporte Municipal/Setembro_2026/Quinzenal/Quinzenal_Resumo_FxHr_202609.html,Setembro_2026,fortnightly,2026-09-15T08:00:00
2026-09-11,18hs,47,72,Dados de Utilização do Transporte Municipal/Setembro_2026/Quinzenal/Quinzenal_Resumo_FxHr_202609.html,Setembro_2026,fortnightly,2026-09-15T08:00:00
2026-09-11,19hs,43,60,Dados de Utilização do Transporte Municipal/Setembro_2026/Quinzenal/Quinzenal_Resumo_FxHr_202609.html,Setembro_2026,fortnightly,2026-09-15T08:00:00
2026-09-11,20hs,42,60,Dados de Utilização do Transporte Municipal/Setembro_2026/Quinzenal/Quinzenal_Resumo_FxHr_202609.html,Setembro_2026,fortnightly,2026-09-15T08:00:00
2026-09-11,21hs,41,64,Dados de Utilização do Transporte Municipal/Setembro_2026/Quinzenal/Quinzenal_Resumo_FxHr_202609.html,Setembro_2026,fortnightly,2026-09-15T08:00:00
2026-09-11,22hs,31,52,Dados de Utilização do Transporte Municipal/Setembro_2026/Quinzenal/Quinzenal_Resumo_FxHr_202609.html,Setembro_2026,fortnightly,2026-09-15T08:00:00
2026-09-11,23hs,21,35,Dados de Utilização do Transporte Municipal/Setembro_2026/Quinzenal/Quinzenal_Resumo_FxHr_202609.html,Setembro_2026,fortnightly,2026-09-15T08:00:00
2026-09-11,4hs,14,17,Dados de Utilização do Transporte Municipal/Setembro_2026/Quinzenal/Quinzenal_Resumo_FxHr_202609.html,Setembro_2026,fortnightly,2026-09-15T08:00:00
2026-09-11,5hs,34,59,Dados de Utilização do Transporte Municipal/Setembro_2026/Quinzenal/Quinzenal_Resumo_FxHr_202609.html,Setembro_2026,fortnightly,2026-09-15T08:00:00
2026-09-11,6hs,47,86,Dados de Utilização do Transporte Municipal/Setembro_2026/Quinzenal/Quinzenal_Resumo_FxHr_202609.html,Setembro_2026,fortnightly,2026-09-15T08:00:00
2026-09-11,7hs,47,78,Dados de Utilização do Transporte Municipal/Setembro_2026/Quinzenal/Quinzenal_Resumo_FxHr_202609.html,Setembro_2026,fortnightly,2026-09-15T08:00:00
2026-09-11,8hs,47,76,Dados de Utilização do Transporte Municipal/Setembro_2026/Quinzenal/Quinzenal_Resumo_FxHr_202609.html,Setembro_2026,fortnightly,2026-09-15T08:00:00
2026-09-11,9hs,40,58,Dados de Utilização do Transporte Municipal/Setembro_2026/Quinzenal/Quinzenal_Resumo_FxHr_202609.html,Setembro_2026,fortnightly,2026-09-15T08:00:00
2026-09-12,0hs,3,3,Dados de Utilização do Transporte Municipal/Setembro_2026/Quinzenal/Quinzenal_Resumo_FxHr_202609.html,Setembro_2026,fortnightly,2026-09-15T08:00:00
2026-09-12,10hs,30,43,Dados de Utilização do Transporte Municipal/Setembro_2026/Quinzenal/Quinzenal_Resumo_FxHr_202609.html,Setembro_2026,fortnightly,2026-09-15T08:00:00
2026-09-12,11hs,34,55,Dados de Utilização do Transporte Municipal/Setembro_2026/Quinzenal/Quinzenal_Resumo_FxHr_202609.html,Setembro_2026,fortnightly,2026-09-15T08:00:00
2026-09-12,12hs,35,56,Dados de Utilização do Transporte Municipal/Setembro_2026/Quinzenal/Quinzenal_Resumo_FxHr_202609.html,Setembro_2026,fortnightly,2026-09-15T08:00:00
2026-09-12,13hs,29,48,Dados de Utilização do Transporte Municipal/Setembro_2026/Quinzenal/Quinzenal_Resumo_FxHr_202609.html,Setembro_2026,fortnightly,2026-09-15T08:00:00
2026-09-12,14hs,29,46,Dados de Utilização do Transporte Municipal/Setembro_2026/Quinzenal/Quinzenal_Resumo_FxHr_202609.html,Setembro_2026,fortnightly,2026-09-15T08:00:00
2026-09-12,15hs,32,47,Dados de Utilização do Transporte Municipal/Setembro_2026/Quinzenal/Quinzenal_Resumo_FxHr_202609.html,Setembro_2026,fortnightly,2026-09-15T08:00:00
2026-09-12,16hs,31,53,Dados de Utilização do Transporte Municipal/Setembro_2026/Quinzenal/Quinzenal_Resumo_FxHr_202609.html,Setembro_2026,fortnightly,2026-09-15T08:00:00
2026-09-12,17hs,31,51,Dados de Utilização do Transporte Municipal/Setembro_2026/Quinzenal/Quinzenal_Resumo_FxHr_202609.html,Setembro_2026,fortnightly,2026-09-15T08:00:00
2026-09-12,18hs,30,47,Dados de Utilização do Transporte Municipal/Setembro_2026/Quinzenal/Quinzenal_Resumo_FxHr_202609.html,Setembro_2026,fortnightly,2026-09-15T08:00:00
2026-09-12,19hs,29,41,Dados de Utilização do Transporte Municipal/Setembro_2026/Quinzenal/Quinzenal_Resumo_FxHr_202609.html,Setembro_2026,fortnightly,2026-09-15T08:00:00
2026-09-12,20hs,26,42,Dados de Utilização do Transporte Municipal/Setembro_2026/Quinzenal/Quinzenal_Resumo_FxHr_202609.html,Setembro_2026,fortnightly,2026-09-15T08:00:00
2026-09-12,21hs,30,48,Dados de Utilização do Transporte Municipal/Setembro_2026/Quinzenal/Quinzenal_Resumo_FxHr_202609.html,Setembro_2026,fortnightly,2026-09-15T08:00:00
2026-09-12,22hs,20,42,Dados de Utilização do Transporte Municipal/Setembro_2026/Quinzenal/Quinzenal_Resumo_FxHr_202609.html,Setembro_2026,fortnightly,2026-09-15T08:00:00
2026-09-12,23hs,16,27,Dados de Utilização do Transporte Municipal/Setembro_2026/Quinzenal/Quinzenal_Resumo_FxHr_202609.html,Setembro_2026,fortnightly,2026-09-15T08:00:00
2026-09-12,4hs,9,12,Dados de Utilização do Transporte Municipal/Setembro_2026/Quinzenal/Quinzenal_Resumo_FxHr_202609.html,Setembro_2026,fortnightly,2026-09-15T08:00:00
2026-09-12,5hs,22,47,Dados de Utilização do Transporte Municipal/Setembro_2026/Quinzenal/Quinzenal_Resumo_FxHr_202609.html,Setembro_2026,fortnightly,2026-09-15T08:00:00
2026-09-12,6hs,31,58,Dados de Utilização do Transporte Municipal/Setembro_2026/Quinzenal/Quinzenal_Resumo_FxHr_202609.html,Setembro_2026,fortnightly,2026-09-15T08:00:00
2026-09-12,7hs,33,58,Dados de Utilização do Transporte Municipal/Setembro_2026/Quinzenal/Quinzenal_Resumo_FxHr_202609.html,Setembro_2026,fortnightly,2026-09-15T08:00:00
2026-09-12,8hs,33,54,Dados de Utilização do Transporte Municipal/Setembro_2026/Quinzenal/Quinzenal_Resumo_FxHr_202609.html,Setembro_2026,fortnightly,2026-09-15T08:00:00
2026-09-12,9hs,31,46,Dados de Utilização do Transporte Municipal/Setembro_2026/Quinzenal/Quinzenal_Resumo_FxHr_202609.html,Setembro_2026,fortnightly,2026-09-15T08:00:00
2026-09-13,0hs,3,4,Dados de Utilização do Transporte Municipal/Setembro_2026/Quinzenal/Quinzenal_Resumo_FxHr_202609.html,Setembro_2026,fortnightly,2026-09-15T08:00:00
2026-09-13,10hs,21,31,Dados de Utilização do Transporte Municipal/Setembro_2026/Quinzenal/Quinzenal_Resumo_FxHr_202609.html,Setembro_2026,fortnightly,2026-09-15T08:00:00
2026-09-13,11hs,21,37,Dados de Utilização do Transporte Municipal/Setembro_2026/Quinzenal/Quinzenal_Resumo_FxHr_202609.html,Setembro_2026,fortnightly,2026-09-15T08:00:00
2026-09-13,12hs,21,46,Dados de Utilização do Transporte Municipal/Setembro_2026/Quinzenal/Quinzenal_Resumo_FxHr_202609.html,Setembro_2026,fortnightly,2026-09-15T08:00:00
2026-09-13,13hs,22,37,Dados de Utilização do Transporte Municipal/Setembro_2026/Quinzenal/Quinzenal_Resumo_FxHr_202609.html,Setembro_2026,fortnightly,2026-09-15T08:00:00
2026-09-13,14hs,19,36,Dados de Utilização do Transporte Municipal/Setembro_2026/Quinzenal/Quinzenal_Resumo_FxHr_202609.html,Setembro_2026,fortnightly,2026-09-15T08:00:00
2026-09-13,15hs,20,38,Dados de Utilização do Transporte Municipal/Setembro_2026/Quinzenal/Quinzenal_Resumo_FxHr_202609.html,Setembro_2026,fortnightly,2026-09-15T08:00:00
2026-09-13,16hs,21,41,Dados de Utilização do Transporte Municipal/Setembro_2026/Quinzenal/Quinzenal_Resumo_FxHr_202609.html,Setembro_2026,fortnightly,2026-09-15T08:00:00
2026-09-13,17hs,21,45,Dados de Utilização do Transporte Municipal/Setembro_2026/Quinzenal/Quinzenal_Resumo_FxHr_202609.html,Setembro_2026,fortnightly,2026-09-15T08:00:00
2026-09-13,18hs,20,32,Dados de Utilização do Transporte Municipal/Setembro_2026/Quinzenal/Quinzenal_Resumo_FxHr_202609.html,Setembro_2026,fortnightly,2026-09-15T08:00:00
2026-09-13,19hs,21,35,Dados de Utilização do Transporte Municipal/Setembro_2026/Quinzenal/Quinzenal_Resumo_FxHr_202609.html,Setembro_2026,fortnightly,2026-09-15T08:00:00
2026-09-13,20hs,20,41,Dados de Utilização do Transporte Municipal/Setembro_2026/Quinzenal/Quinzenal_Resumo_FxHr_202609.html,Setembro_2026,fortnightly,2026-09-15T08:00:00
2026-09-13,21hs,20,35,Dados de Utilização do Transporte Municipal/Setembro_2026/Quinzenal/Quinzenal_Resumo_FxHr_202609.html,Setembro_2026,fortnightly,2026-09-15T08:00:00
2026-09-13,22hs,14,28,Dados de Utilização do Transporte Municipal/Setembro_2026/Quinzenal/Quinzenal_Resumo_FxHr_202609.html,Setembro_2026,fortnightly,2026-09-15T08:00:00
2026-09-13,23hs,10,17,Dados de Utilização do Transporte Municipal/Setembro_2026/Quinzenal/Quinzenal_Resumo_FxHr_202609.html,Setembro_2026,fortnightly,2026-09-15T08:00:00
2026-09-13,4hs,8,8,Dados de Utilização do Transporte Municipal/Setembro_2026/Quinzenal/Quinzenal_Resumo_FxHr_202609.html,Setembro_2026,fortnightly,2026-09-15T08:00:00
2026-09-13,5hs,17,37,Dados de Utilização do Transporte Municipal/Setembro_2026/Quinzenal/Quinzenal_Resumo_FxHr_202609.html,Setembro_2026,fortnightly,2026-09-15T08:00:00
2026-09-13,6hs,21,44,Dados de Utilização do Transporte Municipal/Setembro_2026/Quinzenal/Quinzenal_Resumo_FxHr_202609.html,Setembro_2026,fortnightly,2026-09-15T08:00:00
2026-09-13,7hs,21,43,Dados de Utilização do Transporte Municipal/Setembro_2026/Quinzenal/Quinzenal_Resumo_FxHr_202609.html,Setembro_2026,fortnightly,2026-09-15T08:00:00
2026-09-13,8hs,20,39,Dados de Utilização do Transporte Municipal/Setembro_2026/Quinzenal/Quinzenal_Resumo_FxHr_202609.html,Setembro_2026,fortnightly,2026-09-15T08:00:00
2026-09-13,9hs,20,36,Dados de Utilização do Transporte Municipal/Setembro_2026/Quinzenal/Quinzenal_Resumo_FxHr_202609.html,Setembro_2026,fortnightly,2026-09-15T08:00:00
2026-09-14,0hs,5,7,Dados de Utilização do Transporte Municipal/Setembro_2026/Quinzenal/Quinzenal_Resumo_FxHr_202609.html,Setembro_2026,fortnightly,2026-09-15T08:00:00
2026-09-14,10hs,41,56,Dados de Utilização do Transporte Municipal/Setembro_2026/Quinzenal/Quinzenal_Resumo_FxHr_202609.html,Setembro_2026,fortnightly,2026-09-15T08:00:00
2026-09-14,11hs,44,68,Dados de Utilização do Transporte Municipal/Setembro_2026/Quinzenal/Quinzenal_Resumo_FxHr_202609.html,Setembro_2026,fortnightly,2026-09-15T08:00:00
2026-09-14,12hs,47,80,Dados de Utilização do Transporte Municipal/Setembro_2026/Quinzenal/Quinzenal_Resumo_FxHr_202609.html,Setembro_2026,fortnightly,2026-09-15T08:00:00
2026-09-14,13hs,45,68,Dados de Utilização do Transporte Municipal/Setembro_2026/Quinzenal/Quinzenal_Resumo_FxHr_202609.html,Setembro_2026,fortnightly,2026-09-15T08:00:00
2026-09-14,14hs,45,74,Dados de Utilização do Transporte Municipal/Setembro_2026/Quinzenal/Quinzenal_Resumo_FxHr_202609.html,Setembro_2026,fortnightly,2026-09-15T08:00:00
2026-09-14,15hs,47,69,Dados de Utilização do Transporte Municipal/Setembro_2026/Quinzenal/Quinzenal_Resumo_FxHr_202609.html,Setembro_2026,fortnightly,2026-09-15T08:00:00
2026-09-14,16hs,47,69,Dados de Utilização do Transporte Municipal/Setembro_2026/Quinzenal/Quinzenal_Resumo_FxHr_202609.html,Setembro_2026,fortnightly,2026-09-15T08:00:00
2026-09-14,17hs,47,71,Dados de Utilização do Transporte Municipal/Setembro_2026/Quinzenal/Quinzenal_Resumo_FxHr_202609.html,Setembro_2026,fortnightly,2026-09-15T08:00:00
2026-09-14,18hs,47,70,Dados de Utilização do Transporte Municipal/Setembro_2026/Quinzenal/Quinzenal_Resumo_FxHr_202609.html,Setembro_2026,fortnightly,2026-09-15T08:00:00
2026-09-14,19hs,43,62,Dados de Utilização do Transporte Municipal/Setembro_2026/Quinzenal/Quinzenal_Resumo_FxHr_202609.html,Setembro_2026,fortnightly,2026-09-15T08:00:00
2026-09-14,20hs,43,61,Dados de Utilização do Transporte Municipal/Setembro_2026/Quinzenal/Quinzenal_Resumo_FxHr_202609.html,Setembro_2026,fortnightly,2026-09-15T08:00:00
2026-09-14,21hs,40,65,Dados de Utilização do Transporte Municipal/Setembro_2026/Quinzenal/Quinzenal_Resumo_FxHr_202609.html,Setembro_2026,fortnightly,2026-09-15T08:00:00
2026-09-14,22hs,30,51,Dados de Utilização do Transporte Municipal/Setembro_2026/Quinzenal/Quinzenal_Resumo_FxHr_202609.html,Setembro_2026,fortnightly,2026-09-15T08:00:00
2026-09-14,23hs,21,35,Dados de Utilização do Transporte Municipal/Setembro_2026/Quinzenal/Quinzenal_Resumo_FxHr_202609.html,Setembro_2026,fortnightly,2026-09-15T08:00:00
2026-09-14,4hs,14,17,Dados de Utilização do Transporte Municipal/Setembro_2026/Quinzenal/Quinzenal_Resumo_FxHr_202609.html,Setembro_2026,fortnightly,2026-09-15T08:00:00
2026-09-14,5hs,35,61,Dados de Utilização do Transporte Municipal/Setembro_2026/Quinzenal/Quinzenal_Resumo_FxHr_202609.html,Setembro_2026,fortnightly,2026-09-15T08:00:00
2026-09-14,6hs,47,84,Dados de Utilização do Transporte Municipal/Setembro_2026/Quinzenal/Quinzenal_Resumo_FxHr_202609.html,Setembro_2026,fortnightly,2026-09-15T08:00:00
2026-09-14,7hs,47,75,Dados de Utilização do Transporte Municipal/Setembro_2026/Quinzenal/Quinzenal_Resumo_FxHr_202609.html,Setembro_2026,fortnightly,2026-09-15T08:00:00
2026-09-14,8hs,47,78,Dados de Utilização do Transporte Municipal/Setembro_2026/Quinzenal/Quinzenal_Resumo_FxHr_202609.html,Setembro_2026,fortnightly,2026-09-15T08:00:00
2026-09-14,9hs,40,59,Dados de Utilização do Transporte Municipal/Setembro_2026/Quinzenal/Quinzenal_Resumo_FxHr_202609.html,Setembro_2026,fortnightly,2026-09-15T08:00:00
