service_date,line_code,total_km,trips,source_file,source_period,source_granularity,source_generated_at
2026-07-01,01,762.5,120,Dados de Utilização do Transporte Municipal/Julho_2026/Mensal/Mensal_Linhas_202607.html,Julho_2026,monthly,2026-08-04T14:37:00
2026-07-01,02,907.6,196,Dados de Utilização do Transporte Municipal/Julho_2026/Mensal/Mensal_Linhas_202607.html,Julho_2026,monthly,2026-08-04T14:37:00
2026-07-01,03,1413.7,200,Dados de Utilização do Transporte Municipal/Julho_2026/Mensal/Mensal_Linhas_202607.html,Julho_2026,monthly,2026-08-04T14:37:00
2026-07-01,04,875.4,100,Dados de Utilização do Transporte Municipal/Julho_2026/Mensal/Mensal_Linhas_202607.html,Julho_2026,monthly,2026-08-04T14:37:00
2026-07-01,05,870.6,100,Dados de Utilização do Transporte Municipal/Julho_2026/Mensal/Mensal_Linhas_202607.html,Julho_2026,monthly,2026-08-04T14:37:00
2026-07-01,06,1107.5,162,Dados de Utilização do Transporte Municipal/Julho_2026/Mensal/Mensal_Linhas_202607.html,Julho_2026,monthly,2026-08-04T14:37:00
2026-07-01,07,903.0,132,Dados de Utilização do Transporte Municipal/Julho_2026/Mensal/Mensal_Linhas_202607.html,Julho_2026,monthly,2026-08-04T14:37:00
2026-07-01,08,449.2,62,Dados de Utilização do Transporte Municipal/Julho_2026/Mensal/Mensal_Linhas_202607.html,Julho_2026,monthly,2026-08-04T14:37:00
2026-07-01,10,692.3,120,Dados de Utilização do Transporte Municipal/Julho_2026/Mensal/Mensal_Linhas_202607.html,Julho_2026,monthly,2026-08-04T14:37:00
2026-07-01,11,561.8,200,Dados de Utilização do Transporte Municipal/Julho_2026/Mensal/Mensal_Linhas_202607.html,Julho_2026,monthly,2026-08-04T14:37:00
2026-07-02,01,763.7,120,Dados de Utilização do Transporte Municipal/Julho_2026/Mensal/Mensal_Linhas_202607.html,Julho_2026,monthly,2026-08-04T14:37:00
2026-07-02,02,906.5,196,Dados de Utilização do Transporte Municipal/Julho_2026/Mensal/Mensal_Linhas_202607.html,Julho_2026,monthly,2026-08-04T14:37:00
2026-07-02,03,1412.4,200,Dados de Utilização do Transporte Municipal/Julho_2026/Mensal/Mensal_Linhas_202607.html,Julho_2026,monthly,2026-08-04T14:37:00
2026-07-02,04,876.0,100,Dados de Utilização do Transporte Municipal/Julho_2026/Mensal/Mensal_Linhas_202607.html,Julho_2026,monthly,2026-08-04T14:37:00
2026-07-02,05,871.4,100,Dados de Utilização do Transporte Municipal/Julho_2026/Mensal/Mensal_Linhas_202607.html,Julho_2026,monthly,2026-08-04T14:37:00
2026-07-02,06,1106.1,162,Dados de Utilização do Transporte Municipal/Julho_2026/Mensal/Mensal_Linhas_202607.html,Julho_2026,monthly,2026-08-04T14:37:00
2026-07-02,07,902.4,134,Dados de Utilização do Transporte Municipal/Julho_2026/Mensal/Mensal_Linhas_202607.html,Julho_2026,monthly,2026-08-04T14:37:00
2026-07-02,08,449.3,62,Dados de Utilização do Transporte Municipal/Julho_2026/Mensal/Mensal_Linhas_202607.html,Julho_2026,monthly,2026-08-04T14:37:00
2026-07-02,10,691.5,120,Dados de Utilização do Transporte Municipal/Julho_2026/Mensal/Mensal_Linhas_202607.html,Julho_2026,monthly,2026-08-04T14:37:00
2026-07-02,11,562.2,200,Dados de Utilização do Transporte Municipal/Julho_2026/Mensal/Mensal_Linhas_202607.html,Julho_2026,monthly,2026-08-04T14:37:00
2026-07-03,01,762.9,120,Dados de Utilização do Transporte Municipal/Julho_2026/Mensal/Mensal_Linhas_202607.html,Julho_2026,monthly,2026-08-04T14:37:00
2026-07-03,02,908.6,196,Dados de Utilização do Transporte Municipal/Julho_2026/Mensal/Mensal_Linhas_202607.html,Julho_2026,monthly,2026-08-04T14:37:00
2026-07-03,03,1412.5,200,Dados de Utilização do Transporte Municipal/Julho_2026/Mensal/Mensal_Linhas_202607.html,Julho_2026,monthly,2026-08-04T14:37:00
2026-07-03,04,875.7,100,Dados de Utilização do Transporte Municipal/Julho_2026/Mensal/Mensal_Linhas_202607.html,Julho_2026,monthly,2026-08-04T14:37:00
2026-07-03,05,871.0,100,Dados de Utilização do Transporte Municipal/Julho_2026/Mensal/Mensal_Linhas_202607.html,Julho_2026,monthly,2026-08-04T14:37:00
2026-07-03,06,1106.3,162,Dados de Utilização do Transporte Municipal/Julho_2026/Mensal/Mensal_Linhas_202607.html,Julho_2026,monthly,2026-08-04T14:37:00
2026-07-03,07,891.8,134,Dados de Utilização do Transporte Municipal/Julho_2026/Mensal/Mensal_Linhas_202607.html,Julho_2026,monthly,2026-08-04T14:37:00
2026-07-03,08,449.6,62,Dados de Utilização do Transporte Municipal/Julho_2026/Mensal/Mensal_Linhas_202607.html,Julho_2026,monthly,2026-08-04T14:37:00
2026-07-03,10,691.8,120,Dados de Utilização do Transporte Municipal/Julho_2026/Mensal/Mensal_Linhas_202607.html,Julho_2026,monthly,2026-08-04T14:37:00
2026-07-03,11,563.3,200,Dados de Utilização do Transporte Municipal/Julho_2026/Mensal/Mensal_Linhas_202607.html,Julho_2026,monthly,2026-08-04T14:37:00
2026-07-04,01,617.6,97,Dados de Utilização do Transporte Municipal/Julho_2026/Mensal/Mensal_Linhas_202607.html,Julho_2026,monthly,2026-08-04T14:37:00
2026-07-04,02,738.8,160,Dados de Utilização do Transporte Municipal/Julho_2026/Mensal/Mensal_Linhas_202607.html,Julho_2026,monthly,2026-08-04T14:37:00
2026-07-04,03,1003.8,142,Dados de Utilização do Transporte Municipal/Julho_2026/Mensal/Mensal_Linhas_202607.html,Julho_2026,monthly,2026-08-04T14:37:00
2026-07-04,04,837.3,96,Dados de Utilização do Transporte Municipal/Julho_2026/Mensal/Mensal_Linhas_202607.html,Julho_2026,monthly,2026-08-04T14:37:00
2026-07-04,05,834.9,96,Dados de Utilização do Transporte Municipal/Julho_2026/Mensal/Mensal_Linhas_202607.html,Julho_2026,monthly,2026-08-04T14:37:00
2026-07-04,06,909.2,132,Dados de Utilização do Transporte Municipal/Julho_2026/Mensal/Mensal_Linhas_202607.html,Julho_2026,monthly,2026-08-04T14:37:00
2026-07-04,07,703.3,106,Dados de Utilização do Transporte Municipal/Julho_2026/Mensal/Mensal_Linhas_202607.html,Julho_2026,monthly,2026-08-04T14:37:00
2026-07-04,08,248.5,35,Dados de Utilização do Transporte Municipal/Julho_2026/Mensal/Mensal_Linhas_202607.html,Julho_2026,monthly,2026-08-04T14:37:00
2026-07-04,10,564.9,98,Dados de Utilização do Transporte Municipal/Julho_2026/Mensal/Mensal_Linhas_202607.html,Julho_2026,monthly,2026-08-04T14:37:00
2026-07-04,11,375.9,134,Dados de Utilização do Transporte Municipal/Julho_2026/Mensal/Mensal_Linhas_202607.html,Julho_2026,monthly,2026-08-04T14:37:00
2026-07-05,01,485.7,76,Dados de Utilização do Transporte Municipal/Julho_2026/Mensal/Mensal_Linhas_202607.html,Julho_2026,monthly,2026-08-04T14:37:00
2026-07-05,02,567.6,123,Dados de Utilização do Transporte Municipal/Julho_2026/Mensal/Mensal_Linhas_202607.html,Julho_2026,monthly,2026-08-04T14:37:00
2026-07-05,03,710.2,100,Dados de Utilização do Transporte Municipal/Julho_2026/Mensal/Mensal_Linhas_202607.html,Julho_2026,monthly,2026-08-04T14:37:00
2026-07-05,04,641.7,74,Dados de Utilização do Transporte Municipal/Julho_2026/Mensal/Mensal_Linhas_202607.html,Julho_2026,monthly,2026-08-04T14:37:00
2026-07-05,05,638.5,74,Dados de Utilização do Transporte Municipal/Julho_2026/Mensal/Mensal_Linhas_202607.html,Julho_2026,monthly,2026-08-04T14:37:00
2026-07-05,06,556.2,80,Dados de Utilização do Transporte Municipal/Julho_2026/Mensal/Mensal_Linhas_202607.html,Julho_2026,monthly,2026-08-04T14:37:00
2026-07-05,07,452.5,68,Dados de Utilização do Transporte Municipal/Julho_2026/Mensal/Mensal_Linhas_202607.html,Julho_2026,monthly,2026-08-04T14:37:00
2026-07-05,08,267.7,37,Dados de Utilização do Transporte Municipal/Julho_2026/Mensal/Mensal_Linhas_202607.html,Julho_2026,monthly,2026-08-04T14:37:00
2026-07-05,10,437.7,76,Dados de Utilização do Transporte Municipal/Julho_2026/Mensal/Mensal_Linhas_202607.html,Julho_2026,monthly,2026-08-04T14:37:00
2026-07-05,11,375.5,134,Dados de Utilização do Transporte Municipal/Julho_2026/Mensal/Mensal_Linhas_202607.html,Julho_2026,monthly,2026-08-04T14:37:00
2026-07-06,01,764.1,120,Dados de Utilização do Transporte Municipal/Julho_2026/Mensal/Mensal_Linhas_202607.html,Julho_2026,monthly,2026-08-04T14:37:00
2026-07-06,02,907.2,196,Dados de Utilização do Transporte Municipal/Julho_2026/Mensal/Mensal_Linhas_202607.html,Julho_2026,monthly,2026-08-04T14:37:00
2026-07-06,03,1414.4,200,Dados de Utilização do Transporte Municipal/Julho_2026/Mensal/Mensal_Linhas_202607.html,Julho_2026,monthly,2026-08-04T14:37:00
2026-07-06,04,874.9,100,Dados de Utilização do Transporte Municipal/Julho_2026/Mensal/Mensal_Linhas_202607.html,Julho_2026,monthly,2026-08-04T14:37:00
2026-07-06,05,868.2,100,Dados de Utilização do Transporte Municipal/Julho_2026/Mensal/Mensal_Linhas_202607.html,Julho_2026,monthly,2026-08-04T14:37:00
2026-07-06,06,1106.5,162,Dados de Utilização do Transporte Municipal/Julho_2026/Mensal/Mensal_Linhas_202607.html,Julho_2026,monthly,2026-08-04T14:37:00
2026-07-06,07,870.0,131,Dados de Utilização do Transporte Municipal/Julho_2026/Mensal/Mensal_Linhas_202607.html,Julho_2026,monthly,2026-08-04T14:37:00
2026-07-06,08,448.7,62,Dados de Utilização do Transporte Municipal/Julho_2026/Mensal/Mensal_Linhas_202607.html,Julho_2026,monthly,2026-08-04T14:37:00
2026-07-06,10,691.5,120,Dados de Utilização do Transporte Municipal/Julho_2026/Mensal/Mensal_Linhas_202607.html,Julho_2026,monthly,2026-08-04T14:37:00
2026-07-06,11,562.1,200,Dados de Utilização do Transporte Municipal/Julho_2026/Mensal/Mensal_Linhas_202607.html,Julho_2026,monthly,2026-08-04T14:37:00
2026-07-07,01,764.3,120,Dados de Utilização do Transporte Municipal/Julho_2026/Mensal/Mensal_Linhas_202607.html,Julho_2026,monthly,2026-08-04T14:37:00
2026-07-07,02,909.5,196,Dados de Utilização do Transporte Municipal/Julho_2026/Mensal/Mensal_Linhas_202607.html,Julho_2026,monthly,2026-08-04T14:37:00
2026-07-07,03,1414.1,200,Dados de Utilização do Transporte Municipal/Julho_2026/Mensal/Mensal_Linhas_202607.html,Julho_2026,monthly,2026-08-04T14:37:00
2026-07-07,04,875.0,100,Dados de Utilização do Transporte Municipal/Julho_2026/Mensal/Mensal_Linhas_202607.html,Julho_2026,monthly,2026-08-04T14:37:00
2026-07-07,05,873.8,100,Dados de Utilização do Transporte Municipal/Julho_2026/Mensal/Mensal_Linhas_202607.html,Julho_2026,monthly,2026-08-04T14:37:00
2026-07-07,06,1107.1,162,Dados de Utilização do Transporte Municipal/Julho_2026/Mensal/Mensal_Linhas_202607.html,Julho_2026,monthly,2026-08-04T14:37:00
2026-07-07,07,891.9,134,Dados de Utilização do Transporte Municipal/Julho_2026/Mensal/Mensal_Linhas_202607.html,Julho_2026,monthly,2026-08-04T14:37:00
2026-07-07,08,448.8,62,Dados de Utilização do Transporte Municipal/Julho_2026/Mensal/Mensal_Linhas_202607.html,Julho_2026,monthly,2026-08-04T14:37:00
2026-07-07,10,692.9,120,Dados de Utilização do Transporte Municipal/Julho_2026/Mensal/Mensal_Linhas_202607.html,Julho_2026,monthly,2026-08-04T14:37:00
2026-07-07,11,561.2,200,Dados de Utilização do Transporte Municipal/Julho_2026/Mensal/Mensal_Linhas_202607.html,Julho_2026,monthly,2026-08-04T14:37:00
2026-07-08,01,761.9,120,Dados de Utilização do Transporte Municipal/Julho_2026/Mensal/Mensal_Linhas_202607.html,Julho_2026,monthly,2026-08-04T14:37:00
2026-07-08,02,900.9,195,Dados de Utilização do Transporte Municipal/Julho_2026/Mensal/Mensal_Linhas_202607.html,Julho_2026,monthly,2026-08-04T14:37:00
2026-07-08,03,1415.2,200,Dados de Utilização do Transporte Municipal/Julho_2026/Mensal/Mensal_Linhas_202607.html,Julho_2026,monthly,2026-08-04T14:37:00
2026-07-08,04,876.2,100,Dados de Utilização do Transporte Municipal/Julho_2026/Mensal/Mensal_Linhas_202607.html,Julho_2026,monthly,2026-08-04T14:37:00
2026-07-08,05,871.4,100,Dados de Utilização do Transporte Municipal/Julho_2026/Mensal/Mensal_Linhas_202607.html,Julho_2026,monthly,2026-08-04T14:37:00
2026-07-08,06,1106.7,162,Dados de Utilização do Transporte Municipal/Julho_2026/Mensal/Mensal_Linhas_202607.html,Julho_2026,monthly,2026-08-04T14:37:00
2026-07-08,07,913.5,134,Dados de Utilização do Transporte Municipal/Julho_2026/Mensal/Mensal_Linhas_202607.html,Julho_2026,monthly,2026-08-04T14:37:00
2026-07-08,08,449.2,62,Dados de Utilização do Transporte Municipal/Julho_2026/Mensal/Mensal_Linhas_202607.html,Julho_2026,monthly,2026-08-04T14:37:00
2026-07-08,10,690.4,120,Dados de Utilização do Transporte Municipal/Julho_2026/Mensal/Mensal_Linhas_202607.html,Julho_2026,monthly,2026-08-04T14:37:00
2026-07-08,11,559.8,199,Dados de Utilização do Transporte Municipal/Julho_2026/Mensal/Mensal_Linhas_202607.html,Julho_2026,monthly,2026-08-04T14:37:00
2026-07-09,01,484.0,76,Dados de Utilização do Transporte Municipal/Julho_2026/Mensal/Mensal_Linhas_202607.html,Julho_2026,monthly,2026-08-04T14:37:00
2026-07-09,02,568.4,123,Dados de Utilização do Transporte Municipal/Julho_2026/Mensal/Mensal_Linhas_202607.html,Julho_2026,monthly,2026-08-04T14:37:00
2026-07-09,03,707.3,100,Dados de Utilização do Transporte Municipal/Julho_2026/Mensal/Mensal_Linhas_202607.html,Julho_2026,monthly,2026-08-04T14:37:00
2026-07-09,04,646.2,74,Dados de Utilização do Transporte Municipal/Julho_2026/Mensal/Mensal_Linhas_202607.html,Julho_2026,monthly,2026-08-04T14:37:00
2026-07-09,05,645.4,74,Dados de Utilização do Transporte Municipal/Julho_2026/Mensal/Mensal_Linhas_202607.html,Julho_2026,monthly,2026-08-04T14:37:00
2026-07-09,06,547.9,80,Dados de Utilização do Transporte Municipal/Julho_2026/Mensal/Mensal_Linhas_202607.html,Julho_2026,monthly,2026-08-04T14:37:00
2026-07-09,07,456.8,68,Dados de Utilização do Transporte Municipal/Julho_2026/Mensal/Mensal_Linhas_202607.html,Julho_2026,monthly,2026-08-04T14:37:00
2026-07-09,08,263.8,37,Dados de Utilização do Transporte Municipal/Julho_2026/Mensal/Mensal_Linhas_202607.html,Julho_2026,monthly,2026-08-04T14:37:00
2026-07-09,10,439.2,76,Dados de Utilização do Transporte Municipal/Julho_2026/Mensal/Mensal_Linhas_202607.html,Julho_2026,monthly,2026-08-04T14:37:00
2026-07-09,11,377.2,134,Dados de Utilização do Transporte Municipal/Julho_2026/Mensal/Mensal_Linhas_202607.html,Julho_2026,monthly,2026-08-04T14:37:00
2026-07-10,01,624.0,98,Dados de Utilização do Transporte Municipal/Julho_2026/Mensal/Mensal_Linhas_202607.html,Julho_2026,monthly,2026-08-04T14:37:00
2026-07-10,02,729.4,158,Dados de Utilização do Transporte Municipal/Julho_2026/Mensal/Mensal_Linhas_202607.html,Julho_2026,monthly,2026-08-04T14:37:00
2026-07-10,03,1004.1,142,Dados de Utilização do Transporte Municipal/Julho_2026/Mensal/Mensal_Linhas_202607.html,Julho_2026,monthly,2026-08-04T14:37:00
2026-07-10,04,839.1,96,Dados de Utilização do Transporte Municipal/Julho_2026/Mensal/Mensal_Linhas_202607.html,Julho_2026,monthly,2026-08-04T14:37:00
2026-07-10,05,836.9,96,Dados de Utilização do Transporte Municipal/Julho_2026/Mensal/Mensal_Linhas_202607.html,Julho_2026,monthly,2026-08-04T14:37:00
2026-07-10,06,903.7,132,Dados de Utilização do Transporte Municipal/Julho_2026/Mensal/Mensal_Linhas_202607.html,Julho_2026,monthly,2026-08-04T14:37:00
2026-07-10,07,703.8,106,Dados de Utilização do Transporte Municipal/Julho_2026/Mensal/Mensal_Linhas_202607.html,Julho_2026,monthly,2026-08-04T14:37:00
2026-07-10,08,248.7,35,Dados de Utilização do Transporte Municipal/Julho_2026/Mensal/Mensal_Linhas_202607.html,Julho_2026,monthly,2026-08-04T14:37:00
2026-07-10,10,566.5,98,Dados de Utilização do Transporte Municipal/Julho_2026/Mensal/Mensal_Linhas_202607.html,Julho_2026,monthly,2026-08-04T14:37:00
2026-07-10,11,375.0,134,Dados de Utilização do Transporte Municipal/Julho_2026/Mensal/Mensal_Linhas_202607.html,Julho_2026,monthly,2026-08-04T14:37:00
2026-07-11,01,609.8,96,Dados de Utilização do Transporte Municipal/Julho_2026/Mensal/Mensal_Linhas_202607.html,Julho_2026,monthly,2026-08-04T14:37:00
2026-07-11,02,738.7,160,Dados de Utilização do Transporte Municipal/Julho_2026/Mensal/Mensal_Linhas_202607.html,Julho_2026,monthly,2026-08-04T14:37:00
2026-07-11,03,1003.1,142,Dados de Utilização do Transporte Municipal/Julho_2026/Mensal/Mensal_Linhas_202607.html,Julho_2026,monthly,2026-08-04T14:37:00
2026-07-11,04,837.2,96,Dados de Utilização do Transporte Municipal/Julho_2026/Mensal/Mensal_Linhas_202607.html,Julho_2026,monthly,2026-08-04T14:37:00
2026-07-11,05,835.4,96,Dados de Utilização do Transporte Municipal/Julho_2026/Mensal/Mensal_Linhas_202607.html,Julho_2026,monthly,2026-08-04T14:37:00
2026-07-11,06,911.4,132,Dados de Utilização do Transporte Municipal/Julho_2026/Mensal/Mensal_Linhas_202607.html,Julho_2026,monthly,2026-08-04T14:37:00
2026-07-11,07,702.0,106,Dados de Utilização do Transporte Municipal/Julho_2026/Mensal/Mensal_Linhas_202607.html,Julho_2026,monthly,2026-08-04T14:37:00
2026-07-11,08,263.8,37,Dados de Utilização do Transporte Municipal/Julho_2026/Mensal/Mensal_Linhas_202607.html,Julho_2026,monthly,2026-08-04T14:37:00
2026-07-11,10,565.3,98,Dados de Utilização do Transporte Municipal/Julho_2026/Mensal/Mensal_Linhas_202607.html,Julho_2026,monthly,2026-08-04T14:37:00
2026-07-11,11,376.7,134,Dados de Utilização do Transporte Municipal/Julho_2026/Mensal/Mensal_Linhas_202607.html,Julho_2026,monthly,2026-08-04T14:37:00
2026-07-12,01,482.3,76,Dados de Utilização do Transporte Municipal/Julho_2026/Mensal/Mensal_Linhas_202607.html,Julho_2026,monthly,2026-08-04T14:37:00
2026-07-12,02,568.6,123,Dados de Utilização do Transporte Municipal/Julho_2026/Mensal/Mensal_Linhas_202607.html,Julho_2026,monthly,2026-08-04T14:37:00
2026-07-12,03,706.3,100,Dados de Utilização do Transporte Municipal/Julho_2026/Mensal/Mensal_Linhas_202607.html,Julho_2026,monthly,2026-08-04T14:37:00
2026-07-12,04,648.2,74,Dados de Utilização do Transporte Municipal/Julho_2026/Mensal/Mensal_Linhas_202607.html,Julho_2026,monthly,2026-08-04T14:37:00
2026-07-12,05,645.2,74,Dados de Utilização do Transporte Municipal/Julho_2026/Mensal/Mensal_Linhas_202607.html,Julho_2026,monthly,2026-08-04T14:37:00
2026-07-12,06,553.3,80,Dados de Utilização do Transporte Municipal/Julho_2026/Mensal/Mensal_Linhas_202607.html,Julho_2026,monthly,2026-08-04T14:37:00
2026-07-12,07,451.1,68,Dados de Utilização do Transporte Municipal/Julho_2026/Mensal/Mensal_Linhas_202607.html,Julho_2026,monthly,2026-08-04T14:37:00
2026-07-12,08,265.2,37,Dados de Utilização do Transporte Municipal/Julho_2026/Mensal/Mensal_Linhas_202607.html,Julho_2026,monthly,2026-08-04T14:37:00
2026-07-12,10,436.7,76,Dados de Utilização do Transporte Municipal/Julho_2026/Mensal/Mensal_Linhas_202607.html,Julho_2026,monthly,2026-08-04T14:37:00
2026-07-12,11,371.4,132,Dados de Utilização do Transporte Municipal/Julho_2026/Mensal/Mensal_Linhas_202607.html,Julho_2026,monthly,2026-08-04T14:37:00
2026-07-13,01,762.8,120,Dados de Utilização do Transporte Municipal/Julho_2026/Mensal/Mensal_Linhas_202607.html,Julho_2026,monthly,2026-08-04T14:37:00
2026-07-13,02,907.5,196,Dados de Utilização do Transporte Municipal/Julho_2026/Mensal/Mensal_Linhas_202607.html,Julho_2026,monthly,2026-08-04T14:37:00
2026-07-13,03,1413.6,200,Dados de Utilização do Transporte Municipal/Julho_2026/Mensal/Mensal_Linhas_202607.html,Julho_2026,monthly,2026-08-04T14:37:00
2026-07-13,04,875.9,100,Dados de Utilização do Transporte Municipal/Julho_2026/Mensal/Mensal_Linhas_202607.html,Julho_2026,monthly,2026-08-04T14:37:00
2026-07-13,05,871.1,100,Dados de Utilização do Transporte Municipal/Julho_2026/Mensal/Mensal_Linhas_202607.html,Julho_2026,monthly,2026-08-04T14:37:00
2026-07-13,06,1107.3,162,Dados de Utilização do Transporte Municipal/Julho_2026/Mensal/Mensal_Linhas_202607.html,Julho_2026,monthly,2026-08-04T14:37:00
2026-07-13,07,891.2,134,Dados de Utilização do Transporte Municipal/Julho_2026/Mensal/Mensal_Linhas_202607.html,Julho_2026,monthly,2026-08-04T14:37:00
2026-07-13,08,427.1,62,Dados de Utilização do Transporte Municipal/Julho_2026/Mensal/Mensal_Linhas_202607.html,Julho_2026,monthly,2026-08-04T14:37:00
2026-07-13,10,691.2,120,Dados de Utilização do Transporte Municipal/Julho_2026/Mensal/Mensal_Linhas_202607.html,Julho_2026,monthly,2026-08-04T14:37:00
2026-07-13,11,563.6,200,Dados de Utilização do Transporte Municipal/Julho_2026/Mensal/Mensal_Linhas_202607.html,Julho_2026,monthly,2026-08-04T14:37:00
2026-07-14,01,765.2,120,Dados de Utilização do Transporte Municipal/Julho_2026/Mensal/Mensal_Linhas_202607.html,Julho_2026,monthly,2026-08-04T14:37:00
2026-07-14,02,905.7,196,Dados de Utilização do Transporte Municipal/Julho_2026/Mensal/Mensal_Linhas_202607.html,Julho_2026,monthly,2026-08-04T14:37:00
2026-07-14,03,1414.8,200,Dados de Utilização do Transporte Municipal/Julho_2026/Mensal/Mensal_Linhas_202607.html,Julho_2026,monthly,2026-08-04T14:37:00
2026-07-14,04,879.0,100,Dados de Utilização do Transporte Municipal/Julho_2026/Mensal/Mensal_Linhas_202607.html,Julho_2026,monthly,2026-08-04T14:37:00
2026-07-14,05,873.1,100,Dados de Utilização do Transporte Municipal/Julho_2026/Mensal/Mensal_Linhas_202607.html,Julho_2026,monthly,2026-08-04T14:37:00
2026-07-14,06,1106.6,162,Dados de Utilização do Transporte Municipal/Julho_2026/Mensal/Mensal_Linhas_202607.html,Julho_2026,monthly,2026-08-04T14:37:00
2026-07-14,07,887.4,134,Dados de Utilização do Transporte Municipal/Julho_2026/Mensal/Mensal_Linhas_202607.html,Julho_2026,monthly,2026-08-04T14:37:00
2026-07-14,08,407.7,60,Dados de Utilização do Transporte Municipal/Julho_2026/Mensal/Mensal_Linhas_202607.html,Julho_2026,monthly,2026-08-04T14:37:00
2026-07-14,10,693.4,120,Dados de Utilização do Transporte Municipal/Julho_2026/Mensal/Mensal_Linhas_202607.html,Julho_2026,monthly,2026-08-04T14:37:00
2026-07-14,11,562.6,200,Dados de Utilização do Transporte Municipal/Julho_2026/Mensal/Mensal_Linhas_202607.html,Julho_2026,monthly,2026-08-04T14:37:00
2026-07-15,01,712.7,122,Dados de Utilização do Transporte Municipal/Julho_2026/Mensal/Mensal_Linhas_202607.html,Julho_2026,monthly,2026-08-04T14:37:00
2026-07-15,02,1656.3,221,Dados de Utilização do Transporte Municipal/Julho_2026/Mensal/Mensal_Linhas_202607.html,Julho_2026,monthly,2026-08-04T14:37:00
2026-07-15,03,1728.6,224,Dados de Utilização do Transporte Municipal/Julho_2026/Mensal/Mensal_Linhas_202607.html,Julho_2026,monthly,2026-08-04T14:37:00
2026-07-15,04,1028.8,118,Dados de Utilização do Transporte Municipal/Julho_2026/Mensal/Mensal_Linhas_202607.html,Julho_2026,monthly,2026-08-04T14:37:00
2026-07-15,05,1028.7,118,Dados de Utilização do Transporte Municipal/Julho_2026/Mensal/Mensal_Linhas_202607.html,Julho_2026,monthly,2026-08-04T14:37:00
2026-07-15,06,1106.3,162,Dados de Utilização do Transporte Municipal/Julho_2026/Mensal/Mensal_Linhas_202607.html,Julho_2026,monthly,2026-08-04T14:37:00
2026-07-15,07,890.9,128,Dados de Utilização do Transporte Municipal/Julho_2026/Mensal/Mensal_Linhas_202607.html,Julho_2026,monthly,2026-08-04T14:37:00
2026-07-15,08,415.2,62,Dados de Utilização do Transporte Municipal/Julho_2026/Mensal/Mensal_Linhas_202607.html,Julho_2026,monthly,2026-08-04T14:37:00
2026-07-15,10,759.0,122,Dados de Utilização do Transporte Municipal/Julho_2026/Mensal/Mensal_Linhas_202607.html,Julho_2026,monthly,2026-08-04T14:37:00
2026-07-16,01,770.0,122,Dados de Utilização do Transporte Municipal/Julho_2026/Mensal/Mensal_Linhas_202607.html,Julho_2026,monthly,2026-08-04T14:37:00
2026-07-16,02,1668.2,222,Dados de Utilização do Transporte Municipal/Julho_2026/Mensal/Mensal_Linhas_202607.html,Julho_2026,monthly,2026-08-04T14:37:00
2026-07-16,03,1706.4,221,Dados de Utilização do Transporte Municipal/Julho_2026/Mensal/Mensal_Linhas_202607.html,Julho_2026,monthly,2026-08-04T14:37:00
2026-07-16,04,1032.0,118,Dados de Utilização do Transporte Municipal/Julho_2026/Mensal/Mensal_Linhas_202607.html,Julho_2026,monthly,2026-08-04T14:37:00
2026-07-16,05,1030.3,118,Dados de Utilização do Transporte Municipal/Julho_2026/Mensal/Mensal_Linhas_202607.html,Julho_2026,monthly,2026-08-04T14:37:00
2026-07-16,06,1109.8,162,Dados de Utilização do Transporte Municipal/Julho_2026/Mensal/Mensal_Linhas_202607.html,Julho_2026,monthly,2026-08-04T14:37:00
2026-07-16,07,903.4,128,Dados de Utilização do Transporte Municipal/Julho_2026/Mensal/Mensal_Linhas_202607.html,Julho_2026,monthly,2026-08-04T14:37:00
2026-07-16,08,415.9,62,Dados de Utilização do Transporte Municipal/Julho_2026/Mensal/Mensal_Linhas_202607.html,Julho_2026,monthly,2026-08-04T14:37:00
2026-07-16,10,758.9,122,Dados de Utilização do Transporte Municipal/Julho_2026/Mensal/Mensal_Linhas_202607.html,Julho_2026,monthly,2026-08-04T14:37:00
2026-07-17,01,809.2,122,Dados de Utilização do Transporte Municipal/Julho_2026/Mensal/Mensal_Linhas_202607.html,Julho_2026,monthly,2026-08-04T14:37:00
2026-07-17,02,1684.2,224,Dados de Utilização do Transporte Municipal/Julho_2026/Mensal/Mensal_Linhas_202607.html,Julho_2026,monthly,2026-08-04T14:37:00
2026-07-17,03,1732.3,224,Dados de Utilização do Transporte Municipal/Julho_2026/Mensal/Mensal_Linhas_202607.html,Julho_2026,monthly,2026-08-04T14:37:00
2026-07-17,04,1031.5,118,Dados de Utilização do Transporte Municipal/Julho_2026/Mensal/Mensal_Linhas_202607.html,Julho_2026,monthly,2026-08-04T14:37:00
2026-07-17,05,1027.4,118,Dados de Utilização do Transporte Municipal/Julho_2026/Mensal/Mensal_Linhas_202607.html,Julho_2026,monthly,2026-08-04T14:37:00
2026-07-17,06,1107.5,162,Dados de Utilização do Transporte Municipal/Julho_2026/Mensal/Mensal_Linhas_202607.html,Julho_2026,monthly,2026-08-04T14:37:00
2026-07-17,07,889.4,127,Dados de Utilização do Transporte Municipal/Julho_2026/Mensal/Mensal_Linhas_202607.html,Julho_2026,monthly,2026-08-04T14:37:00
2026-07-17,08,413.9,62,Dados de Utilização do Transporte Municipal/Julho_2026/Mensal/Mensal_Linhas_202607.html,Julho_2026,monthly,2026-08-04T14:37:00
2026-07-17,10,758.4,122,Dados de Utilização do Transporte Municipal/Julho_2026/Mensal/Mensal_Linhas_202607.html,Julho_2026,monthly,2026-08-04T14:37:00
2026-07-18,01,653.4,98,Dados de Utilização do Transporte Municipal/Julho_2026/Mensal/Mensal_Linhas_202607.html,Julho_2026,monthly,2026-08-04T14:37:00
2026-07-18,02,992.5,132,Dados de Utilização do Transporte Municipal/Julho_2026/Mensal/Mensal_Linhas_202607.html,Julho_2026,monthly,2026-08-04T14:37:00
2026-07-18,03,1020.0,132,Dados de Utilização do Transporte Municipal/Julho_2026/Mensal/Mensal_Linhas_202607.html,Julho_2026,monthly,2026-08-04T14:37:00
2026-07-18,04,862.4,98,Dados de Utilização do Transporte Municipal/Julho_2026/Mensal/Mensal_Linhas_202607.html,Julho_2026,monthly,2026-08-04T14:37:00
2026-07-18,05,852.6,98,Dados de Utilização do Transporte Municipal/Julho_2026/Mensal/Mensal_Linhas_202607.html,Julho_2026,monthly,2026-08-04T14:37:00
2026-07-18,06,860.0,124,Dados de Utilização do Transporte Municipal/Julho_2026/Mensal/Mensal_Linhas_202607.html,Julho_2026,monthly,2026-08-04T14:37:00
2026-07-18,07,737.9,106,Dados de Utilização do Transporte Municipal/Julho_2026/Mensal/Mensal_Linhas_202607.html,Julho_2026,monthly,2026-08-04T14:37:00
2026-07-18,08,253.6,38,Dados de Utilização do Transporte Municipal/Julho_2026/Mensal/Mensal_Linhas_202607.html,Julho_2026,monthly,2026-08-04T14:37:00
2026-07-18,10,610.7,98,Dados de Utilização do Transporte Municipal/Julho_2026/Mensal/Mensal_Linhas_202607.html,Julho_2026,monthly,2026-08-04T14:37:00
2026-07-19,01,502.9,76,Dados de Utilização do Transporte Municipal/Julho_2026/Mensal/Mensal_Linhas_202607.html,Julho_2026,monthly,2026-08-04T14:37:00
2026-07-19,02,721.5,96,Dados de Utilização do Transporte Municipal/Julho_2026/Mensal/Mensal_Linhas_202607.html,Julho_2026,monthly,2026-08-04T14:37:00
2026-07-19,03,765.1,98,Dados de Utilização do Transporte Municipal/Julho_2026/Mensal/Mensal_Linhas_202607.html,Julho_2026,monthly,2026-08-04T14:37:00
2026-07-19,04,663.6,76,Dados de Utilização do Transporte Municipal/Julho_2026/Mensal/Mensal_Linhas_202607.html,Julho_2026,monthly,2026-08-04T14:37:00
2026-07-19,05,730.0,84,Dados de Utilização do Transporte Municipal/Julho_2026/Mensal/Mensal_Linhas_202607.html,Julho_2026,monthly,2026-08-04T14:37:00
2026-07-19,06,663.2,96,Dados de Utilização do Transporte Municipal/Julho_2026/Mensal/Mensal_Linhas_202607.html,Julho_2026,monthly,2026-08-04T14:37:00
2026-07-19,07,473.7,68,Dados de Utilização do Transporte Municipal/Julho_2026/Mensal/Mensal_Linhas_202607.html,Julho_2026,monthly,2026-08-04T14:37:00
2026-07-19,08,252.9,38,Dados de Utilização do Transporte Municipal/Julho_2026/Mensal/Mensal_Linhas_202607.html,Julho_2026,monthly,2026-08-04T14:37:00
2026-07-19,10,478.7,76,Dados de Utilização do Transporte Municipal/Julho_2026/Mensal/Mensal_Linhas_202607.html,Julho_2026,monthly,2026-08-04T14:37:00
2026-07-20,01,810.5,122,Dados de Utilização do Transporte Municipal/Julho_2026/Mensal/Mensal_Linhas_202607.html,Julho_2026,monthly,2026-08-04T14:37:00
2026-07-20,02,1684.6,224,Dados de Utilização do Transporte Municipal/Julho_2026/Mensal/Mensal_Linhas_202607.html,Julho_2026,monthly,2026-08-04T14:37:00
2026-07-20,03,1733.0,224,Dados de Utilização do Transporte Municipal/Julho_2026/Mensal/Mensal_Linhas_202607.html,Julho_2026,monthly,2026-08-04T14:37:00
2026-07-20,04,1030.1,118,Dados de Utilização do Transporte Municipal/Julho_2026/Mensal/Mensal_Linhas_202607.html,Julho_2026,monthly,2026-08-04T14:37:00
2026-07-20,05,1028.8,118,Dados de Utilização do Transporte Municipal/Julho_2026/Mensal/Mensal_Linhas_202607.html,Julho_2026,monthly,2026-08-04T14:37:00
2026-07-20,06,1106.7,162,Dados de Utilização do Transporte Municipal/Julho_2026/Mensal/Mensal_Linhas_202607.html,Julho_2026,monthly,2026-08-04T14:37:00
2026-07-20,07,892.5,128,Dados de Utilização do Transporte Municipal/Julho_2026/Mensal/Mensal_Linhas_202607.html,Julho_2026,monthly,2026-08-04T14:37:00
2026-07-20,08,413.9,62,Dados de Utilização do Transporte Municipal/Julho_2026/Mensal/Mensal_Linhas_202607.html,Julho_2026,monthly,2026-08-04T14:37:00
2026-07-20,10,760.2,122,Dados de Utilização do Transporte Municipal/Julho_2026/Mensal/Mensal_Linhas_202607.html,Julho_2026,monthly,2026-08-04T14:37:00
2026-07-21,01,810.9,122,Dados de Utilização do Transporte Municipal/Julho_2026/Mensal/Mensal_Linhas_202607.html,Julho_2026,monthly,2026-08-04T14:37:00
2026-07-21,02,1806.0,224,Dados de Utilização do Transporte Municipal/Julho_2026/Mensal/Mensal_Linhas_202607.html,Julho_2026,monthly,2026-08-04T14:37:00
2026-07-21,03,1731.6,224,Dados de Utilização do Transporte Municipal/Julho_2026/Mensal/Mensal_Linhas_202607.html,Julho_2026,monthly,2026-08-04T14:37:00
2026-07-21,04,1030.3,118,Dados de Utilização do Transporte Municipal/Julho_2026/Mensal/Mensal_Linhas_202607.html,Julho_2026,monthly,2026-08-04T14:37:00
2026-07-21,05,1028.3,118,Dados de Utilização do Transporte Municipal/Julho_2026/Mensal/Mensal_Linhas_202607.html,Julho_2026,monthly,2026-08-04T14:37:00
2026-07-21,06,1099.1,161,Dados de Utilização do Transporte Municipal/Julho_2026/Mensal/Mensal_Linhas_202607.html,Julho_2026,monthly,2026-08-04T14:37:00
2026-07-21,07,892.2,128,Dados de Utilização do Transporte Municipal/Julho_2026/Mensal/Mensal_Linhas_202607.html,Julho_2026,monthly,2026-08-04T14:37:00
2026-07-21,08,413.7,62,Dados de Utilização do Transporte Municipal/Julho_2026/Mensal/Mensal_Linhas_202607.html,Julho_2026,monthly,2026-08-04T14:37:00
2026-07-21,10,759.2,122,Dados de Utilização do Transporte Municipal/Julho_2026/Mensal/Mensal_Linhas_202607.html,Julho_2026,monthly,2026-08-04T14:37:00
2026-07-22,01,796.2,120,Dados de Utilização do Transporte Municipal/Julho_2026/Mensal/Mensal_Linhas_202607.html,Julho_2026,monthly,2026-08-04T14:37:00
2026-07-22,02,1803.1,224,Dados de Utilização do Transporte Municipal/Julho_2026/Mensal/Mensal_Linhas_202607.html,Julho_2026,monthly,2026-08-04T14:37:00
2026-07-22,03,1717.1,222,Dados de Utilização do Transporte Municipal/Julho_2026/Mensal/Mensal_Linhas_202607.html,Julho_2026,monthly,2026-08-04T14:37:00
2026-07-22,04,1030.0,118,Dados de Utilização do Transporte Municipal/Julho_2026/Mensal/Mensal_Linhas_202607.html,Julho_2026,monthly,2026-08-04T14:37:00
2026-07-22,05,1029.4,118,Dados de Utilização do Transporte Municipal/Julho_2026/Mensal/Mensal_Linhas_202607.html,Julho_2026,monthly,2026-08-04T14:37:00
2026-07-22,06,1107.9,162,Dados de Utilização do Transporte Municipal/Julho_2026/Mensal/Mensal_Linhas_202607.html,Julho_2026,monthly,2026-08-04T14:37:00
2026-07-22,07,879.3,126,Dados de Utilização do Transporte Municipal/Julho_2026/Mensal/Mensal_Linhas_202607.html,Julho_2026,monthly,2026-08-04T14:37:00
2026-07-22,08,415.0,62,Dados de Utilização do Transporte Municipal/Julho_2026/Mensal/Mensal_Linhas_202607.html,Julho_2026,monthly,2026-08-04T14:37:00
2026-07-22,10,759.4,122,Dados de Utilização do Transporte Municipal/Julho_2026/Mensal/Mensal_Linhas_202607.html,Julho_2026,monthly,2026-08-04T14:37:00
2026-07-23,01,808.7,122,Dados de Utilização do Transporte Municipal/Julho_2026/Mensal/Mensal_Linhas_202607.html,Julho_2026,monthly,2026-08-04T14:37:00
2026-07-23,02,1800.8,224,Dados de Utilização do Transporte Municipal/Julho_2026/Mensal/Mensal_Linhas_202607.html,Julho_2026,monthly,2026-08-04T14:37:00
2026-07-23,03,1732.6,224,Dados de Utilização do Transporte Municipal/Julho_2026/Mensal/Mensal_Linhas_202607.html,Julho_2026,monthly,2026-08-04T14:37:00
2026-07-23,04,1028.8,118,Dados de Utilização do Transporte Municipal/Julho_2026/Mensal/Mensal_Linhas_202607.html,Julho_2026,monthly,2026-08-04T14:37:00
2026-07-23,05,1028.3,118,Dados de Utilização do Transporte Municipal/Julho_2026/Mensal/Mensal_Linhas_202607.html,Julho_2026,monthly,2026-08-04T14:37:00
2026-07-23,06,1107.4,162,Dados de Utilização do Transporte Municipal/Julho_2026/Mensal/Mensal_Linhas_202607.html,Julho_2026,monthly,2026-08-04T14:37:00
2026-07-23,07,904.4,128,Dados de Utilização do Transporte Municipal/Julho_2026/Mensal/Mensal_Linhas_202607.html,Julho_2026,monthly,2026-08-04T14:37:00
2026-07-23,08,415.2,62,Dados de Utilização do Transporte Municipal/Julho_2026/Mensal/Mensal_Linhas_202607.html,Julho_2026,monthly,2026-08-04T14:37:00
2026-07-23,10,758.4,122,Dados de Utilização do Transporte Municipal/Julho_2026/Mensal/Mensal_Linhas_202607.html,Julho_2026,monthly,2026-08-04T14:37:00
2026-07-24,01,811.4,122,Dados de Utilização do Transporte Municipal/Julho_2026/Mensal/Mensal_Linhas_202607.html,Julho_2026,monthly,2026-08-04T14:37:00
2026-07-24,02,1803.6,224,Dados de Utilização do Transporte Municipal/Julho_2026/Mensal/Mensal_Linhas_202607.html,Julho_2026,monthly,2026-08-04T14:37:00
2026-07-24,03,1734.5,224,Dados de Utilização do Transporte Municipal/Julho_2026/Mensal/Mensal_Linhas_202607.html,Julho_2026,monthly,2026-08-04T14:37:00
2026-07-24,04,1024.6,118,Dados de Utilização do Transporte Municipal/Julho_2026/Mensal/Mensal_Linhas_202607.html,Julho_2026,monthly,2026-08-04T14:37:00
2026-07-24,05,1034.5,118,Dados de Utilização do Transporte Municipal/Julho_2026/Mensal/Mensal_Linhas_202607.html,Julho_2026,monthly,2026-08-04T14:37:00
2026-07-24,06,1100.4,162,Dados de Utilização do Transporte Municipal/Julho_2026/Mensal/Mensal_Linhas_202607.html,Julho_2026,monthly,2026-08-04T14:37:00
2026-07-24,07,892.6,128,Dados de Utilização do Transporte Municipal/Julho_2026/Mensal/Mensal_Linhas_202607.html,Julho_2026,monthly,2026-08-04T14:37:00
2026-07-24,08,414.4,62,Dados de Utilização do Transporte Municipal/Julho_2026/Mensal/Mensal_Linhas_202607.html,Julho_2026,monthly,2026-08-04T14:37:00
2026-07-24,10,759.5,122,Dados de Utilização do Transporte Municipal/Julho_2026/Mensal/Mensal_Linhas_202607.html,Julho_2026,monthly,2026-08-04T14:37:00
2026-07-25,01,649.8,98,Dados de Utilização do Transporte Municipal/Julho_2026/Mensal/Mensal_Linhas_202607.html,Julho_2026,monthly,2026-08-04T14:37:00
2026-07-25,02,1059.1,132,Dados de Utilização do Transporte Municipal/Julho_2026/Mensal/Mensal_Linhas_202607.html,Julho_2026,monthly,2026-08-04T14:37:00
2026-07-25,03,1019.2,132,Dados de Utilização do Transporte Municipal/Julho_2026/Mensal/Mensal_Linhas_202607.html,Julho_2026,monthly,2026-08-04T14:37:00
2026-07-25,04,855.1,98,Dados de Utilização do Transporte Municipal/Julho_2026/Mensal/Mensal_Linhas_202607.html,Julho_2026,monthly,2026-08-04T14:37:00
2026-07-25,05,852.6,98,Dados de Utilização do Transporte Municipal/Julho_2026/Mensal/Mensal_Linhas_202607.html,Julho_2026,monthly,2026-08-04T14:37:00
2026-07-25,06,856.2,124,Dados de Utilização do Transporte Municipal/Julho_2026/Mensal/Mensal_Linhas_202607.html,Julho_2026,monthly,2026-08-04T14:37:00
2026-07-25,07,737.6,106,Dados de Utilização do Transporte Municipal/Julho_2026/Mensal/Mensal_Linhas_202607.html,Julho_2026,monthly,2026-08-04T14:37:00
2026-07-25,08,253.1,38,Dados de Utilização do Transporte Municipal/Julho_2026/Mensal/Mensal_Linhas_202607.html,Julho_2026,monthly,2026-08-04T14:37:00
2026-07-25,10,609.1,98,Dados de Utilização do Transporte Municipal/Julho_2026/Mensal/Mensal_Linhas_202607.html,Julho_2026,monthly,2026-08-04T14:37:00
2026-07-26,01,489.7,74,Dados de Utilização do Transporte Municipal/Julho_2026/Mensal/Mensal_Linhas_202607.html,Julho_2026,monthly,2026-08-04T14:37:00
2026-07-26,02,773.6,96,Dados de Utilização do Transporte Municipal/Julho_2026/Mensal/Mensal_Linhas_202607.html,Julho_2026,monthly,2026-08-04T14:37:00
2026-07-26,03,757.5,98,Dados de Utilização do Transporte Municipal/Julho_2026/Mensal/Mensal_Linhas_202607.html,Julho_2026,monthly,2026-08-04T14:37:00
2026-07-26,04,663.5,76,Dados de Utilização do Transporte Municipal/Julho_2026/Mensal/Mensal_Linhas_202607.html,Julho_2026,monthly,2026-08-04T14:37:00
2026-07-26,05,722.8,83,Dados de Utilização do Transporte Municipal/Julho_2026/Mensal/Mensal_Linhas_202607.html,Julho_2026,monthly,2026-08-04T14:37:00
2026-07-26,06,665.0,96,Dados de Utilização do Transporte Municipal/Julho_2026/Mensal/Mensal_Linhas_202607.html,Julho_2026,monthly,2026-08-04T14:37:00
2026-07-26,07,473.2,68,Dados de Utilização do Transporte Municipal/Julho_2026/Mensal/Mensal_Linhas_202607.html,Julho_2026,monthly,2026-08-04T14:37:00
2026-07-26,08,254.3,38,Dados de Utilização do Transporte Municipal/Julho_2026/Mensal/Mensal_Linhas_202607.html,Julho_2026,monthly,2026-08-04T14:37:00
2026-07-26,10,472.7,76,Dados de Utilização do Transporte Municipal/Julho_2026/Mensal/Mensal_Linhas_202607.html,Julho_2026,monthly,2026-08-04T14:37:00
2026-07-27,01,809.3,122,Dados de Utilização do Transporte Municipal/Julho_2026/Mensal/Mensal_Linhas_202607.html,Julho_2026,monthly,2026-08-04T14:37:00
2026-07-27,02,1598.9,198,Dados de Utilização do Transporte Municipal/Julho_2026/Mensal/Mensal_Linhas_202607.html,Julho_2026,monthly,2026-08-04T14:37:00
2026-07-27,03,1508.6,195,Dados de Utilização do Transporte Municipal/Julho_2026/Mensal/Mensal_Linhas_202607.html,Julho_2026,monthly,2026-08-04T14:37:00
2026-07-27,04,855.9,98,Dados de Utilização do Transporte Municipal/Julho_2026/Mensal/Mensal_Linhas_202607.html,Julho_2026,monthly,2026-08-04T14:37:00
2026-07-27,05,872.6,100,Dados de Utilização do Transporte Municipal/Julho_2026/Mensal/Mensal_Linhas_202607.html,Julho_2026,monthly,2026-08-04T14:37:00
2026-07-27,06,892.8,131,Dados de Utilização do Transporte Municipal/Julho_2026/Mensal/Mensal_Linhas_202607.html,Julho_2026,monthly,2026-08-04T14:37:00
2026-07-27,07,730.9,105,Dados de Utilização do Transporte Municipal/Julho_2026/Mensal/Mensal_Linhas_202607.html,Julho_2026,monthly,2026-08-04T14:37:00
2026-07-27,08,415.5,62,Dados de Utilização do Transporte Municipal/Julho_2026/Mensal/Mensal_Linhas_202607.html,Julho_2026,monthly,2026-08-04T14:37:00
2026-07-27,10,757.4,122,Dados de Utilização do Transporte Municipal/Julho_2026/Mensal/Mensal_Linhas_202607.html,Julho_2026,monthly,2026-08-04T14:37:00
2026-07-28,01,651.6,98,Dados de Utilização do Transporte Municipal/Julho_2026/Mensal/Mensal_Linhas_202607.html,Julho_2026,monthly,2026-08-04T14:37:00
2026-07-28,02,1062.9,132,Dados de Utilização do Transporte Municipal/Julho_2026/Mensal/Mensal_Linhas_202607.html,Julho_2026,monthly,2026-08-04T14:37:00
2026-07-28,03,1020.9,132,Dados de Utilização do Transporte Municipal/Julho_2026/Mensal/Mensal_Linhas_202607.html,Julho_2026,monthly,2026-08-04T14:37:00
2026-07-28,04,858.4,98,Dados de Utilização do Transporte Municipal/Julho_2026/Mensal/Mensal_Linhas_202607.html,Julho_2026,monthly,2026-08-04T14:37:00
2026-07-28,05,856.3,98,Dados de Utilização do Transporte Municipal/Julho_2026/Mensal/Mensal_Linhas_202607.html,Julho_2026,monthly,2026-08-04T14:37:00
2026-07-28,06,845.8,124,Dados de Utilização do Transporte Municipal/Julho_2026/Mensal/Mensal_Linhas_202607.html,Julho_2026,monthly,2026-08-04T14:37:00
2026-07-28,07,730.1,105,Dados de Utilização do Transporte Municipal/Julho_2026/Mensal/Mensal_Linhas_202607.html,Julho_2026,monthly,2026-08-04T14:37:00
2026-07-28,08,253.6,38,Dados de Utilização do Transporte Municipal/Julho_2026/Mensal/Mensal_Linhas_202607.html,Julho_2026,monthly,2026-08-04T14:37:00
2026-07-28,10,609.3,98,Dados de Utilização do Transporte Municipal/Julho_2026/Mensal/Mensal_Linhas_202607.html,Julho_2026,monthly,2026-08-04T14:37:00
2026-07-29,01,807.9,122,Dados de Utilização do Transporte Municipal/Julho_2026/Mensal/Mensal_Linhas_202607.html,Julho_2026,monthly,2026-08-04T14:37:00
2026-07-29,02,1807.5,224,Dados de Utilização do Transporte Municipal/Julho_2026/Mensal/Mensal_Linhas_202607.html,Julho_2026,monthly,2026-08-04T14:37:00
2026-07-29,03,1723.7,223,Dados de Utilização do Transporte Municipal/Julho_2026/Mensal/Mensal_Linhas_202607.html,Julho_2026,monthly,2026-08-04T14:37:00
2026-07-29,04,1033.7,118,Dados de Utilização do Transporte Municipal/Julho_2026/Mensal/Mensal_Linhas_202607.html,Julho_2026,monthly,2026-08-04T14:37:00
2026-07-29,05,1030.0,118,Dados de Utilização do Transporte Municipal/Julho_2026/Mensal/Mensal_Linhas_202607.html,Julho_2026,monthly,2026-08-04T14:37:00
2026-07-29,06,1103.0,162,Dados de Utilização do Transporte Municipal/Julho_2026/Mensal/Mensal_Linhas_202607.html,Julho_2026,monthly,2026-08-04T14:37:00
2026-07-29,07,891.6,128,Dados de Utilização do Transporte Municipal/Julho_2026/Mensal/Mensal_Linhas_202607.html,Julho_2026,monthly,2026-08-04T14:37:00
2026-07-29,08,415.6,62,Dados de Utilização do Transporte Municipal/Julho_2026/Mensal/Mensal_Linhas_202607.html,Julho_2026,monthly,2026-08-04T14:37:00
2026-07-29,10,757.7,122,Dados de Utilização do Transporte Municipal/Julho_2026/Mensal/Mensal_Linhas_202607.html,Julho_2026,monthly,2026-08-04T14:37:00
2026-07-30,01,809.6,122,Dados de Utilização do Transporte Municipal/Julho_2026/Mensal/Mensal_Linhas_202607.html,Julho_2026,monthly,2026-08-04T14:37:00
2026-07-30,02,1803.7,224,Dados de Utilização do Transporte Municipal/Julho_2026/Mensal/Mensal_Linhas_202607.html,Julho_2026,monthly,2026-08-04T14:37:00
2026-07-30,03,1732.3,224,Dados de Utilização do Transporte Municipal/Julho_2026/Mensal/Mensal_Linhas_202607.html,Julho_2026,monthly,2026-08-04T14:37:00
2026-07-30,04,1029.1,118,Dados de Utilização do Transporte Municipal/Julho_2026/Mensal/Mensal_Linhas_202607.html,Julho_2026,monthly,2026-08-04T14:37:00
2026-07-30,05,1029.7,118,Dados de Utilização do Transporte Municipal/Julho_2026/Mensal/Mensal_Linhas_202607.html,Julho_2026,monthly,2026-08-04T14:37:00
2026-07-30,06,1106.8,162,Dados de Utilização do Transporte Municipal/Julho_2026/Mensal/Mensal_Linhas_202607.html,Julho_2026,monthly,2026-08-04T14:37:00
2026-07-30,07,906.3,128,Dados de Utilização do Transporte Municipal/Julho_2026/Mensal/Mensal_Linhas_202607.html,Julho_2026,monthly,2026-08-04T14:37:00
2026-07-30,08,400.9,60,Dados de Utilização do Transporte Municipal/Julho_2026/Mensal/Mensal_Linhas_202607.html,Julho_2026,monthly,2026-08-04T14:37:00
2026-07-30,10,758.2,122,Dados de Utilização do Transporte Municipal/Julho_2026/Mensal/Mensal_Linhas_202607.html,Julho_2026,monthly,2026-08-04T14:37:00
2026-07-31,01,810.3,122,Dados de Utilização do Transporte Municipal/Julho_2026/Mensal/Mensal_Linhas_202607.html,Julho_2026,monthly,2026-08-04T14:37:00
2026-07-31,02,1792.8,223,Dados de Utilização do Transporte Municipal/Julho_2026/Mensal/Mensal_Linhas_202607.html,Julho_2026,monthly,2026-08-04T14:37:00
2026-07-31,03,1731.8,224,Dados de Utilização do Transporte Municipal/Julho_2026/Mensal/Mensal_Linhas_202607.html,Julho_2026,monthly,2026-08-04T14:37:00
2026-07-31,04,1030.7,118,Dados de Utilização do Transporte Municipal/Julho_2026/Mensal/Mensal_Linhas_202607.html,Julho_2026,monthly,2026-08-04T14:37:00
2026-07-31,05,1028.2,118,Dados de Utilização do Transporte Municipal/Julho_2026/Mensal/Mensal_Linhas_202607.html,Julho_2026,monthly,2026-08-04T14:37:00
2026-07-31,06,1112.3,162,Dados de Utilização do Transporte Municipal/Julho_2026/Mensal/Mensal_Linhas_202607.html,Julho_2026,monthly,2026-08-04T14:37:00
2026-07-31,07,877.8,126,Dados de Utilização do Transporte Municipal/Julho_2026/Mensal/Mensal_Linhas_202607.html,Julho_2026,monthly,2026-08-04T14:37:00
2026-07-31,08,414.9,62,Dados de Utilização do Transporte Municipal/Julho_2026/Mensal/Mensal_Linhas_202607.html,Julho_2026,monthly,2026-08-04T14:37:00
2026-07-31,10,757.9,122,Dados de Utilização do Transporte Municipal/Julho_2026/Mensal/Mensal_Linhas_202607.html,Julho_2026,monthly,2026-08-04T14:37:00
2026-08-01,01,650.0,98,Dados de Utilização do Transporte Municipal/Agosto_2026/Mensal/Mensal_Linhas_202608.html,Agosto_2026,monthly,2026-09-04T08:00:00
2026-08-01,02,1062.6,132,Dados de Utilização do Transporte Municipal/Agosto_2026/Mensal/Mensal_Linhas_202608.html,Agosto_2026,monthly,2026-09-04T08:00:00
2026-08-01,03,1020.2,132,Dados de Utilização do Transporte Municipal/Agosto_2026/Mensal/Mensal_Linhas_202608.html,Agosto_2026,monthly,2026-09-04T08:00:00
2026-08-01,04,855.3,98,Dados de Utilização do Transporte Municipal/Agosto_2026/Mensal/Mensal_Linhas_202608.html,Agosto_2026,monthly,2026-09-04T08:00:00
2026-08-01,05,851.0,98,Dados de Utilização do Transporte Municipal/Agosto_2026/Mensal/Mensal_Linhas_202608.html,Agosto_2026,monthly,2026-09-04T08:00:00
2026-08-01,06,849.6,124,Dados de Utilização do Transporte Municipal/Agosto_2026/Mensal/Mensal_Linhas_202608.html,Agosto_2026,monthly,2026-09-04T08:00:00
2026-08-01,07,737.8,106,Dados de Utilização do Transporte Municipal/Agosto_2026/Mensal/Mensal_Linhas_202608.html,Agosto_2026,monthly,2026-09-04T08:00:00
2026-08-01,08,253.7,38,Dados de Utilização do Transporte Municipal/Agosto_2026/Mensal/Mensal_Linhas_202608.html,Agosto_2026,monthly,2026-09-04T08:00:00
2026-08-01,10,609.2,98,Dados de Utilização do Transporte Municipal/Agosto_2026/Mensal/Mensal_Linhas_202608.html,Agosto_2026,monthly,2026-09-04T08:00:00
2026-08-02,01,503.8,76,Dados de Utilização do Transporte Municipal/Agosto_2026/Mensal/Mensal_Linhas_202608.html,Agosto_2026,monthly,2026-09-04T08:00:00
2026-08-02,02,787.7,98,Dados de Utilização do Transporte Municipal/Agosto_2026/Mensal/Mensal_Linhas_202608.html,Agosto_2026,monthly,2026-09-04T08:00:00
2026-08-02,03,755.7,98,Dados de Utilização do Transporte Municipal/Agosto_2026/Mensal/Mensal_Linhas_202608.html,Agosto_2026,monthly,2026-09-04T08:00:00
2026-08-02,04,654.4,75,Dados de Utilização do Transporte Municipal/Agosto_2026/Mensal/Mensal_Linhas_202608.html,Agosto_2026,monthly,2026-09-04T08:00:00
2026-08-02,05,731.3,84,Dados de Utilização do Transporte Municipal/Agosto_2026/Mensal/Mensal_Linhas_202608.html,Agosto_2026,monthly,2026-09-04T08:00:00
2026-08-02,06,657.3,96,Dados de Utilização do Transporte Municipal/Agosto_2026/Mensal/Mensal_Linhas_202608.html,Agosto_2026,monthly,2026-09-04T08:00:00
2026-08-02,07,473.6,68,Dados de Utilização do Transporte Municipal/Agosto_2026/Mensal/Mensal_Linhas_202608.html,Agosto_2026,monthly,2026-09-04T08:00:00
2026-08-02,08,254.2,38,Dados de Utilização do Transporte Municipal/Agosto_2026/Mensal/Mensal_Linhas_202608.html,Agosto_2026,monthly,2026-09-04T08:00:00
2026-08-02,10,435.0,70,Dados de Utilização do Transporte Municipal/Agosto_2026/Mensal/Mensal_Linhas_202608.html,Agosto_2026,monthly,2026-09-04T08:00:00
2026-08-03,01,795.7,120,Dados de Utilização do Transporte Municipal/Agosto_2026/Mensal/Mensal_Linhas_202608.html,Agosto_2026,monthly,2026-09-04T08:00:00
2026-08-03,02,1781.8,221,Dados de Utilização do Transporte Municipal/Agosto_2026/Mensal/Mensal_Linhas_202608.html,Agosto_2026,monthly,2026-09-04T08:00:00
2026-08-03,03,1734.9,224,Dados de Utilização do Transporte Municipal/Agosto_2026/Mensal/Mensal_Linhas_202608.html,Agosto_2026,monthly,2026-09-04T08:00:00
2026-08-03,04,1031.8,118,Dados de Utilização do Transporte Municipal/Agosto_2026/Mensal/Mensal_Linhas_202608.html,Agosto_2026,monthly,2026-09-04T08:00:00
2026-08-03,05,1028.9,118,Dados de Utilização do Transporte Municipal/Agosto_2026/Mensal/Mensal_Linhas_202608.html,Agosto_2026,monthly,2026-09-04T08:00:00
2026-08-03,06,1078.9,158,Dados de Utilização do Transporte Municipal/Agosto_2026/Mensal/Mensal_Linhas_202608.html,Agosto_2026,monthly,2026-09-04T08:00:00
2026-08-03,07,893.0,128,Dados de Utilização do Transporte Municipal/Agosto_2026/Mensal/Mensal_Linhas_202608.html,Agosto_2026,monthly,2026-09-04T08:00:00
2026-08-03,08,415.7,62,Dados de Utilização do Transporte Municipal/Agosto_2026/Mensal/Mensal_Linhas_202608.html,Agosto_2026,monthly,2026-09-04T08:00:00
2026-08-03,10,759.8,122,Dados de Utilização do Transporte Municipal/Agosto_2026/Mensal/Mensal_Linhas_202608.html,Agosto_2026,monthly,2026-09-04T08:00:00
2026-08-04,01,795.5,120,Dados de Utilização do Transporte Municipal/Agosto_2026/Mensal/Mensal_Linhas_202608.html,Agosto_2026,monthly,2026-09-04T08:00:00
2026-08-04,02,1781.6,221,Dados de Utilização do Transporte Municipal/Agosto_2026/Mensal/Mensal_Linhas_202608.html,Agosto_2026,monthly,2026-09-04T08:00:00
2026-08-04,03,1731.7,224,Dados de Utilização do Transporte Municipal/Agosto_2026/Mensal/Mensal_Linhas_202608.html,Agosto_2026,monthly,2026-09-04T08:00:00
2026-08-04,04,1015.8,116,Dados de Utilização do Transporte Municipal/Agosto_2026/Mensal/Mensal_Linhas_202608.html,Agosto_2026,monthly,2026-09-04T08:00:00
2026-08-04,05,1029.7,118,Dados de Utilização do Transporte Municipal/Agosto_2026/Mensal/Mensal_Linhas_202608.html,Agosto_2026,monthly,2026-09-04T08:00:00
2026-08-04,06,1108.4,162,Dados de Utilização do Transporte Municipal/Agosto_2026/Mensal/Mensal_Linhas_202608.html,Agosto_2026,monthly,2026-09-04T08:00:00
2026-08-04,07,892.9,128,Dados de Utilização do Transporte Municipal/Agosto_2026/Mensal/Mensal_Linhas_202608.html,Agosto_2026,monthly,2026-09-04T08:00:00
2026-08-04,08,415.3,62,Dados de Utilização do Transporte Municipal/Agosto_2026/Mensal/Mensal_Linhas_202608.html,Agosto_2026,monthly,2026-09-04T08:00:00
2026-08-04,10,759.5,122,Dados de Utilização do Transporte Municipal/Agosto_2026/Mensal/Mensal_Linhas_202608.html,Agosto_2026,monthly,2026-09-04T08:00:00
2026-08-05,01,809.9,122,Dados de Utilização do Transporte Municipal/Agosto_2026/Mensal/Mensal_Linhas_202608.html,Agosto_2026,monthly,2026-09-04T08:00:00
2026-08-05,02,1803.6,224,Dados de Utilização do Transporte Municipal/Agosto_2026/Mensal/Mensal_Linhas_202608.html,Agosto_2026,monthly,2026-09-04T08:00:00
2026-08-05,03,1733.6,224,Dados de Utilização do Transporte Municipal/Agosto_2026/Mensal/Mensal_Linhas_202608.html,Agosto_2026,monthly,2026-09-04T08:00:00
2026-08-05,04,1027.9,118,Dados de Utilização do Transporte Municipal/Agosto_2026/Mensal/Mensal_Linhas_202608.html,Agosto_2026,monthly,2026-09-04T08:00:00
2026-08-05,05,1029.2,118,Dados de Utilização do Transporte Municipal/Agosto_2026/Mensal/Mensal_Linhas_202608.html,Agosto_2026,monthly,2026-09-04T08:00:00
2026-08-05,06,1109.5,162,Dados de Utilização do Transporte Municipal/Agosto_2026/Mensal/Mensal_Linhas_202608.html,Agosto_2026,monthly,2026-09-04T08:00:00
2026-08-05,07,893.9,128,Dados de Utilização do Transporte Municipal/Agosto_2026/Mensal/Mensal_Linhas_202608.html,Agosto_2026,monthly,2026-09-04T08:00:00
2026-08-05,08,414.6,62,Dados de Utilização do Transporte Municipal/Agosto_2026/Mensal/Mensal_Linhas_202608.html,Agosto_2026,monthly,2026-09-04T08:00:00
2026-08-05,10,778.9,122,Dados de Utilização do Transporte Municipal/Agosto_2026/Mensal/Mensal_Linhas_202608.html,Agosto_2026,monthly,2026-09-04T08:00:00
2026-08-06,01,812.9,122,Dados de Utilização do Transporte Municipal/Agosto_2026/Mensal/Mensal_Linhas_202608.html,Agosto_2026,monthly,2026-09-04T08:00:00
2026-08-06,02,1803.3,224,Dados de Utilização do Transporte Municipal/Agosto_2026/Mensal/Mensal_Linhas_202608.html,Agosto_2026,monthly,2026-09-04T08:00:00
2026-08-06,03,1732.9,224,Dados de Utilização do Transporte Municipal/Agosto_2026/Mensal/Mensal_Linhas_202608.html,Agosto_2026,monthly,2026-09-04T08:00:00
2026-08-06,04,1033.2,118,Dados de Utilização do Transporte Municipal/Agosto_2026/Mensal/Mensal_Linhas_202608.html,Agosto_2026,monthly,2026-09-04T08:00:00
2026-08-06,05,1030.4,118,Dados de Utilização do Transporte Municipal/Agosto_2026/Mensal/Mensal_Linhas_202608.html,Agosto_2026,monthly,2026-09-04T08:00:00
2026-08-06,06,1094.1,160,Dados de Utilização do Transporte Municipal/Agosto_2026/Mensal/Mensal_Linhas_202608.html,Agosto_2026,monthly,2026-09-04T08:00:00
2026-08-06,07,903.0,128,Dados de Utilização do Transporte Municipal/Agosto_2026/Mensal/Mensal_Linhas_202608.html,Agosto_2026,monthly,2026-09-04T08:00:00
2026-08-06,08,415.4,62,Dados de Utilização do Transporte Municipal/Agosto_2026/Mensal/Mensal_Linhas_202608.html,Agosto_2026,monthly,2026-09-04T08:00:00
2026-08-06,10,742.4,119,Dados de Utilização do Transporte Municipal/Agosto_2026/Mensal/Mensal_Linhas_202608.html,Agosto_2026,monthly,2026-09-04T08:00:00
2026-08-07,01,812.4,122,Dados de Utilização do Transporte Municipal/Agosto_2026/Mensal/Mensal_Linhas_202608.html,Agosto_2026,monthly,2026-09-04T08:00:00
2026-08-07,02,1790.5,222,Dados de Utilização do Transporte Municipal/Agosto_2026/Mensal/Mensal_Linhas_202608.html,Agosto_2026,monthly,2026-09-04T08:00:00
2026-08-07,03,1735.2,224,Dados de Utilização do Transporte Municipal/Agosto_2026/Mensal/Mensal_Linhas_202608.html,Agosto_2026,monthly,2026-09-04T08:00:00
2026-08-07,04,1031.2,118,Dados de Utilização do Transporte Municipal/Agosto_2026/Mensal/Mensal_Linhas_202608.html,Agosto_2026,monthly,2026-09-04T08:00:00
2026-08-07,05,1030.3,118,Dados de Utilização do Transporte Municipal/Agosto_2026/Mensal/Mensal_Linhas_202608.html,Agosto_2026,monthly,2026-09-04T08:00:00
2026-08-07,06,1107.1,162,Dados de Utilização do Transporte Municipal/Agosto_2026/Mensal/Mensal_Linhas_202608.html,Agosto_2026,monthly,2026-09-04T08:00:00
2026-08-07,07,880.1,126,Dados de Utilização do Transporte Municipal/Agosto_2026/Mensal/Mensal_Linhas_202608.html,Agosto_2026,monthly,2026-09-04T08:00:00
2026-08-07,08,415.8,62,Dados de Utilização do Transporte Municipal/Agosto_2026/Mensal/Mensal_Linhas_202608.html,Agosto_2026,monthly,2026-09-04T08:00:00
2026-08-07,10,759.8,122,Dados de Utilização do Transporte Municipal/Agosto_2026/Mensal/Mensal_Linhas_202608.html,Agosto_2026,monthly,2026-09-04T08:00:00
2026-08-08,01,648.6,98,Dados de Utilização do Transporte Municipal/Agosto_2026/Mensal/Mensal_Linhas_202608.html,Agosto_2026,monthly,2026-09-04T08:00:00
2026-08-08,02,1063.6,132,Dados de Utilização do Transporte Municipal/Agosto_2026/Mensal/Mensal_Linhas_202608.html,Agosto_2026,monthly,2026-09-04T08:00:00
2026-08-08,03,1021.4,132,Dados de Utilização do Transporte Municipal/Agosto_2026/Mensal/Mensal_Linhas_202608.html,Agosto_2026,monthly,2026-09-04T08:00:00
2026-08-08,04,857.8,98,Dados de Utilização do Transporte Municipal/Agosto_2026/Mensal/Mensal_Linhas_202608.html,Agosto_2026,monthly,2026-09-04T08:00:00
2026-08-08,05,851.3,98,Dados de Utilização do Transporte Municipal/Agosto_2026/Mensal/Mensal_Linhas_202608.html,Agosto_2026,monthly,2026-09-04T08:00:00
2026-08-08,06,850.3,124,Dados de Utilização do Transporte Municipal/Agosto_2026/Mensal/Mensal_Linhas_202608.html,Agosto_2026,monthly,2026-09-04T08:00:00
2026-08-08,07,739.6,106,Dados de Utilização do Transporte Municipal/Agosto_2026/Mensal/Mensal_Linhas_202608.html,Agosto_2026,monthly,2026-09-04T08:00:00
2026-08-08,08,253.2,38,Dados de Utilização do Transporte Municipal/Agosto_2026/Mensal/Mensal_Linhas_202608.html,Agosto_2026,monthly,2026-09-04T08:00:00
2026-08-08,10,596.6,96,Dados de Utilização do Transporte Municipal/Agosto_2026/Mensal/Mensal_Linhas_202608.html,Agosto_2026,monthly,2026-09-04T08:00:00
2026-08-09,01,506.4,76,Dados de Utilização do Transporte Municipal/Agosto_2026/Mensal/Mensal_Linhas_202608.html,Agosto_2026,monthly,2026-09-04T08:00:00
2026-08-09,02,790.4,98,Dados de Utilização do Transporte Municipal/Agosto_2026/Mensal/Mensal_Linhas_202608.html,Agosto_2026,monthly,2026-09-04T08:00:00
2026-08-09,03,756.9,98,Dados de Utilização do Transporte Municipal/Agosto_2026/Mensal/Mensal_Linhas_202608.html,Agosto_2026,monthly,2026-09-04T08:00:00
2026-08-09,04,663.8,76,Dados de Utilização do Transporte Municipal/Agosto_2026/Mensal/Mensal_Linhas_202608.html,Agosto_2026,monthly,2026-09-04T08:00:00
2026-08-09,05,733.2,84,Dados de Utilização do Transporte Municipal/Agosto_2026/Mensal/Mensal_Linhas_202608.html,Agosto_2026,monthly,2026-09-04T08:00:00
2026-08-09,06,658.0,96,Dados de Utilização do Transporte Municipal/Agosto_2026/Mensal/Mensal_Linhas_202608.html,Agosto_2026,monthly,2026-09-04T08:00:00
2026-08-09,07,473.3,68,Dados de Utilização do Transporte Municipal/Agosto_2026/Mensal/Mensal_Linhas_202608.html,Agosto_2026,monthly,2026-09-04T08:00:00
2026-08-09,08,253.9,38,Dados de Utilização do Transporte Municipal/Agosto_2026/Mensal/Mensal_Linhas_202608.html,Agosto_2026,monthly,2026-09-04T08:00:00
2026-08-09,10,473.8,76,Dados de Utilização do Transporte Municipal/Agosto_2026/Mensal/Mensal_Linhas_202608.html,Agosto_2026,monthly,2026-09-04T08:00:00
2026-08-10,01,811.8,122,Dados de Utilização do Transporte Municipal/Agosto_2026/Mensal/Mensal_Linhas_202608.html,Agosto_2026,monthly,2026-09-04T08:00:00
2026-08-10,02,1806.7,224,Dados de Utilização do Transporte Municipal/Agosto_2026/Mensal/Mensal_Linhas_202608.html,Agosto_2026,monthly,2026-09-04T08:00:00
2026-08-10,03,1731.3,224,Dados de Utilização do Transporte Municipal/Agosto_2026/Mensal/Mensal_Linhas_202608.html,Agosto_2026,monthly,2026-09-04T08:00:00
2026-08-10,04,1032.1,118,Dados de Utilização do Transporte Municipal/Agosto_2026/Mensal/Mensal_Linhas_202608.html,Agosto_2026,monthly,2026-09-04T08:00:00
2026-08-10,05,1029.1,118,Dados de Utilização do Transporte Municipal/Agosto_2026/Mensal/Mensal_Linhas_202608.html,Agosto_2026,monthly,2026-09-04T08:00:00
2026-08-10,06,1109.2,162,Dados de Utilização do Transporte Municipal/Agosto_2026/Mensal/Mensal_Linhas_202608.html,Agosto_2026,monthly,2026-09-04T08:00:00
2026-08-10,07,892.8,128,Dados de Utilização do Transporte Municipal/Agosto_2026/Mensal/Mensal_Linhas_202608.html,Agosto_2026,monthly,2026-09-04T08:00:00
2026-08-10,08,416.0,62,Dados de Utilização do Transporte Municipal/Agosto_2026/Mensal/Mensal_Linhas_202608.html,Agosto_2026,monthly,2026-09-04T08:00:00
2026-08-10,10,761.9,122,Dados de Utilização do Transporte Municipal/Agosto_2026/Mensal/Mensal_Linhas_202608.html,Agosto_2026,monthly,2026-09-04T08:00:00
2026-08-11,01,809.8,122,Dados de Utilização do Transporte Municipal/Agosto_2026/Mensal/Mensal_Linhas_202608.html,Agosto_2026,monthly,2026-09-04T08:00:00
2026-08-11,02,1807.5,224,Dados de Utilização do Transporte Municipal/Agosto_2026/Mensal/Mensal_Linhas_202608.html,Agosto_2026,monthly,2026-09-04T08:00:00
2026-08-11,03,1731.4,224,Dados de Utilização do Transporte Municipal/Agosto_2026/Mensal/Mensal_Linhas_202608.html,Agosto_2026,monthly,2026-09-04T08:00:00
2026-08-11,04,1030.8,118,Dados de Utilização do Transporte Municipal/Agosto_2026/Mensal/Mensal_Linhas_202608.html,Agosto_2026,monthly,2026-09-04T08:00:00
2026-08-11,05,1029.2,118,Dados de Utilização do Transporte Municipal/Agosto_2026/Mensal/Mensal_Linhas_202608.html,Agosto_2026,monthly,2026-09-04T08:00:00
2026-08-11,06,1107.6,162,Dados de Utilização do Transporte Municipal/Agosto_2026/Mensal/Mensal_Linhas_202608.html,Agosto_2026,monthly,2026-09-04T08:00:00
2026-08-11,07,892.0,128,Dados de Utilização do Transporte Municipal/Agosto_2026/Mensal/Mensal_Linhas_202608.html,Agosto_2026,monthly,2026-09-04T08:00:00
2026-08-11,08,393.2,59,Dados de Utilização do Transporte Municipal/Agosto_2026/Mensal/Mensal_Linhas_202608.html,Agosto_2026,monthly,2026-09-04T08:00:00
2026-08-11,10,760.6,122,Dados de Utilização do Transporte Municipal/Agosto_2026/Mensal/Mensal_Linhas_202608.html,Agosto_2026,monthly,2026-09-04T08:00:00
2026-08-12,01,811.3,122,Dados de Utilização do Transporte Municipal/Agosto_2026/Mensal/Mensal_Linhas_202608.html,Agosto_2026,monthly,2026-09-04T08:00:00
2026-08-12,02,1802.9,224,Dados de Utilização do Transporte Municipal/Agosto_2026/Mensal/Mensal_Linhas_202608.html,Agosto_2026,monthly,2026-09-04T08:00:00
2026-08-12,03,1731.0,224,Dados de Utilização do Transporte Municipal/Agosto_2026/Mensal/Mensal_Linhas_202608.html,Agosto_2026,monthly,2026-09-04T08:00:00
2026-08-12,04,1028.9,118,Dados de Utilização do Transporte Municipal/Agosto_2026/Mensal/Mensal_Linhas_202608.html,Agosto_2026,monthly,2026-09-04T08:00:00
2026-08-12,05,1030.4,118,Dados de Utilização do Transporte Municipal/Agosto_2026/Mensal/Mensal_Linhas_202608.html,Agosto_2026,monthly,2026-09-04T08:00:00
2026-08-12,06,1106.7,162,Dados de Utilização do Transporte Municipal/Agosto_2026/Mensal/Mensal_Linhas_202608.html,Agosto_2026,monthly,2026-09-04T08:00:00
2026-08-12,07,894.9,128,Dados de Utilização do Transporte Municipal/Agosto_2026/Mensal/Mensal_Linhas_202608.html,Agosto_2026,monthly,2026-09-04T08:00:00
2026-08-12,08,415.4,62,Dados de Utilização do Transporte Municipal/Agosto_2026/Mensal/Mensal_Linhas_202608.html,Agosto_2026,monthly,2026-09-04T08:00:00
2026-08-12,10,759.9,122,Dados de Utilização do Transporte Municipal/Agosto_2026/Mensal/Mensal_Linhas_202608.html,Agosto_2026,monthly,2026-09-04T08:00:00
2026-08-13,01,811.0,122,Dados de Utilização do Transporte Municipal/Agosto_2026/Mensal/Mensal_Linhas_202608.html,Agosto_2026,monthly,2026-09-04T08:00:00
2026-08-13,02,1805.1,224,Dados de Utilização do Transporte Municipal/Agosto_2026/Mensal/Mensal_Linhas_202608.html,Agosto_2026,monthly,2026-09-04T08:00:00
2026-08-13,03,1733.0,224,Dados de Utilização do Transporte Municipal/Agosto_2026/Mensal/Mensal_Linhas_202608.html,Agosto_2026,monthly,2026-09-04T08:00:00
2026-08-13,04,1031.5,118,Dados de Utilização do Transporte Municipal/Agosto_2026/Mensal/Mensal_Linhas_202608.html,Agosto_2026,monthly,2026-09-04T08:00:00
2026-08-13,05,1027.6,118,Dados de Utilização do Transporte Municipal/Agosto_2026/Mensal/Mensal_Linhas_202608.html,Agosto_2026,monthly,2026-09-04T08:00:00
2026-08-13,06,1106.3,162,Dados de Utilização do Transporte Municipal/Agosto_2026/Mensal/Mensal_Linhas_202608.html,Agosto_2026,monthly,2026-09-04T08:00:00
2026-08-13,07,903.0,128,Dados de Utilização do Transporte Municipal/Agosto_2026/Mensal/Mensal_Linhas_202608.html,Agosto_2026,monthly,2026-09-04T08:00:00
2026-08-13,08,414.2,62,Dados de Utilização do Transporte Municipal/Agosto_2026/Mensal/Mensal_Linhas_202608.html,Agosto_2026,monthly,2026-09-04T08:00:00
2026-08-13,10,759.5,122,Dados de Utilização do Transporte Municipal/Agosto_2026/Mensal/Mensal_Linhas_202608.html,Agosto_2026,monthly,2026-09-04T08:00:00
2026-08-14,01,810.0,122,Dados de Utilização do Transporte Municipal/Agosto_2026/Mensal/Mensal_Linhas_202608.html,Agosto_2026,monthly,2026-09-04T08:00:00
2026-08-14,02,1801.7,224,Dados de Utilização do Transporte Municipal/Agosto_2026/Mensal/Mensal_Linhas_202608.html,Agosto_2026,monthly,2026-09-04T08:00:00
2026-08-14,03,1731.5,224,Dados de Utilização do Transporte Municipal/Agosto_2026/Mensal/Mensal_Linhas_202608.html,Agosto_2026,monthly,2026-09-04T08:00:00
2026-08-14,04,1030.5,118,Dados de Utilização do Transporte Municipal/Agosto_2026/Mensal/Mensal_Linhas_202608.html,Agosto_2026,monthly,2026-09-04T08:00:00
2026-08-14,05,1029.8,118,Dados de Utilização do Transporte Municipal/Agosto_2026/Mensal/Mensal_Linhas_202608.html,Agosto_2026,monthly,2026-09-04T08:00:00
2026-08-14,06,1108.3,162,Dados de Utilização do Transporte Municipal/Agosto_2026/Mensal/Mensal_Linhas_202608.html,Agosto_2026,monthly,2026-09-04T08:00:00
2026-08-14,07,894.2,128,Dados de Utilização do Transporte Municipal/Agosto_2026/Mensal/Mensal_Linhas_202608.html,Agosto_2026,monthly,2026-09-04T08:00:00
2026-08-14,08,414.3,62,Dados de Utilização do Transporte Municipal/Agosto_2026/Mensal/Mensal_Linhas_202608.html,Agosto_2026,monthly,2026-09-04T08:00:00
2026-08-14,10,746.8,120,Dados de Utilização do Transporte Municipal/Agosto_2026/Mensal/Mensal_Linhas_202608.html,Agosto_2026,monthly,2026-09-04T08:00:00
2026-08-15,01,649.0,98,Dados de Utilização do Transporte Municipal/Agosto_2026/Mensal/Mensal_Linhas_202608.html,Agosto_2026,monthly,2026-09-04T08:00:00
2026-08-15,02,1064.6,132,Dados de Utilização do Transporte Municipal/Agosto_2026/Mensal/Mensal_Linhas_202608.html,Agosto_2026,monthly,2026-09-04T08:00:00
2026-08-15,03,1019.8,132,Dados de Utilização do Transporte Municipal/Agosto_2026/Mensal/Mensal_Linhas_202608.html,Agosto_2026,monthly,2026-09-04T08:00:00
2026-08-15,04,854.9,98,Dados de Utilização do Transporte Municipal/Agosto_2026/Mensal/Mensal_Linhas_202608.html,Agosto_2026,monthly,2026-09-04T08:00:00
2026-08-15,05,852.3,98,Dados de Utilização do Transporte Municipal/Agosto_2026/Mensal/Mensal_Linhas_202608.html,Agosto_2026,monthly,2026-09-04T08:00:00
2026-08-15,06,849.5,124,Dados de Utilização do Transporte Municipal/Agosto_2026/Mensal/Mensal_Linhas_202608.html,Agosto_2026,monthly,2026-09-04T08:00:00
2026-08-15,07,740.1,106,Dados de Utilização do Transporte Municipal/Agosto_2026/Mensal/Mensal_Linhas_202608.html,Agosto_2026,monthly,2026-09-04T08:00:00
2026-08-15,08,253.7,38,Dados de Utilização do Transporte Municipal/Agosto_2026/Mensal/Mensal_Linhas_202608.html,Agosto_2026,monthly,2026-09-04T08:00:00
2026-08-15,10,608.5,98,Dados de Utilização do Transporte Municipal/Agosto_2026/Mensal/Mensal_Linhas_202608.html,Agosto_2026,monthly,2026-09-04T08:00:00
2026-08-16,01,503.8,76,Dados de Utilização do Transporte Municipal/Agosto_2026/Mensal/Mensal_Linhas_202608.html,Agosto_2026,monthly,2026-09-04T08:00:00
2026-08-16,02,787.0,98,Dados de Utilização do Transporte Municipal/Agosto_2026/Mensal/Mensal_Linhas_202608.html,Agosto_2026,monthly,2026-09-04T08:00:00
2026-08-16,03,756.8,98,Dados de Utilização do Transporte Municipal/Agosto_2026/Mensal/Mensal_Linhas_202608.html,Agosto_2026,monthly,2026-09-04T08:00:00
2026-08-16,04,662.0,76,Dados de Utilização do Transporte Municipal/Agosto_2026/Mensal/Mensal_Linhas_202608.html,Agosto_2026,monthly,2026-09-04T08:00:00
2026-08-16,05,731.5,84,Dados de Utilização do Transporte Municipal/Agosto_2026/Mensal/Mensal_Linhas_202608.html,Agosto_2026,monthly,2026-09-04T08:00:00
2026-08-16,06,656.3,96,Dados de Utilização do Transporte Municipal/Agosto_2026/Mensal/Mensal_Linhas_202608.html,Agosto_2026,monthly,2026-09-04T08:00:00
2026-08-16,07,472.8,68,Dados de Utilização do Transporte Municipal/Agosto_2026/Mensal/Mensal_Linhas_202608.html,Agosto_2026,monthly,2026-09-04T08:00:00
2026-08-16,08,253.8,38,Dados de Utilização do Transporte Municipal/Agosto_2026/Mensal/Mensal_Linhas_202608.html,Agosto_2026,monthly,2026-09-04T08:00:00
2026-08-16,10,472.4,76,Dados de Utilização do Transporte Municipal/Agosto_2026/Mensal/Mensal_Linhas_202608.html,Agosto_2026,monthly,2026-09-04T08:00:00
2026-08-17,01,809.1,122,Dados de Utilização do Transporte Municipal/Agosto_2026/Mensal/Mensal_Linhas_202608.html,Agosto_2026,monthly,2026-09-04T08:00:00
2026-08-17,02,1786.7,222,Dados de Utilização do Transporte Municipal/Agosto_2026/Mensal/Mensal_Linhas_202608.html,Agosto_2026,monthly,2026-09-04T08:00:00
2026-08-17,03,1730.7,224,Dados de Utilização do Transporte Municipal/Agosto_2026/Mensal/Mensal_Linhas_202608.html,Agosto_2026,monthly,2026-09-04T08:00:00
2026-08-17,04,1033.0,118,Dados de Utilização do Transporte Municipal/Agosto_2026/Mensal/Mensal_Linhas_202608.html,Agosto_2026,monthly,2026-09-04T08:00:00
2026-08-17,05,1027.8,118,Dados de Utilização do Transporte Municipal/Agosto_2026/Mensal/Mensal_Linhas_202608.html,Agosto_2026,monthly,2026-09-04T08:00:00
2026-08-17,06,1107.3,162,Dados de Utilização do Transporte Municipal/Agosto_2026/Mensal/Mensal_Linhas_202608.html,Agosto_2026,monthly,2026-09-04T08:00:00
2026-08-17,07,892.6,128,Dados de Utilização do Transporte Municipal/Agosto_2026/Mensal/Mensal_Linhas_202608.html,Agosto_2026,monthly,2026-09-04T08:00:00
2026-08-17,08,415.1,62,Dados de Utilização do Transporte Municipal/Agosto_2026/Mensal/Mensal_Linhas_202608.html,Agosto_2026,monthly,2026-09-04T08:00:00
2026-08-17,10,758.4,122,Dados de Utilização do Transporte Municipal/Agosto_2026/Mensal/Mensal_Linhas_202608.html,Agosto_2026,monthly,2026-09-04T08:00:00
2026-08-18,01,809.2,122,Dados de Utilização do Transporte Municipal/Agosto_2026/Mensal/Mensal_Linhas_202608.html,Agosto_2026,monthly,2026-09-04T08:00:00
2026-08-18,02,1805.1,224,Dados de Utilização do Transporte Municipal/Agosto_2026/Mensal/Mensal_Linhas_202608.html,Agosto_2026,monthly,2026-09-04T08:00:00
2026-08-18,03,1714.7,222,Dados de Utilização do Transporte Municipal/Agosto_2026/Mensal/Mensal_Linhas_202608.html,Agosto_2026,monthly,2026-09-04T08:00:00
2026-08-18,04,1031.1,118,Dados de Utilização do Transporte Municipal/Agosto_2026/Mensal/Mensal_Linhas_202608.html,Agosto_2026,monthly,2026-09-04T08:00:00
2026-08-18,05,1028.8,118,Dados de Utilização do Transporte Municipal/Agosto_2026/Mensal/Mensal_Linhas_202608.html,Agosto_2026,monthly,2026-09-04T08:00:00
2026-08-18,06,1107.6,162,Dados de Utilização do Transporte Municipal/Agosto_2026/Mensal/Mensal_Linhas_202608.html,Agosto_2026,monthly,2026-09-04T08:00:00
2026-08-18,07,893.1,128,Dados de Utilização do Transporte Municipal/Agosto_2026/Mensal/Mensal_Linhas_202608.html,Agosto_2026,monthly,2026-09-04T08:00:00
2026-08-18,08,414.2,62,Dados de Utilização do Transporte Municipal/Agosto_2026/Mensal/Mensal_Linhas_202608.html,Agosto_2026,monthly,2026-09-04T08:00:00
2026-08-18,10,759.7,122,Dados de Utilização do Transporte Municipal/Agosto_2026/Mensal/Mensal_Linhas_202608.html,Agosto_2026,monthly,2026-09-04T08:00:00
2026-08-19,01,811.6,122,Dados de Utilização do Transporte Municipal/Agosto_2026/Mensal/Mensal_Linhas_202608.html,Agosto_2026,monthly,2026-09-04T08:00:00
2026-08-19,02,1804.0,224,Dados de Utilização do Transporte Municipal/Agosto_2026/Mensal/Mensal_Linhas_202608.html,Agosto_2026,monthly,2026-09-04T08:00:00
2026-08-19,03,1721.3,223,Dados de Utilização do Transporte Municipal/Agosto_2026/Mensal/Mensal_Linhas_202608.html,Agosto_2026,monthly,2026-09-04T08:00:00
2026-08-19,04,1031.3,118,Dados de Utilização do Transporte Municipal/Agosto_2026/Mensal/Mensal_Linhas_202608.html,Agosto_2026,monthly,2026-09-04T08:00:00
2026-08-19,05,1027.1,118,Dados de Utilização do Transporte Municipal/Agosto_2026/Mensal/Mensal_Linhas_202608.html,Agosto_2026,monthly,2026-09-04T08:00:00
2026-08-19,06,1108.7,162,Dados de Utilização do Transporte Municipal/Agosto_2026/Mensal/Mensal_Linhas_202608.html,Agosto_2026,monthly,2026-09-04T08:00:00
2026-08-19,07,893.9,128,Dados de Utilização do Transporte Municipal/Agosto_2026/Mensal/Mensal_Linhas_202608.html,Agosto_2026,monthly,2026-09-04T08:00:00
2026-08-19,08,414.7,62,Dados de Utilização do Transporte Municipal/Agosto_2026/Mensal/Mensal_Linhas_202608.html,Agosto_2026,monthly,2026-09-04T08:00:00
2026-08-19,10,761.6,122,Dados de Utilização do Transporte Municipal/Agosto_2026/Mensal/Mensal_Linhas_202608.html,Agosto_2026,monthly,2026-09-04T08:00:00
2026-08-20,01,810.0,122,Dados de Utilização do Transporte Municipal/Agosto_2026/Mensal/Mensal_Linhas_202608.html,Agosto_2026,monthly,2026-09-04T08:00:00
2026-08-20,02,1800.7,224,Dados de Utilização do Transporte Municipal/Agosto_2026/Mensal/Mensal_Linhas_202608.html,Agosto_2026,monthly,2026-09-04T08:00:00
2026-08-20,03,1724.1,223,Dados de Utilização do Transporte Municipal/Agosto_2026/Mensal/Mensal_Linhas_202608.html,Agosto_2026,monthly,2026-09-04T08:00:00
2026-08-20,04,1029.4,118,Dados de Utilização do Transporte Municipal/Agosto_2026/Mensal/Mensal_Linhas_202608.html,Agosto_2026,monthly,2026-09-04T08:00:00
2026-08-20,05,1029.7,118,Dados de Utilização do Transporte Municipal/Agosto_2026/Mensal/Mensal_Linhas_202608.html,Agosto_2026,monthly,2026-09-04T08:00:00
2026-08-20,06,1109.7,162,Dados de Utilização do Transporte Municipal/Agosto_2026/Mensal/Mensal_Linhas_202608.html,Agosto_2026,monthly,2026-09-04T08:00:00
2026-08-20,07,903.6,128,Dados de Utilização do Transporte Municipal/Agosto_2026/Mensal/Mensal_Linhas_202608.html,Agosto_2026,monthly,2026-09-04T08:00:00
2026-08-20,08,414.5,62,Dados de Utilização do Transporte Municipal/Agosto_2026/Mensal/Mensal_Linhas_202608.html,Agosto_2026,monthly,2026-09-04T08:00:00
2026-08-20,10,759.4,122,Dados de Utilização do Transporte Municipal/Agosto_2026/Mensal/Mensal_Linhas_202608.html,Agosto_2026,monthly,2026-09-04T08:00:00
2026-08-21,01,809.3,122,Dados de Utilização do Transporte Municipal/Agosto_2026/Mensal/Mensal_Linhas_202608.html,Agosto_2026,monthly,2026-09-04T08:00:00
2026-08-21,02,1801.6,224,Dados de Utilização do Transporte Municipal/Agosto_2026/Mensal/Mensal_Linhas_202608.html,Agosto_2026,monthly,2026-09-04T08:00:00
2026-08-21,03,1730.6,224,Dados de Utilização do Transporte Municipal/Agosto_2026/Mensal/Mensal_Linhas_202608.html,Agosto_2026,monthly,2026-09-04T08:00:00
2026-08-21,04,1024.4,117,Dados de Utilização do Transporte Municipal/Agosto_2026/Mensal/Mensal_Linhas_202608.html,Agosto_2026,monthly,2026-09-04T08:00:00
2026-08-21,05,1028.7,118,Dados de Utilização do Transporte Municipal/Agosto_2026/Mensal/Mensal_Linhas_202608.html,Agosto_2026,monthly,2026-09-04T08:00:00
2026-08-21,06,1104.5,162,Dados de Utilização do Transporte Municipal/Agosto_2026/Mensal/Mensal_Linhas_202608.html,Agosto_2026,monthly,2026-09-04T08:00:00
2026-08-21,07,898.9,128,Dados de Utilização do Transporte Municipal/Agosto_2026/Mensal/Mensal_Linhas_202608.html,Agosto_2026,monthly,2026-09-04T08:00:00
2026-08-21,08,414.1,62,Dados de Utilização do Transporte Municipal/Agosto_2026/Mensal/Mensal_Linhas_202608.html,Agosto_2026,monthly,2026-09-04T08:00:00
2026-08-21,10,758.8,122,Dados de Utilização do Transporte Municipal/Agosto_2026/Mensal/Mensal_Linhas_202608.html,Agosto_2026,monthly,2026-09-04T08:00:00
2026-08-22,01,648.4,98,Dados de Utilização do Transporte Municipal/Agosto_2026/Mensal/Mensal_Linhas_202608.html,Agosto_2026,monthly,2026-09-04T08:00:00
2026-08-22,02,1062.6,132,Dados de Utilização do Transporte Municipal/Agosto_2026/Mensal/Mensal_Linhas_202608.html,Agosto_2026,monthly,2026-09-04T08:00:00
2026-08-22,03,1018.8,132,Dados de Utilização do Transporte Municipal/Agosto_2026/Mensal/Mensal_Linhas_202608.html,Agosto_2026,monthly,2026-09-04T08:00:00
2026-08-22,04,855.1,98,Dados de Utilização do Transporte Municipal/Agosto_2026/Mensal/Mensal_Linhas_202608.html,Agosto_2026,monthly,2026-09-04T08:00:00
2026-08-22,05,851.0,98,Dados de Utilização do Transporte Municipal/Agosto_2026/Mensal/Mensal_Linhas_202608.html,Agosto_2026,monthly,2026-09-04T08:00:00
2026-08-22,06,850.5,124,Dados de Utilização do Transporte Municipal/Agosto_2026/Mensal/Mensal_Linhas_202608.html,Agosto_2026,monthly,2026-09-04T08:00:00
2026-08-22,07,740.5,106,Dados de Utilização do Transporte Municipal/Agosto_2026/Mensal/Mensal_Linhas_202608.html,Agosto_2026,monthly,2026-09-04T08:00:00
2026-08-22,08,242.1,38,Dados de Utilização do Transporte Municipal/Agosto_2026/Mensal/Mensal_Linhas_202608.html,Agosto_2026,monthly,2026-09-04T08:00:00
2026-08-22,10,609.9,98,Dados de Utilização do Transporte Municipal/Agosto_2026/Mensal/Mensal_Linhas_202608.html,Agosto_2026,monthly,2026-09-04T08:00:00
2026-08-23,01,512.9,76,Dados de Utilização do Transporte Municipal/Agosto_2026/Mensal/Mensal_Linhas_202608.html,Agosto_2026,monthly,2026-09-04T08:00:00
2026-08-23,02,791.0,98,Dados de Utilização do Transporte Municipal/Agosto_2026/Mensal/Mensal_Linhas_202608.html,Agosto_2026,monthly,2026-09-04T08:00:00
2026-08-23,03,756.6,98,Dados de Utilização do Transporte Municipal/Agosto_2026/Mensal/Mensal_Linhas_202608.html,Agosto_2026,monthly,2026-09-04T08:00:00
2026-08-23,04,673.7,76,Dados de Utilização do Transporte Municipal/Agosto_2026/Mensal/Mensal_Linhas_202608.html,Agosto_2026,monthly,2026-09-04T08:00:00
2026-08-23,05,734.9,84,Dados de Utilização do Transporte Municipal/Agosto_2026/Mensal/Mensal_Linhas_202608.html,Agosto_2026,monthly,2026-09-04T08:00:00
2026-08-23,06,663.8,96,Dados de Utilização do Transporte Municipal/Agosto_2026/Mensal/Mensal_Linhas_202608.html,Agosto_2026,monthly,2026-09-04T08:00:00
2026-08-23,07,483.1,68,Dados de Utilização do Transporte Municipal/Agosto_2026/Mensal/Mensal_Linhas_202608.html,Agosto_2026,monthly,2026-09-04T08:00:00
2026-08-23,08,255.0,38,Dados de Utilização do Transporte Municipal/Agosto_2026/Mensal/Mensal_Linhas_202608.html,Agosto_2026,monthly,2026-09-04T08:00:00
2026-08-23,10,473.3,76,Dados de Utilização do Transporte Municipal/Agosto_2026/Mensal/Mensal_Linhas_202608.html,Agosto_2026,monthly,2026-09-04T08:00:00
2026-08-24,01,810.5,122,Dados de Utilização do Transporte Municipal/Agosto_2026/Mensal/Mensal_Linhas_202608.html,Agosto_2026,monthly,2026-09-04T08:00:00
2026-08-24,02,1796.5,223,Dados de Utilização do Transporte Municipal/Agosto_2026/Mensal/Mensal_Linhas_202608.html,Agosto_2026,monthly,2026-09-04T08:00:00
2026-08-24,03,1728.6,224,Dados de Utilização do Transporte Municipal/Agosto_2026/Mensal/Mensal_Linhas_202608.html,Agosto_2026,monthly,2026-09-04T08:00:00
2026-08-24,04,1030.4,118,Dados de Utilização do Transporte Municipal/Agosto_2026/Mensal/Mensal_Linhas_202608.html,Agosto_2026,monthly,2026-09-04T08:00:00
2026-08-24,05,1039.3,118,Dados de Utilização do Transporte Municipal/Agosto_2026/Mensal/Mensal_Linhas_202608.html,Agosto_2026,monthly,2026-09-04T08:00:00
2026-08-24,06,1105.9,162,Dados de Utilização do Transporte Municipal/Agosto_2026/Mensal/Mensal_Linhas_202608.html,Agosto_2026,monthly,2026-09-04T08:00:00
2026-08-24,07,892.1,128,Dados de Utilização do Transporte Municipal/Agosto_2026/Mensal/Mensal_Linhas_202608.html,Agosto_2026,monthly,2026-09-04T08:00:00
2026-08-24,08,414.7,62,Dados de Utilização do Transporte Municipal/Agosto_2026/Mensal/Mensal_Linhas_202608.html,Agosto_2026,monthly,2026-09-04T08:00:00
2026-08-24,10,759.2,122,Dados de Utilização do Transporte Municipal/Agosto_2026/Mensal/Mensal_Linhas_202608.html,Agosto_2026,monthly,2026-09-04T08:00:00
2026-08-25,01,809.4,122,Dados de Utilização do Transporte Municipal/Agosto_2026/Mensal/Mensal_Linhas_202608.html,Agosto_2026,monthly,2026-09-04T08:00:00
2026-08-25,02,1802.1,224,Dados de Utilização do Transporte Municipal/Agosto_2026/Mensal/Mensal_Linhas_202608.html,Agosto_2026,monthly,2026-09-04T08:00:00
2026-08-25,03,1713.8,222,Dados de Utilização do Transporte Municipal/Agosto_2026/Mensal/Mensal_Linhas_202608.html,Agosto_2026,monthly,2026-09-04T08:00:00
2026-08-25,04,1029.9,118,Dados de Utilização do Transporte Municipal/Agosto_2026/Mensal/Mensal_Linhas_202608.html,Agosto_2026,monthly,2026-09-04T08:00:00
2026-08-25,05,1043.1,118,Dados de Utilização do Transporte Municipal/Agosto_2026/Mensal/Mensal_Linhas_202608.html,Agosto_2026,monthly,2026-09-04T08:00:00
2026-08-25,06,1107.0,162,Dados de Utilização do Transporte Municipal/Agosto_2026/Mensal/Mensal_Linhas_202608.html,Agosto_2026,monthly,2026-09-04T08:00:00
2026-08-25,07,893.6,128,Dados de Utilização do Transporte Municipal/Agosto_2026/Mensal/Mensal_Linhas_202608.html,Agosto_2026,monthly,2026-09-04T08:00:00
2026-08-25,08,414.7,62,Dados de Utilização do Transporte Municipal/Agosto_2026/Mensal/Mensal_Linhas_202608.html,Agosto_2026,monthly,2026-09-04T08:00:00
2026-08-25,10,758.9,122,Dados de Utilização do Transporte Municipal/Agosto_2026/Mensal/Mensal_Linhas_202608.html,Agosto_2026,monthly,2026-09-04T08:00:00
2026-08-26,01,811.0,122,Dados de Utilização do Transporte Municipal/Agosto_2026/Mensal/Mensal_Linhas_202608.html,Agosto_2026,monthly,2026-09-04T08:00:00
2026-08-26,02,1806.4,224,Dados de Utilização do Transporte Municipal/Agosto_2026/Mensal/Mensal_Linhas_202608.html,Agosto_2026,monthly,2026-09-04T08:00:00
2026-08-26,03,1726.4,224,Dados de Utilização do Transporte Municipal/Agosto_2026/Mensal/Mensal_Linhas_202608.html,Agosto_2026,monthly,2026-09-04T08:00:00
2026-08-26,04,1027.6,118,Dados de Utilização do Transporte Municipal/Agosto_2026/Mensal/Mensal_Linhas_202608.html,Agosto_2026,monthly,2026-09-04T08:00:00
2026-08-26,05,1045.3,118,Dados de Utilização do Transporte Municipal/Agosto_2026/Mensal/Mensal_Linhas_202608.html,Agosto_2026,monthly,2026-09-04T08:00:00
2026-08-26,06,1107.0,162,Dados de Utilização do Transporte Municipal/Agosto_2026/Mensal/Mensal_Linhas_202608.html,Agosto_2026,monthly,2026-09-04T08:00:00
2026-08-26,07,893.5,128,Dados de Utilização do Transporte Municipal/Agosto_2026/Mensal/Mensal_Linhas_202608.html,Agosto_2026,monthly,2026-09-04T08:00:00
2026-08-26,08,414.5,62,Dados de Utilização do Transporte Municipal/Agosto_2026/Mensal/Mensal_Linhas_202608.html,Agosto_2026,monthly,2026-09-04T08:00:00
2026-08-26,10,759.2,122,Dados de Utilização do Transporte Municipal/Agosto_2026/Mensal/Mensal_Linhas_202608.html,Agosto_2026,monthly,2026-09-04T08:00:00
2026-08-27,01,809.9,122,Dados de Utilização do Transporte Municipal/Agosto_2026/Mensal/Mensal_Linhas_202608.html,Agosto_2026,monthly,2026-09-04T08:00:00
2026-08-27,02,1806.2,224,Dados de Utilização do Transporte Municipal/Agosto_2026/Mensal/Mensal_Linhas_202608.html,Agosto_2026,monthly,2026-09-04T08:00:00
2026-08-27,03,1728.9,224,Dados de Utilização do Transporte Municipal/Agosto_2026/Mensal/Mensal_Linhas_202608.html,Agosto_2026,monthly,2026-09-04T08:00:00
2026-08-27,04,1029.3,118,Dados de Utilização do Transporte Municipal/Agosto_2026/Mensal/Mensal_Linhas_202608.html,Agosto_2026,monthly,2026-09-04T08:00:00
2026-08-27,05,1028.1,118,Dados de Utilização do Transporte Municipal/Agosto_2026/Mensal/Mensal_Linhas_202608.html,Agosto_2026,monthly,2026-09-04T08:00:00
2026-08-27,06,1107.1,162,Dados de Utilização do Transporte Municipal/Agosto_2026/Mensal/Mensal_Linhas_202608.html,Agosto_2026,monthly,2026-09-04T08:00:00
2026-08-27,07,903.2,128,Dados de Utilização do Transporte Municipal/Agosto_2026/Mensal/Mensal_Linhas_202608.html,Agosto_2026,monthly,2026-09-04T08:00:00
2026-08-27,08,414.9,62,Dados de Utilização do Transporte Municipal/Agosto_2026/Mensal/Mensal_Linhas_202608.html,Agosto_2026,monthly,2026-09-04T08:00:00
2026-08-27,10,760.5,122,Dados de Utilização do Transporte Municipal/Agosto_2026/Mensal/Mensal_Linhas_202608.html,Agosto_2026,monthly,2026-09-04T08:00:00
2026-08-28,01,801.0,121,Dados de Utilização do Transporte Municipal/Agosto_2026/Mensal/Mensal_Linhas_202608.html,Agosto_2026,monthly,2026-09-04T08:00:00
2026-08-28,02,1803.6,224,Dados de Utilização do Transporte Municipal/Agosto_2026/Mensal/Mensal_Linhas_202608.html,Agosto_2026,monthly,2026-09-04T08:00:00
2026-08-28,03,1730.6,224,Dados de Utilização do Transporte Municipal/Agosto_2026/Mensal/Mensal_Linhas_202608.html,Agosto_2026,monthly,2026-09-04T08:00:00
2026-08-28,04,1030.5,118,Dados de Utilização do Transporte Municipal/Agosto_2026/Mensal/Mensal_Linhas_202608.html,Agosto_2026,monthly,2026-09-04T08:00:00
2026-08-28,05,1032.3,118,Dados de Utilização do Transporte Municipal/Agosto_2026/Mensal/Mensal_Linhas_202608.html,Agosto_2026,monthly,2026-09-04T08:00:00
2026-08-28,06,1108.2,162,Dados de Utilização do Transporte Municipal/Agosto_2026/Mensal/Mensal_Linhas_202608.html,Agosto_2026,monthly,2026-09-04T08:00:00
2026-08-28,07,893.3,128,Dados de Utilização do Transporte Municipal/Agosto_2026/Mensal/Mensal_Linhas_202608.html,Agosto_2026,monthly,2026-09-04T08:00:00
2026-08-28,08,416.8,62,Dados de Utilização do Transporte Municipal/Agosto_2026/Mensal/Mensal_Linhas_202608.html,Agosto_2026,monthly,2026-09-04T08:00:00
2026-08-28,10,759.0,122,Dados de Utilização do Transporte Municipal/Agosto_2026/Mensal/Mensal_Linhas_202608.html,Agosto_2026,monthly,2026-09-04T08:00:00
2026-08-29,01,649.5,98,Dados de Utilização do Transporte Municipal/Agosto_2026/Mensal/Mensal_Linhas_202608.html,Agosto_2026,monthly,2026-09-04T08:00:00
2026-08-29,02,1059.6,132,Dados de Utilização do Transporte Municipal/Agosto_2026/Mensal/Mensal_Linhas_202608.html,Agosto_2026,monthly,2026-09-04T08:00:00
2026-08-29,03,1019.7,132,Dados de Utilização do Transporte Municipal/Agosto_2026/Mensal/Mensal_Linhas_202608.html,Agosto_2026,monthly,2026-09-04T08:00:00
2026-08-29,04,854.3,98,Dados de Utilização do Transporte Municipal/Agosto_2026/Mensal/Mensal_Linhas_202608.html,Agosto_2026,monthly,2026-09-04T08:00:00
2026-08-29,05,843.0,97,Dados de Utilização do Transporte Municipal/Agosto_2026/Mensal/Mensal_Linhas_202608.html,Agosto_2026,monthly,2026-09-04T08:00:00
2026-08-29,06,845.5,124,Dados de Utilização do Transporte Municipal/Agosto_2026/Mensal/Mensal_Linhas_202608.html,Agosto_2026,monthly,2026-09-04T08:00:00
2026-08-29,07,738.8,106,Dados de Utilização do Transporte Municipal/Agosto_2026/Mensal/Mensal_Linhas_202608.html,Agosto_2026,monthly,2026-09-04T08:00:00
2026-08-29,08,232.2,35,Dados de Utilização do Transporte Municipal/Agosto_2026/Mensal/Mensal_Linhas_202608.html,Agosto_2026,monthly,2026-09-04T08:00:00
2026-08-29,10,610.0,98,Dados de Utilização do Transporte Municipal/Agosto_2026/Mensal/Mensal_Linhas_202608.html,Agosto_2026,monthly,2026-09-04T08:00:00
2026-08-30,01,502.2,76,Dados de Utilização do Transporte Municipal/Agosto_2026/Mensal/Mensal_Linhas_202608.html,Agosto_2026,monthly,2026-09-04T08:00:00
2026-08-30,02,772.2,96,Dados de Utilização do Transporte Municipal/Agosto_2026/Mensal/Mensal_Linhas_202608.html,Agosto_2026,monthly,2026-09-04T08:00:00
2026-08-30,03,755.2,98,Dados de Utilização do Transporte Municipal/Agosto_2026/Mensal/Mensal_Linhas_202608.html,Agosto_2026,monthly,2026-09-04T08:00:00
2026-08-30,04,663.6,76,Dados de Utilização do Transporte Municipal/Agosto_2026/Mensal/Mensal_Linhas_202608.html,Agosto_2026,monthly,2026-09-04T08:00:00
2026-08-30,05,731.2,84,Dados de Utilização do Transporte Municipal/Agosto_2026/Mensal/Mensal_Linhas_202608.html,Agosto_2026,monthly,2026-09-04T08:00:00
2026-08-30,06,656.4,96,Dados de Utilização do Transporte Municipal/Agosto_2026/Mensal/Mensal_Linhas_202608.html,Agosto_2026,monthly,2026-09-04T08:00:00
2026-08-30,07,473.8,68,Dados de Utilização do Transporte Municipal/Agosto_2026/Mensal/Mensal_Linhas_202608.html,Agosto_2026,monthly,2026-09-04T08:00:00
2026-08-30,08,252.9,38,Dados de Utilização do Transporte Municipal/Agosto_2026/Mensal/Mensal_Linhas_202608.html,Agosto_2026,monthly,2026-09-04T08:00:00
2026-08-30,10,472.4,76,Dados de Utilização do Transporte Municipal/Agosto_2026/Mensal/Mensal_Linhas_202608.html,Agosto_2026,monthly,2026-09-04T08:00:00
2026-08-31,01,808.0,122,Dados de Utilização do Transporte Municipal/Agosto_2026/Mensal/Mensal_Linhas_202608.html,Agosto_2026,monthly,2026-09-04T08:00:00
2026-08-31,02,1803.6,224,Dados de Utilização do Transporte Municipal/Agosto_2026/Mensal/Mensal_Linhas_202608.html,Agosto_2026,monthly,2026-09-04T08:00:00
2026-08-31,03,1732.0,224,Dados de Utilização do Transporte Municipal/Agosto_2026/Mensal/Mensal_Linhas_202608.html,Agosto_2026,monthly,2026-09-04T08:00:00
2026-08-31,04,1029.6,118,Dados de Utilização do Transporte Municipal/Agosto_2026/Mensal/Mensal_Linhas_202608.html,Agosto_2026,monthly,2026-09-04T08:00:00
2026-08-31,05,1029.9,118,Dados de Utilização do Transporte Municipal/Agosto_2026/Mensal/Mensal_Linhas_202608.html,Agosto_2026,monthly,2026-09-04T08:00:00
2026-08-31,06,1107.7,162,Dados de Utilização do Transporte Municipal/Agosto_2026/Mensal/Mensal_Linhas_202608.html,Agosto_2026,monthly,2026-09-04T08:00:00
2026-08-31,07,893.6,128,Dados de Utilização do Transporte Municipal/Agosto_2026/Mensal/Mensal_Linhas_202608.html,Agosto_2026,monthly,2026-09-04T08:00:00
2026-08-31,08,414.9,62,Dados de Utilização do Transporte Municipal/Agosto_2026/Mensal/Mensal_Linhas_202608.html,Agosto_2026,monthly,2026-09-04T08:00:00
2026-08-31,10,759.4,122,Dados de Utilização do Transporte Municipal/Agosto_2026/Mensal/Mensal_Linhas_202608.html,Agosto_2026,monthly,2026-09-04T08:00:00
2026-09-01,01,806.0,122,Dados de Utilização do Transporte Municipal/Setembro_2026/Quinzenal/Quinzenal_Linhas_202609.html,Setembro_2026,fortnightly,2026-09-15T08:00:00
2026-09-01,02,1803.2,224,Dados de Utilização do Transporte Municipal/Setembro_2026/Quinzenal/Quinzenal_Linhas_202609.html,Setembro_2026,fortnightly,2026-09-15T08:00:00
2026-09-01,03,1731.2,224,Dados de Utilização do Transporte Municipal/Setembro_2026/Quinzenal/Quinzenal_Linhas_202609.html,Setembro_2026,fortnightly,2026-09-15T08:00:00
2026-09-01,04,1028.9,118,Dados de Utilização do Transporte Municipal/Setembro_2026/Quinzenal/Quinzenal_Linhas_202609.html,Setembro_2026,fortnightly,2026-09-15T08:00:00
2026-09-01,05,1027.9,118,Dados de Utilização do Transporte Municipal/Setembro_2026/Quinzenal/Quinzenal_Linhas_202609.html,Setembro_2026,fortnightly,2026-09-15T08:00:00
2026-09-01,06,1106.6,162,Dados de Utilização do Transporte Municipal/Setembro_2026/Quinzenal/Quinzenal_Linhas_202609.html,Setembro_2026,fortnightly,2026-09-15T08:00:00
2026-09-01,07,892.5,128,Dados de Utilização do Transporte Municipal/Setembro_2026/Quinzenal/Quinzenal_Linhas_202609.html,Setembro_2026,fortnightly,2026-09-15T08:00:00
2026-09-01,08,413.0,62,Dados de Utilização do Transporte Municipal/Setembro_2026/Quinzenal/Quinzenal_Linhas_202609.html,Setembro_2026,fortnightly,2026-09-15T08:00:00
2026-09-01,10,759.7,122,Dados de Utilização do Transporte Municipal/Setembro_2026/Quinzenal/Quinzenal_Linhas_202609.html,Setembro_2026,fortnightly,2026-09-15T08:00:00
2026-09-02,01,810.5,122,Dados de Utilização do Transporte Municipal/Setembro_2026/Quinzenal/Quinzenal_Linhas_202609.html,Setembro_2026,fortnightly,2026-09-15T08:00:00
2026-09-02,02,1791.4,223,Dados de Utilização do Transporte Municipal/Setembro_2026/Quinzenal/Quinzenal_Linhas_202609.html,Setembro_2026,fortnightly,2026-09-15T08:00:00
2026-09-02,03,1731.6,224,Dados de Utilização do Transporte Municipal/Setembro_2026/Quinzenal/Quinzenal_Linhas_202609.html,Setembro_2026,fortnightly,2026-09-15T08:00:00
2026-09-02,04,1028.8,118,Dados de Utilização do Transporte Municipal/Setembro_2026/Quinzenal/Quinzenal_Linhas_202609.html,Setembro_2026,fortnightly,2026-09-15T08:00:00
2026-09-02,05,1030.9,118,Dados de Utilização do Transporte Municipal/Setembro_2026/Quinzenal/Quinzenal_Linhas_202609.html,Setembro_2026,fortnightly,2026-09-15T08:00:00
2026-09-02,06,1098.9,161,Dados de Utilização do Transporte Municipal/Setembro_2026/Quinzenal/Quinzenal_Linhas_202609.html,Setembro_2026,fortnightly,2026-09-15T08:00:00
2026-09-02,07,889.3,127,Dados de Utilização do Transporte Municipal/Setembro_2026/Quinzenal/Quinzenal_Linhas_202609.html,Setembro_2026,fortnightly,2026-09-15T08:00:00
2026-09-02,08,415.0,62,Dados de Utilização do Transporte Municipal/Setembro_2026/Quinzenal/Quinzenal_Linhas_202609.html,Setembro_2026,fortnightly,2026-09-15T08:00:00
2026-09-02,10,760.0,122,Dados de Utilização do Transporte Municipal/Setembro_2026/Quinzenal/Quinzenal_Linhas_202609.html,Setembro_2026,fortnightly,2026-09-15T08:00:00
2026-09-03,01,810.7,122,Dados de Utilização do Transporte Municipal/Setembro_2026/Quinzenal/Quinzenal_Linhas_202609.html,Setembro_2026,fortnightly,2026-09-15T08:00:00
2026-09-03,02,1794.2,223,Dados de Utilização do Transporte Municipal/Setembro_2026/Quinzenal/Quinzenal_Linhas_202609.html,Setembro_2026,fortnightly,2026-09-15T08:00:00
2026-09-03,03,1729.1,224,Dados de Utilização do Transporte Municipal/Setembro_2026/Quinzenal/Quinzenal_Linhas_202609.html,Setembro_2026,fortnightly,2026-09-15T08:00:00
2026-09-03,04,1029.5,118,Dados de Utilização do Transporte Municipal/Setembro_2026/Quinzenal/Quinzenal_Linhas_202609.html,Setembro_2026,fortnightly,2026-09-15T08:00:00
2026-09-03,05,1030.2,118,Dados de Utilização do Transporte Municipal/Setembro_2026/Quinzenal/Quinzenal_Linhas_202609.html,Setembro_2026,fortnightly,2026-09-15T08:00:00
2026-09-03,06,1106.9,162,Dados de Utilização do Transporte Municipal/Setembro_2026/Quinzenal/Quinzenal_Linhas_202609.html,Setembro_2026,fortnightly,2026-09-15T08:00:00
2026-09-03,07,903.7,128,Dados de Utilização do Transporte Municipal/Setembro_2026/Quinzenal/Quinzenal_Linhas_202609.html,Setembro_2026,fortnightly,2026-09-15T08:00:00
2026-09-03,08,415.2,62,Dados de Utilização do Transporte Municipal/Setembro_2026/Quinzenal/Quinzenal_Linhas_202609.html,Setembro_2026,fortnightly,2026-09-15T08:00:00
2026-09-03,10,759.4,122,Dados de Utilização do Transporte Municipal/Setembro_2026/Quinzenal/Quinzenal_Linhas_202609.html,Setembro_2026,fortnightly,2026-09-15T08:00:00
2026-09-04,01,816.7,122,Dados de Utilização do Transporte Municipal/Setembro_2026/Quinzenal/Quinzenal_Linhas_202609.html,Setembro_2026,fortnightly,2026-09-15T08:00:00
2026-09-04,02,1807.1,224,Dados de Utilização do Transporte Municipal/Setembro_2026/Quinzenal/Quinzenal_Linhas_202609.html,Setembro_2026,fortnightly,2026-09-15T08:00:00
2026-09-04,03,1730.8,224,Dados de Utilização do Transporte Municipal/Setembro_2026/Quinzenal/Quinzenal_Linhas_202609.html,Setembro_2026,fortnightly,2026-09-15T08:00:00
2026-09-04,04,1029.9,118,Dados de Utilização do Transporte Municipal/Setembro_2026/Quinzenal/Quinzenal_Linhas_202609.html,Setembro_2026,fortnightly,2026-09-15T08:00:00
2026-09-04,05,1028.3,118,Dados de Utilização do Transporte Municipal/Setembro_2026/Quinzenal/Quinzenal_Linhas_202609.html,Setembro_2026,fortnightly,2026-09-15T08:00:00
2026-09-04,06,1109.1,162,Dados de Utilização do Transporte Municipal/Setembro_2026/Quinzenal/Quinzenal_Linhas_202609.html,Setembro_2026,fortnightly,2026-09-15T08:00:00
2026-09-04,07,894.4,128,Dados de Utilização do Transporte Municipal/Setembro_2026/Quinzenal/Quinzenal_Linhas_202609.html,Setembro_2026,fortnightly,2026-09-15T08:00:00
2026-09-04,08,414.4,62,Dados de Utilização do Transporte Municipal/Setembro_2026/Quinzenal/Quinzenal_Linhas_202609.html,Setembro_2026,fortnightly,2026-09-15T08:00:00
2026-09-04,10,760.3,122,Dados de Utilização do Transporte Municipal/Setembro_2026/Quinzenal/Quinzenal_Linhas_202609.html,Setembro_2026,fortnightly,2026-09-15T08:00:00
2026-09-05,01,648.9,98,Dados de Utilização do Transporte Municipal/Setembro_2026/Quinzenal/Quinzenal_Linhas_202609.html,Setembro_2026,fortnightly,2026-09-15T08:00:00
2026-09-05,02,1063.5,132,Dados de Utilização do Transporte Municipal/Setembro_2026/Quinzenal/Quinzenal_Linhas_202609.html,Setembro_2026,fortnightly,2026-09-15T08:00:00
2026-09-05,03,1018.4,132,Dados de Utilização do Transporte Municipal/Setembro_2026/Quinzenal/Quinzenal_Linhas_202609.html,Setembro_2026,fortnightly,2026-09-15T08:00:00
2026-09-05,04,855.9,98,Dados de Utilização do Transporte Municipal/Setembro_2026/Quinzenal/Quinzenal_Linhas_202609.html,Setembro_2026,fortnightly,2026-09-15T08:00:00
2026-09-05,05,852.4,98,Dados de Utilização do Transporte Municipal/Setembro_2026/Quinzenal/Quinzenal_Linhas_202609.html,Setembro_2026,fortnightly,2026-09-15T08:00:00
2026-09-05,06,849.0,124,Dados de Utilização do Transporte Municipal/Setembro_2026/Quinzenal/Quinzenal_Linhas_202609.html,Setembro_2026,fortnightly,2026-09-15T08:00:00
2026-09-05,07,739.1,106,Dados de Utilização do Transporte Municipal/Setembro_2026/Quinzenal/Quinzenal_Linhas_202609.html,Setembro_2026,fortnightly,2026-09-15T08:00:00
2026-09-05,08,248.7,38,Dados de Utilização do Transporte Municipal/Setembro_2026/Quinzenal/Quinzenal_Linhas_202609.html,Setembro_2026,fortnightly,2026-09-15T08:00:00
2026-09-05,10,607.2,98,Dados de Utilização do Transporte Municipal/Setembro_2026/Quinzenal/Quinzenal_Linhas_202609.html,Setembro_2026,fortnightly,2026-09-15T08:00:00
2026-09-06,01,505.3,76,Dados de Utilização do Transporte Municipal/Setembro_2026/Quinzenal/Quinzenal_Linhas_202609.html,Setembro_2026,fortnightly,2026-09-15T08:00:00
2026-09-06,02,786.0,98,Dados de Utilização do Transporte Municipal/Setembro_2026/Quinzenal/Quinzenal_Linhas_202609.html,Setembro_2026,fortnightly,2026-09-15T08:00:00
2026-09-06,03,755.4,98,Dados de Utilização do Transporte Municipal/Setembro_2026/Quinzenal/Quinzenal_Linhas_202609.html,Setembro_2026,fortnightly,2026-09-15T08:00:00
2026-09-06,04,662.1,76,Dados de Utilização do Transporte Municipal/Setembro_2026/Quinzenal/Quinzenal_Linhas_202609.html,Setembro_2026,fortnightly,2026-09-15T08:00:00
2026-09-06,05,728.2,84,Dados de Utilização do Transporte Municipal/Setembro_2026/Quinzenal/Quinzenal_Linhas_202609.html,Setembro_2026,fortnightly,2026-09-15T08:00:00
2026-09-06,06,656.5,96,Dados de Utilização do Transporte Municipal/Setembro_2026/Quinzenal/Quinzenal_Linhas_202609.html,Setembro_2026,fortnightly,2026-09-15T08:00:00
2026-09-06,07,473.1,68,Dados de Utilização do Transporte Municipal/Setembro_2026/Quinzenal/Quinzenal_Linhas_202609.html,Setembro_2026,fortnightly,2026-09-15T08:00:00
2026-09-06,08,253.5,38,Dados de Utilização do Transporte Municipal/Setembro_2026/Quinzenal/Quinzenal_Linhas_202609.html,Setembro_2026,fortnightly,2026-09-15T08:00:00
2026-09-06,10,472.2,76,Dados de Utilização do Transporte Municipal/Setembro_2026/Quinzenal/Quinzenal_Linhas_202609.html,Setembro_2026,fortnightly,2026-09-15T08:00:00
2026-09-07,01,503.1,76,Dados de Utilização do Transporte Municipal/Setembro_2026/Quinzenal/Quinzenal_Linhas_202609.html,Setembro_2026,fortnightly,2026-09-15T08:00:00
2026-09-07,02,789.8,98,Dados de Utilização do Transporte Municipal/Setembro_2026/Quinzenal/Quinzenal_Linhas_202609.html,Setembro_2026,fortnightly,2026-09-15T08:00:00
2026-09-07,03,756.6,98,Dados de Utilização do Transporte Municipal/Setembro_2026/Quinzenal/Quinzenal_Linhas_202609.html,Setembro_2026,fortnightly,2026-09-15T08:00:00
2026-09-07,04,661.7,76,Dados de Utilização do Transporte Municipal/Setembro_2026/Quinzenal/Quinzenal_Linhas_202609.html,Setembro_2026,fortnightly,2026-09-15T08:00:00
2026-09-07,05,728.9,84,Dados de Utilização do Transporte Municipal/Setembro_2026/Quinzenal/Quinzenal_Linhas_202609.html,Setembro_2026,fortnightly,2026-09-15T08:00:00
2026-09-07,06,657.8,96,Dados de Utilização do Transporte Municipal/Setembro_2026/Quinzenal/Quinzenal_Linhas_202609.html,Setembro_2026,fortnightly,2026-09-15T08:00:00
2026-09-07,07,473.4,68,Dados de Utilização do Transporte Municipal/Setembro_2026/Quinzenal/Quinzenal_Linhas_202609.html,Setembro_2026,fortnightly,2026-09-15T08:00:00
2026-09-07,08,240.5,38,Dados de Utilização do Transporte Municipal/Setembro_2026/Quinzenal/Quinzenal_Linhas_202609.html,Setembro_2026,fortnightly,2026-09-15T08:00:00
2026-09-07,10,473.5,76,Dados de Utilização do Transporte Municipal/Setembro_2026/Quinzenal/Quinzenal_Linhas_202609.html,Setembro_2026,fortnightly,2026-09-15T08:00:00
2026-09-08,01,806.8,122,Dados de Utilização do Transporte Municipal/Setembro_2026/Quinzenal/Quinzenal_Linhas_202609.html,Setembro_2026,fortnightly,2026-09-15T08:00:00
2026-09-08,02,1797.9,224,Dados de Utilização do Transporte Municipal/Setembro_2026/Quinzenal/Quinzenal_Linhas_202609.html,Setembro_2026,fortnightly,2026-09-15T08:00:00
2026-09-08,03,1729.6,224,Dados de Utilização do Transporte Municipal/Setembro_2026/Quinzenal/Quinzenal_Linhas_202609.html,Setembro_2026,fortnightly,2026-09-15T08:00:00
2026-09-08,04,1028.8,118,Dados de Utilização do Transporte Municipal/Setembro_2026/Quinzenal/Quinzenal_Linhas_202609.html,Setembro_2026,fortnightly,2026-09-15T08:00:00
2026-09-08,05,1028.1,118,Dados de Utilização do Transporte Municipal/Setembro_2026/Quinzenal/Quinzenal_Linhas_202609.html,Setembro_2026,fortnightly,2026-09-15T08:00:00
2026-09-08,06,1106.9,162,Dados de Utilização do Transporte Municipal/Setembro_2026/Quinzenal/Quinzenal_Linhas_202609.html,Setembro_2026,fortnightly,2026-09-15T08:00:00
2026-09-08,07,893.6,128,Dados de Utilização do Transporte Municipal/Setembro_2026/Quinzenal/Quinzenal_Linhas_202609.html,Setembro_2026,fortnightly,2026-09-15T08:00:00
2026-09-08,08,415.2,62,Dados de Utilização do Transporte Municipal/Setembro_2026/Quinzenal/Quinzenal_Linhas_202609.html,Setembro_2026,fortnightly,2026-09-15T08:00:00
2026-09-08,10,758.3,122,Dados de Utilização do Transporte Municipal/Setembro_2026/Quinzenal/Quinzenal_Linhas_202609.html,Setembro_2026,fortnightly,2026-09-15T08:00:00
2026-09-09,01,810.4,122,Dados de Utilização do Transporte Municipal/Setembro_2026/Quinzenal/Quinzenal_Linhas_202609.html,Setembro_2026,fortnightly,2026-09-15T08:00:00
2026-09-09,02,1802.1,224,Dados de Utilização do Transporte Municipal/Setembro_2026/Quinzenal/Quinzenal_Linhas_202609.html,Setembro_2026,fortnightly,2026-09-15T08:00:00
2026-09-09,03,1731.4,224,Dados de Utilização do Transporte Municipal/Setembro_2026/Quinzenal/Quinzenal_Linhas_202609.html,Setembro_2026,fortnightly,2026-09-15T08:00:00
2026-09-09,04,1029.9,118,Dados de Utilização do Transporte Municipal/Setembro_2026/Quinzenal/Quinzenal_Linhas_202609.html,Setembro_2026,fortnightly,2026-09-15T08:00:00
2026-09-09,05,1030.2,118,Dados de Utilização do Transporte Municipal/Setembro_2026/Quinzenal/Quinzenal_Linhas_202609.html,Setembro_2026,fortnightly,2026-09-15T08:00:00
2026-09-09,06,1107.5,162,Dados de Utilização do Transporte Municipal/Setembro_2026/Quinzenal/Quinzenal_Linhas_202609.html,Setembro_2026,fortnightly,2026-09-15T08:00:00
2026-09-09,07,895.6,128,Dados de Utilização do Transporte Municipal/Setembro_2026/Quinzenal/Quinzenal_Linhas_202609.html,Setembro_2026,fortnightly,2026-09-15T08:00:00
2026-09-09,08,415.3,62,Dados de Utilização do Transporte Municipal/Setembro_2026/Quinzenal/Quinzenal_Linhas_202609.html,Setembro_2026,fortnightly,2026-09-15T08:00:00
2026-09-09,10,758.9,122,Dados de Utilização do Transporte Municipal/Setembro_2026/Quinzenal/Quinzenal_Linhas_202609.html,Setembro_2026,fortnightly,2026-09-15T08:00:00
2026-09-10,01,811.3,122,Dados de Utilização do Transporte Municipal/Setembro_2026/Quinzenal/Quinzenal_Linhas_202609.html,Setembro_2026,fortnightly,2026-09-15T08:00:00
2026-09-10,02,1804.7,224,Dados de Utilização do Transporte Municipal/Setembro_2026/Quinzenal/Quinzenal_Linhas_202609.html,Setembro_2026,fortnightly,2026-09-15T08:00:00
2026-09-10,03,1721.5,223,Dados de Utilização do Transporte Municipal/Setembro_2026/Quinzenal/Quinzenal_Linhas_202609.html,Setembro_2026,fortnightly,2026-09-15T08:00:00
2026-09-10,04,1032.1,118,Dados de Utilização do Transporte Municipal/Setembro_2026/Quinzenal/Quinzenal_Linhas_202609.html,Setembro_2026,fortnightly,2026-09-15T08:00:00
2026-09-10,05,1026.8,118,Dados de Utilização do Transporte Municipal/Setembro_2026/Quinzenal/Quinzenal_Linhas_202609.html,Setembro_2026,fortnightly,2026-09-15T08:00:00
2026-09-10,06,1089.8,160,Dados de Utilização do Transporte Municipal/Setembro_2026/Quinzenal/Quinzenal_Linhas_202609.html,Setembro_2026,fortnightly,2026-09-15T08:00:00
2026-09-10,07,903.5,128,Dados de Utilização do Transporte Municipal/Setembro_2026/Quinzenal/Quinzenal_Linhas_202609.html,Setembro_2026,fortnightly,2026-09-15T08:00:00
2026-09-10,08,414.1,62,Dados de Utilização do Transporte Municipal/Setembro_2026/Quinzenal/Quinzenal_Linhas_202609.html,Setembro_2026,fortnightly,2026-09-15T08:00:00
2026-09-10,10,760.2,122,Dados de Utilização do Transporte Municipal/Setembro_2026/Quinzenal/Quinzenal_Linhas_202609.html,Setembro_2026,fortnightly,2026-09-15T08:00:00
2026-09-11,01,808.5,122,Dados de Utilização do Transporte Municipal/Setembro_2026/Quinzenal/Quinzenal_Linhas_202609.html,Setembro_2026,fortnightly,2026-09-15T08:00:00
2026-09-11,02,1798.6,224,Dados de Utilização do Transporte Municipal/Setembro_2026/Quinzenal/Quinzenal_Linhas_202609.html,Setembro_2026,fortnightly,2026-09-15T08:00:00
2026-09-11,03,1712.0,222,Dados de Utilização do Transporte Municipal/Setembro_2026/Quinzenal/Quinzenal_Linhas_202609.html,Setembro_2026,fortnightly,2026-09-15T08:00:00
2026-09-11,04,1030.4,118,Dados de Utilização do Transporte Municipal/Setembro_2026/Quinzenal/Quinzenal_Linhas_202609.html,Setembro_2026,fortnightly,2026-09-15T08:00:00
2026-09-11,05,1028.5,118,Dados de Utilização do Transporte Municipal/Setembro_2026/Quinzenal/Quinzenal_Linhas_202609.html,Setembro_2026,fortnightly,2026-09-15T08:00:00
2026-09-11,06,1108.8,162,Dados de Utilização do Transporte Municipal/Setembro_2026/Quinzenal/Quinzenal_Linhas_202609.html,Setembro_2026,fortnightly,2026-09-15T08:00:00
2026-09-11,07,898.0,128,Dados de Utilização do Transporte Municipal/Setembro_2026/Quinzenal/Quinzenal_Linhas_202609.html,Setembro_2026,fortnightly,2026-09-15T08:00:00
2026-09-11,08,414.7,62,Dados de Utilização do Transporte Municipal/Setembro_2026/Quinzenal/Quinzenal_Linhas_202609.html,Setembro_2026,fortnightly,2026-09-15T08:00:00
2026-09-11,10,759.7,122,Dados de Utilização do Transporte Municipal/Setembro_2026/Quinzenal/Quinzenal_Linhas_202609.html,Setembro_2026,fortnightly,2026-09-15T08:00:00
2026-09-12,01,647.9,98,Dados de Utilização do Transporte Municipal/Setembro_2026/Quinzenal/Quinzenal_Linhas_202609.html,Setembro_2026,fortnightly,2026-09-15T08:00:00
2026-09-12,02,1063.8,132,Dados de Utilização do Transporte Municipal/Setembro_2026/Quinzenal/Quinzenal_Linhas_202609.html,Setembro_2026,fortnightly,2026-09-15T08:00:00
2026-09-12,03,1018.0,132,Dados de Utilização do Transporte Municipal/Setembro_2026/Quinzenal/Quinzenal_Linhas_202609.html,Setembro_2026,fortnightly,2026-09-15T08:00:00
2026-09-12,04,853.3,98,Dados de Utilização do Transporte Municipal/Setembro_2026/Quinzenal/Quinzenal_Linhas_202609.html,Setembro_2026,fortnightly,2026-09-15T08:00:00
2026-09-12,05,853.2,98,Dados de Utilização do Transporte Municipal/Setembro_2026/Quinzenal/Quinzenal_Linhas_202609.html,Setembro_2026,fortnightly,2026-09-15T08:00:00
2026-09-12,06,848.9,124,Dados de Utilização do Transporte Municipal/Setembro_2026/Quinzenal/Quinzenal_Linhas_202609.html,Setembro_2026,fortnightly,2026-09-15T08:00:00
2026-09-12,07,739.7,106,Dados de Utilização do Transporte Municipal/Setembro_2026/Quinzenal/Quinzenal_Linhas_202609.html,Setembro_2026,fortnightly,2026-09-15T08:00:00
2026-09-12,08,255.1,38,Dados de Utilização do Transporte Municipal/Setembro_2026/Quinzenal/Quinzenal_Linhas_202609.html,Setembro_2026,fortnightly,2026-09-15T08:00:00
2026-09-12,10,614.3,98,Dados de Utilização do Transporte Municipal/Setembro_2026/Quinzenal/Quinzenal_Linhas_202609.html,Setembro_2026,fortnightly,2026-09-15T08:00:00
2026-09-13,01,503.5,76,Dados de Utilização do Transporte Municipal/Setembro_2026/Quinzenal/Quinzenal_Linhas_202609.html,Setembro_2026,fortnightly,2026-09-15T08:00:00
2026-09-13,02,787.8,98,Dados de Utilização do Transporte Municipal/Setembro_2026/Quinzenal/Quinzenal_Linhas_202609.html,Setembro_2026,fortnightly,2026-09-15T08:00:00
2026-09-13,03,756.6,98,Dados de Utilização do Transporte Municipal/Setembro_2026/Quinzenal/Quinzenal_Linhas_202609.html,Setembro_2026,fortnightly,2026-09-15T08:00:00
2026-09-13,04,661.7,76,Dados de Utilização do Transporte Municipal/Setembro_2026/Quinzenal/Quinzenal_Linhas_202609.html,Setembro_2026,fortnightly,2026-09-15T08:00:00
2026-09-13,05,731.3,84,Dados de Utilização do Transporte Municipal/Setembro_2026/Quinzenal/Quinzenal_Linhas_202609.html,Setembro_2026,fortnightly,2026-09-15T08:00:00
2026-09-13,06,658.4,96,Dados de Utilização do Transporte Municipal/Setembro_2026/Quinzenal/Quinzenal_Linhas_202609.html,Setembro_2026,fortnightly,2026-09-15T08:00:00
2026-09-13,07,471.3,68,Dados de Utilização do Transporte Municipal/Setembro_2026/Quinzenal/Quinzenal_Linhas_202609.html,Setembro_2026,fortnightly,2026-09-15T08:00:00
2026-09-13,08,253.7,38,Dados de Utilização do Transporte Municipal/Setembro_2026/Quinzenal/Quinzenal_Linhas_202609.html,Setembro_2026,fortnightly,2026-09-15T08:00:00
2026-09-13,10,472.9,76,Dados de Utilização do Transporte Municipal/Setembro_2026/Quinzenal/Quinzenal_Linhas_202609.html,Setembro_2026,fortnightly,2026-09-15T08:00:00
2026-09-14,01,808.3,122,Dados de Utilização do Transporte Municipal/Setembro_2026/Quinzenal/Quinzenal_Linhas_202609.html,Setembro_2026,fortnightly,2026-09-15T08:00:00
2026-09-14,02,1802.6,224,Dados de Utilização do Transporte Municipal/Setembro_2026/Quinzenal/Quinzenal_Linhas_202609.html,Setembro_2026,fortnightly,2026-09-15T08:00:00
2026-09-14,03,1730.4,224,Dados de Utilização do Transporte Municipal/Setembro_2026/Quinzenal/Quinzenal_Linhas_202609.html,Setembro_2026,fortnightly,2026-09-15T08:00:00
2026-09-14,04,1031.1,118,Dados de Utilização do Transporte Municipal/Setembro_2026/Quinzenal/Quinzenal_Linhas_202609.html,Setembro_2026,fortnightly,2026-09-15T08:00:00
2026-09-14,05,1029.7,118,Dados de Utilização do Transporte Municipal/Setembro_2026/Quinzenal/Quinzenal_Linhas_202609.html,Setembro_2026,fortnightly,2026-09-15T08:00:00
2026-09-14,06,1108.4,162,Dados de Utilização do Transporte Municipal/Setembro_2026/Quinzenal/Quinzenal_Linhas_202609.html,Setembro_2026,fortnightly,2026-09-15T08:00:00
2026-09-14,07,891.9,128,Dados de Utilização do Transporte Municipal/Setembro_2026/Quinzenal/Quinzenal_Linhas_202609.html,Setembro_2026,fortnightly,2026-09-15T08:00:00
2026-09-14,08,414.7,62,Dados de Utilização do Transporte Municipal/Setembro_2026/Quinzenal/Quinzenal_Linhas_202609.html,Setembro_2026,fortnightly,2026-09-15T08:00:00
2026-09-14,10,761.4,122,Dados de Utilização do Transporte Municipal/Setembro_2026/Quinzenal/Quinzenal_Linhas_202609.html,Setembro_2026,fortnightly,2026-09-15T08:00:00
